area,pre,shock,post,class
AD.06,-15.38461538461539,230.76923076923077,34.18803418803419,Relative persistent improvement
AE.AJ,31.16370808678501,41.42011834319526,78.89546351084813,Relative persistent improvement
AE.AZ,33.455271034253414,39.8237445959428,65.34752244762221,Relative persistent improvement
AE.DU,31.636116768499665,22.572980312287847,69.35958361620276,"Temporary decline, rebounded"
AE.RK,43.1924882629108,2.3474178403755843,101.72143974960876,"Temporary decline, rebounded"
AE.SH,14.2433234421365,25.222551928783382,32.245301681503456,Relative persistent improvement
AF.HER,86.66666666666667,-206.66666666666669,13.333333333333334,Relative persistent decline
AF.KAB,15.10673234811166,6.568144499178981,-0.5473453749315821,Relative persistent decline
AF.KAN,11.76470588235294,-44.11764705882353,29.41176470588235,"Temporary decline, rebounded"
AF.NAN,39.02439024390244,12.195121951219512,105.69105691056912,"Temporary decline, rebounded"
AG.04,27.02702702702703,114.86486486486487,31.531531531531527,Relative persistent improvement
AG.06,54.166666666666664,138.02083333333334,265.625,Relative persistent improvement
AL.02,0.0,29.411764705882355,-4.524886877828054,Improvement then reversal
AL.03,4.395604395604396,-16.483516483516482,32.96703296703297,"Temporary decline, rebounded"
AL.06,-29.090909090909086,-18.18181818181818,-6.06060606060606,Relative persistent improvement
AL.10,-5.333333333333333,0.0,17.77777777777778,Relative persistent improvement
AL.11,-6.866537717601548,-9.912959381044487,4.352030947775629,"Temporary decline, rebounded"
AL.12,3.7037037037037033,-27.777777777777775,-21.604938271604937,Relative persistent decline
AM.AG,-24.657534246575345,-10.273972602739725,-11.415525114155251,Relative persistent improvement
AM.ER,-9.430569430569431,47.05294705294705,-4.795204795204796,Relative persistent improvement
AO.LUA,-20.178041543026705,22.255192878338278,-19.782393669634025,Relative persistent improvement
AR.A,3.53356890459364,-21.20141342756184,2.3557126030624267,Relative persistent decline
AR.B,-7.948941108210038,-5.947200464171743,-6.414595622602586,Relative persistent improvement
AR.C,-2.2973144966272114,-6.49102710958381,-19.494293835645497,Relative persistent decline
AR.D,-6.690140845070422,1.76056338028169,24.061032863849764,Relative persistent improvement
AR.E,1.8779342723004704,2.347417840375587,7.82472613458529,Relative persistent improvement
AR.F,49.46236559139785,10.752688172043008,57.34767025089605,"Temporary decline, rebounded"
AR.G,7.920792079207921,-2.475247524752474,54.45544554455446,"Temporary decline, rebounded"
AR.H,21.81818181818182,27.27272727272727,30.3030303030303,Relative persistent improvement
AR.J,-5.665722379603399,-12.747875354107647,14.636449480642113,"Temporary decline, rebounded"
AR.K,7.105427357601002e-16,28.30188679245283,18.867924528301884,Relative persistent improvement
AR.L,16.877637130801684,-34.810126582278485,0.7032348804500709,Relative persistent decline
AR.M,9.022556390977444,-6.015037593984962,-3.2581453634085213,Relative persistent decline
AR.N,20.985010706638114,16.059957173447536,9.992862241256246,Relative persistent decline
AR.P,-34.48275862068966,-45.97701149425287,38.314176245210724,"Temporary decline, rebounded"
AR.Q,-1.403508771929824,-19.29824561403509,18.128654970760234,"Temporary decline, rebounded"
AR.R,9.425625920471282,1.472754050073637,22.582228767795783,"Temporary decline, rebounded"
AR.S,7.358538442019793,7.866023851814261,13.27920155628859,Relative persistent improvement
AR.T,-5.741626794258374,-5.468215994531784,0.2278423331054912,Relative persistent improvement
AR.U,9.457092819614711,7.88091068301226,6.42148277875073,Relative persistent decline
AR.V,74.72527472527472,49.45054945054946,36.630036630036635,Relative persistent decline
AR.W,-1.5238095238095242,6.666666666666667,-1.2698412698412704,Relative persistent improvement
AR.X,3.0351722906623815,-11.158721656846993,2.618580015473428,Relative persistent decline
AR.Y,22.885572139303484,-4.975124378109452,11.60862354892206,Relative persistent decline
AR.Z,-4.790419161676645,38.92215568862275,-15.96806387225549,Improvement then reversal
AS.E,0.0,11.111111111111121,185.1851851851852,Relative persistent improvement
AT.1,29.090909090909086,36.36363636363636,12.12121212121212,Improvement then reversal
AT.2,9.903381642512077,3.6231884057971016,14.895330112721417,"Temporary decline, rebounded"
AT.3,41.53288451579492,44.01864319005696,55.92957017089591,Relative persistent improvement
AT.4,6.329549363605091,28.035775713794287,12.269235179451899,Relative persistent improvement
AT.5,8.212360016590626,6.221484861053505,-4.147656574035669,Relative persistent decline
AT.6,-1.3681159420289855,-0.5797101449275361,0.5024154589371981,Relative persistent improvement
AT.7,-2.5693035835023665,0.5070993914807302,3.9441063781834576,Relative persistent improvement
AT.8,5.099150141643059,16.997167138810198,64.21152030217186,Relative persistent improvement
AT.9,-3.915776717412709,-6.89237294554268,1.098235249564493,"Temporary decline, rebounded"
AU.ACT,-23.811196178970288,-20.40457961649224,-11.3553885415935,Relative persistent improvement
AU.NSW,4.016333836773508,-5.2674759001323865,-4.456377841173948,Relative persistent decline
AU.NT,18.296089385474865,2.7932960893854757,9.776536312849162,Relative persistent decline
AU.QLD,7.426558510810199,-2.9408913162912453,-1.7020543149231384,Relative persistent decline
AU.SA,12.157079646017698,-51.88053097345134,-26.493362831858406,Relative persistent decline
AU.TAS,7.609921082299889,-9.019165727170236,-4.321683577602404,Relative persistent decline
AU.VIC,8.348039896095656,3.8964129206242193,3.741085179089582,Relative persistent decline
AU.WA,5.094012535004667,-2.5003333777837042,9.134551273503133,"Temporary decline, rebounded"
AZ.ABS,11.428571428571427,-100.0,66.66666666666667,"Temporary decline, rebounded"
AZ.BA,-16.841056302939712,-4.857997010463378,-1.0795548912140835,Relative persistent improvement
AZ.GA,8.51063829787234,31.914893617021274,60.28368794326241,Relative persistent improvement
AZ.NX,12.76595744680851,21.27659574468085,184.39716312056737,Relative persistent improvement
AZ.SM,0.0,20.833333333333332,131.94444444444446,Relative persistent improvement
AZ.SMI,38.09523809523809,47.61904761904761,95.23809523809524,Relative persistent improvement
BA.BIH,0.5956471935853379,-4.4673539518900345,-1.5273004963726613,Relative persistent decline
BA.SRP,15.803452855245684,1.3280212483399736,-3.541389995573262,Relative persistent decline
BB.08,-18.691588785046726,52.95950155763239,5.192107995846317,Relative persistent improvement
BD.A,16.355140186915886,21.028037383177573,-4.672897196261682,Improvement then reversal
BD.B,-2.4454148471615724,-2.328966521106259,-3.2993692382338673,Improvement then reversal
BD.C,-4.587072794850875,-7.524249841356179,-8.037953645786118,Relative persistent decline
BD.D,-8.808988764044944,-9.213483146067416,-37.60299625468165,Relative persistent decline
BD.E,3.0914555603263203,-17.604121940747103,-23.901531415485902,Relative persistent decline
BD.F,16.62125340599455,49.04632152588556,22.706630336058126,Relative persistent improvement
BD.G,0.5602240896358552,8.403361344537817,7.002801120448178,Relative persistent improvement
BD.H,-6.391848077813803,-15.516442797591477,-38.5981164119191,Relative persistent decline
BE.BRU,-7.080063720573486,0.6195055755501798,1.435679587782957,Relative persistent improvement
BE.VLG,-3.2074167914315326,3.714154094207071,-3.4166378747744637,Improvement then reversal
BE.WAL,-7.699852869053457,-7.520026156612719,-8.718870906217644,Improvement then reversal
BF.01,-27.27272727272727,-56.81818181818181,-15.15151515151515,"Temporary decline, rebounded"
BF.03,-5.826836274107509,6.3602790315962245,0.9574613595951305,Relative persistent improvement
BF.06,43.63636363636363,90.9090909090909,96.96969696969695,Relative persistent improvement
BF.09,4.9689440993788825,-2.070393374741201,21.394064872325742,"Temporary decline, rebounded"
BG.01,-13.114754098360658,-24.59016393442623,46.448087431693985,"Temporary decline, rebounded"
BG.02,8.13953488372093,-8.720930232558139,7.751937984496124,Relative persistent decline
BG.03,-6.4412238325281805,-3.6231884057971016,-7.514761137949544,Improvement then reversal
BG.04,8.333333333333334,-18.229166666666668,1.73611111111111,Relative persistent decline
BG.07,-2.5641025641025634,-12.82051282051282,21.367521367521366,"Temporary decline, rebounded"
BG.15,0.0,24.173027989821882,-24.597116200169634,Improvement then reversal
BG.16,-1.5081206496519721,-5.510440835266822,-3.0935808197989174,Relative persistent decline
BG.18,5.529953917050691,9.216589861751151,7.680491551459293,Relative persistent improvement
BG.22,-8.587497296128054,-7.733073761626649,11.031797534068787,Relative persistent improvement
BG.23,-55.17241379310345,137.9310344827586,-137.9310344827586,Improvement then reversal
BG.24,12.121212121212121,-10.101010101010102,8.417508417508419,Relative persistent decline
BG.27,-1.4598540145985404,10.94890510948905,12.1654501216545,Relative persistent improvement
BH.13,8.185840707964601,12.168141592920353,-1.1061946902654867,Improvement then reversal
BH.14,-13.488372093023258,38.37209302325582,-13.178294573643408,Relative persistent improvement
BH.15,30.821917808219176,90.75342465753424,35.38812785388128,Relative persistent improvement
BH.17,-7.407407407407414,-148.14814814814815,-135.80246913580245,Relative persistent decline
BI.BM,-4.436229205175601,-42.513863216266174,-17.868145409735057,Relative persistent decline
BJ.AQ,82.92682926829268,189.02439024390242,-8.130081300813009,Improvement then reversal
BJ.BO,17.114914425427873,12.224938875305622,-8.964955175224123,Relative persistent decline
BJ.LI,-2.1706586826347305,-8.046407185628743,-17.964071856287422,Relative persistent decline
BJ.OU,-29.032258064516128,-64.51612903225806,-5.376344086021505,"Temporary decline, rebounded"
BJ.PL,38.888888888888886,125.0,18.51851851851852,Improvement then reversal
BM.GC,-58.82352941176471,-44.11764705882353,-19.6078431372549,Relative persistent improvement
BM.HC,62.5,46.875,-93.75,Relative persistent decline
BN.BM,13.689095127610207,30.74245939675174,29.00232018561485,Relative persistent improvement
BO.C,-13.071895424836601,15.25054466230937,15.976761074800294,Relative persistent improvement
BO.H,25.149700598802394,-8.982035928143713,37.92415169660679,"Temporary decline, rebounded"
BO.L,-7.9870480302212625,-15.110631408526714,-24.10505486598309,Relative persistent decline
BO.S,-3.759398496240601,-37.59398496240601,51.37844611528822,"Temporary decline, rebounded"
BR.AC,16.93121693121693,9.700176366843033,5.878894767783656,Relative persistent decline
BR.AL,10.856691669956573,-2.9609159099881563,14.73878141860771,"Temporary decline, rebounded"
BR.AM,4.729835552075176,13.625685199686767,19.42051683633516,Relative persistent improvement
BR.AP,17.126546146527115,15.22359657469077,12.686330478908976,Relative persistent decline
BR.BA,4.926945293917771,2.038735983690112,2.3218937592026276,Relative persistent decline
BR.CE,2.531791907514451,-6.15606936416185,1.6184971098265895,Relative persistent decline
BR.DF,-5.416576027844246,-5.791820752664782,-3.0635921978101663,"Temporary decline, rebounded"
BR.ES,5.966910767561703,2.1019799294819634,7.594250067805803,"Temporary decline, rebounded"
BR.GO,7.206737865763654,-7.467222366935834,3.386298515238343,Relative persistent decline
BR.MA,15.340807972948923,5.96191493148247,11.389927033279944,Relative persistent decline
BR.MG,-1.3820300564891463,-5.888727040181902,-1.9244206013666343,Relative persistent decline
BR.MS,16.9811320754717,-0.47969299648225094,15.083679778275238,Relative persistent decline
BR.MT,11.90077103586993,0.5028494803888703,3.4082020337467873,Relative persistent decline
BR.PA,8.878639377342173,4.432113000864803,4.420101854520995,Relative persistent decline
BR.PB,-5.239110569600975,-7.081937252512946,-9.544116153924257,Relative persistent decline
BR.PE,3.7389066848710812,5.014966129286352,3.710899893224107,Improvement then reversal
BR.PI,5.818673883626523,-3.974966170500676,5.130807397383852,Relative persistent decline
BR.PR,1.0140875952420108,-3.206709422792304,-2.1834859032688336,Relative persistent decline
BR.RJ,-4.581950540627342,-2.5693180601648646,-3.199752584186799,Relative persistent improvement
BR.RN,3.622760385902737,-1.3782240598543019,-2.592373826868806,Relative persistent decline
BR.RO,21.420765027322403,36.885245901639344,14.93624772313297,Improvement then reversal
BR.RR,20.21276595744681,10.638297872340425,24.468085106382976,"Temporary decline, rebounded"
BR.RS,-7.752293577981651,-11.676396997497914,-9.535724214623297,Relative persistent decline
BR.SC,3.7897136344208575,0.33243102056323304,1.1081034018774438,Relative persistent decline
BR.SE,3.828623518687329,-6.83682771194166,-15.901954826293933,Relative persistent decline
BR.SP,-4.994310668265831,-2.3603038410677493,-0.709885085750018,Relative persistent improvement
BR.TO,14.491682070240296,14.417744916820702,15.65003080714726,"Temporary decline, rebounded"
BS.NP,2.6666666666666656,20.0,4.444444444444445,Relative persistent improvement
BT.15,7.130124777183601,25.846702317290553,-22.5787284610814,Improvement then reversal
BW.CE,57.992565055762086,26.02230483271375,8.674101610904584,Relative persistent decline
BW.GA,-7.951070336391437,-9.938837920489297,19.877675840978593,"Temporary decline, rebounded"
BW.LO,33.33333333333333,55.55555555555556,37.03703703703703,Relative persistent improvement
BW.NW,-14.285714285714288,178.57142857142858,-130.95238095238093,Improvement then reversal
BY.BR,2.469135802469135,9.25925925925926,6.172839506172839,Relative persistent improvement
BY.HM,-8.305885722468853,-14.248890161821567,-3.0073034512387227,"Temporary decline, rebounded"
BY.HO,-17.16514954486346,-11.703511053315994,-9.969657563935847,Relative persistent improvement
BY.HR,8.521303258145362,1.2531328320802007,-1.670843776106934,Relative persistent decline
BY.MA,-5.166051660516605,-18.45018450184502,-20.91020910209102,Relative persistent decline
BY.MI,16.216216216216218,54.05405405405405,-36.03603603603603,Improvement then reversal
BY.VI,-7.722007722007722,-5.7915057915057915,-8.365508365508367,Improvement then reversal
BZ.BZ,16.666666666666664,-52.08333333333333,34.72222222222222,"Temporary decline, rebounded"
BZ.CY,-24.24242424242424,-22.727272727272727,15.15151515151515,Relative persistent improvement
CA.AB,-2.6694661067786445,-8.960707858428314,-14.509598080383924,Relative persistent decline
CA.BC,-1.433985455290382,-0.8194202601659326,4.6433814742736175,Relative persistent improvement
CA.MB,-13.150147203140335,-15.841861769241552,-12.757605495583904,"Temporary decline, rebounded"
CA.NB,-9.554920375663537,8.779093507554103,3.130529467809991,Relative persistent improvement
CA.NL,2.198557196839574,-5.496392992098935,-19.35188365968167,Relative persistent decline
CA.NS,-2.5124160093485237,-0.4382120946538125,3.1648651280553115,Relative persistent improvement
CA.NT,22.608695652173914,39.130434782608695,40.57971014492754,Relative persistent improvement
CA.NU,-5.333333333333334,33.333333333333336,-1.1842378929335002e-15,Relative persistent improvement
CA.ON,-3.9226403578293385,-5.570586574112032,-5.4810077766542475,Relative persistent decline
CA.PE,5.8027079303675055,3.868471953578336,25.145067698259187,"Temporary decline, rebounded"
CA.QC,-5.603322220272562,-0.29244896765514417,1.130802674933224,Relative persistent improvement
CA.SK,-0.0650300764103399,2.2760526743618925,-12.08475586625481,Improvement then reversal
CA.YT,66.66666666666666,-50.505050505050505,57.23905723905724,Relative persistent decline
CD.HK,10.077519379844961,14.534883720930232,-0.6459948320413437,Improvement then reversal
CD.KE,11.428571428571427,14.285714285714285,9.523809523809524,Improvement then reversal
CD.KN,7.549430796884361,8.088675853804673,12.98182544437787,Relative persistent improvement
CD.NK,-13.138686131386862,-14.598540145985398,-41.36253041362531,Relative persistent decline
CD.SK,13.937282229965158,12.195121951219512,38.32752613240418,"Temporary decline, rebounded"
CD.TO,2.061855670103094,2.5773195876288657,-13.745704467353951,Improvement then reversal
CF.BGF,6.113537117903929,26.200873362445414,24.745269286754006,Relative persistent improvement
CG.BZV,14.840379637618636,16.39344262295082,19.269485188380788,Relative persistent improvement
CH.AG,10.033222591362126,3.98671096345515,3.1007751937984493,Relative persistent decline
CH.BE,7.1196754563894515,13.995943204868155,17.24137931034483,Relative persistent improvement
CH.BL,14.109347442680775,6.172839506172839,16.166960611405056,"Temporary decline, rebounded"
CH.BS,7.355794672781795,16.008114305874052,8.761098371258894,Relative persistent improvement
CH.FR,10.718232044198896,4.143646408839779,16.94290976058932,"Temporary decline, rebounded"
CH.GE,-5.143705006319723,6.099906578007364,26.084885787034494,Relative persistent improvement
CH.GR,12.826603325415679,36.81710213776722,41.17181314330958,Relative persistent improvement
CH.JU,29.389788293897887,15.566625155666252,25.736820257368205,Relative persistent decline
CH.LU,30.80110497237569,44.889502762430936,41.896869244935544,Relative persistent improvement
CH.NE,-8.9171974522293,3.1847133757961776,11.222323324234154,Relative persistent improvement
CH.SG,3.7943696450428397,25.39779681762546,12.443900448796407,Relative persistent improvement
CH.SH,2.247191011235955,67.41573033707866,56.179775280898866,Relative persistent improvement
CH.SO,37.28813559322034,-19.774011299435024,16.949152542372882,Relative persistent decline
CH.SZ,99.99999999999999,11.36363636363636,30.3030303030303,Relative persistent decline
CH.TG,25.783972125435536,45.29616724738676,62.717770034843205,Relative persistent improvement
CH.TI,23.03030303030303,14.646464646464645,25.084175084175087,"Temporary decline, rebounded"
CH.VD,1.1520909702999924,3.3290940375551727,2.0697738211017183,Relative persistent improvement
CH.VS,46.666666666666664,22.222222222222225,41.97530864197531,Relative persistent decline
CH.ZG,43.373493975903614,-103.27022375215147,37.86574870912221,Relative persistent decline
CH.ZH,7.538197692547553,11.050046772684752,3.105186571042512,Improvement then reversal
CI.AB,-5.182072829131653,-9.570494864612511,-7.936507936507937,Relative persistent decline
CI.LC,-4.608294930875576,11.520737327188941,33.794162826420894,Relative persistent improvement
CI.SM,50.13623978201635,46.321525885558586,24.52316076294278,Relative persistent decline
CI.SV,75.98253275109171,50.21834061135371,50.94614264919942,Relative persistent decline
CI.VB,35.61643835616438,25.684931506849317,57.07762557077624,"Temporary decline, rebounded"
CL.AI,70.73170731707317,60.975609756097555,12.195121951219514,Relative persistent decline
CL.AN,0.7987220447284343,-10.782747603833865,-10.649627263045794,Relative persistent decline
CL.AP,4.545454545454545,78.28282828282828,37.87878787878788,Relative persistent improvement
CL.AR,10.725552050473187,3.1545741324921135,13.068949977467328,"Temporary decline, rebounded"
CL.AT,68.22429906542055,42.05607476635514,28.037383177570092,Relative persistent decline
CL.BI,1.772324471710975,0.11361054305839557,14.996591683708248,"Temporary decline, rebounded"
CL.CO,6.8807339449541285,11.46788990825688,43.57798165137615,Relative persistent improvement
CL.LI,117.75700934579439,144.85981308411215,177.57009345794393,Relative persistent improvement
CL.LL,16.296296296296298,-1.234567901234568,18.930041152263374,"Temporary decline, rebounded"
CL.LR,-16.054158607350097,-2.176015473887815,-33.204384268214056,Improvement then reversal
CL.MA,28.888888888888893,5.555555555555557,37.03703703703704,"Temporary decline, rebounded"
CL.ML,21.428571428571427,-0.7288629737609331,16.52089407191448,Relative persistent decline
CL.NB,33.9622641509434,56.60377358490565,264.1509433962264,Relative persistent improvement
CL.RM,-0.8855867011895384,-8.743292431235695,-12.75845247476453,Relative persistent decline
CL.TA,11.336032388663968,-24.291497975708502,64.77732793522267,"Temporary decline, rebounded"
CL.VS,8.87409872434831,-7.626178591236828,-11.739693104085783,Relative persistent decline
CM.AD,3.370786516853933,-15.44943820224719,-33.239700374531836,Relative persistent decline
CM.CE,-8.83731309975452,-12.050881499665252,-8.554638101614223,"Temporary decline, rebounded"
CM.EN,24.69733656174334,72.63922518159806,30.669895076674738,Relative persistent improvement
CM.LT,-3.3472803347280333,11.715481171548118,11.715481171548118,Relative persistent improvement
CM.NW,49.224806201550386,72.67441860465115,42.63565891472868,Improvement then reversal
CM.OU,2.0042949176807445,-15.390121689334288,-19.327129563350038,Relative persistent decline
CM.SW,1.5367727771679474,-12.074643249176729,9.51335528723015,"Temporary decline, rebounded"
CN.AH,1.6978658471061059,14.764985277998667,28.698947609734432,Relative persistent improvement
CN.BJ,-7.813330308150677,-7.802284410955142,-10.030868804595093,Improvement then reversal
CN.CQ,-0.05264039432440839,5.957935539444405,14.181003198302745,Relative persistent improvement
CN.FJ,9.908237415795893,13.485917360632259,31.577644583532237,Relative persistent improvement
CN.GD,18.68969019807009,33.5195530726257,23.97771519152931,Relative persistent improvement
CN.GS,-10.375343301800427,1.627504831654969,14.037229173024107,Relative persistent improvement
CN.GX,11.371561410306082,33.586788066640835,44.28193206767403,Relative persistent improvement
CN.GZ,35.37952582245911,67.54273111560374,93.0282423574098,Relative persistent improvement
CN.HA,11.57097483508429,18.250671878817492,28.552813747047804,Relative persistent improvement
CN.HB,0.9780845083297149,-4.193423067254736,-9.266665143170547,Relative persistent decline
CN.HE,-5.860344216454649,11.224449608128864,13.9025639005947,Relative persistent improvement
CN.HI,20.989843624052877,64.24310817346445,102.69224568757052,Relative persistent improvement
CN.HL,-15.768996390568603,-18.351849247644495,-15.45336645885092,"Temporary decline, rebounded"
CN.HN,9.71711048567511,9.679223497149454,7.1444035505520675,Relative persistent decline
CN.JL,-9.953034120245094,-25.100307921993096,-9.538324365234882,"Temporary decline, rebounded"
CN.JS,6.391803193963513,3.0654038968422137,9.164986993298534,"Temporary decline, rebounded"
CN.JX,21.477608547397136,24.278245055694477,33.12874138061681,Relative persistent improvement
CN.LN,-10.729213315420212,-20.02164502164502,-9.161815196297955,"Temporary decline, rebounded"
CN.NM,8.504098360655737,19.14702868852459,45.89310109289618,Relative persistent improvement
CN.NX,19.857697283311772,55.465717981888744,92.92798620094868,Relative persistent improvement
CN.QH,27.521008403361343,50.945378151260506,67.92717086834735,Relative persistent improvement
CN.SC,10.063714151920646,14.921031346227526,15.226121383264037,Relative persistent improvement
CN.SD,16.01007375427235,13.821430712957966,10.777318062801063,Relative persistent decline
CN.SH,1.3349127895102324,-0.1307136146399247,-4.030336451397683,Relative persistent decline
CN.SN,8.544255039009427,-1.5967952040115978,-7.857913240793915,Relative persistent decline
CN.SX,13.428206531654808,8.17977254758864,39.266962638610146,"Temporary decline, rebounded"
CN.TJ,-2.9985721085197525,-17.920038077106142,-16.270030144375692,Relative persistent decline
CN.XJ,-3.6104807097173515,8.200949040643698,72.79416821401554,Relative persistent improvement
CN.XZ,20.121951219512194,54.8780487804878,34.552845528455286,Relative persistent improvement
CN.YN,-1.00485491701479,22.072936660268713,51.67287644424372,Relative persistent improvement
CN.ZJ,7.7201591196017265,23.22479216788547,42.86859928697903,Relative persistent improvement
CO.AMA,32.78688524590164,8.196721311475411,71.03825136612022,"Temporary decline, rebounded"
CO.ANT,-4.064873742557996,-2.2582631903099974,-6.22733182782454,Improvement then reversal
CO.ATL,20.855358000961076,6.727534839019701,-9.29040525388435,Relative persistent decline
CO.BOL,-10.48951048951049,-2.4475524475524475,-6.75990675990676,Relative persistent improvement
CO.BOY,13.59461114513166,13.77832210655236,-22.453561951418653,Improvement then reversal
CO.CAL,-6.957809030347891,-17.024426350851222,-0.7401924500370095,"Temporary decline, rebounded"
CO.CAQ,3.21285140562249,16.06425702811245,-16.064257028112454,Improvement then reversal
CO.CAU,-3.8636363636363633,-0.5681818181818183,-7.575757575757575,Improvement then reversal
CO.CES,6.802721088435374,112.24489795918367,133.78684807256238,Relative persistent improvement
CO.CHO,19.718309859154928,56.33802816901408,65.72769953051643,Relative persistent improvement
CO.COR,13.483146067415731,30.89887640449438,47.44069912609239,Relative persistent improvement
CO.CUN,16.606060606060606,5.454545454545455,4.242424242424242,Relative persistent decline
CO.DC,-0.3459929192146765,-4.505954296749276,-6.370024675464006,Relative persistent decline
CO.HUI,2.1691973969631233,-6.507592190889371,-13.015184381778743,Relative persistent decline
CO.LAG,26.506024096385545,-3.0120481927710845,4.016064257028112,Relative persistent decline
CO.MAG,6.263982102908277,-5.592841163310963,-5.965697240865026,Relative persistent decline
CO.MET,3.144654088050315,20.440251572327043,-15.723270440251573,Improvement then reversal
CO.NAR,5.186385737439221,7.293354943273905,11.345218800648297,Relative persistent improvement
CO.NSA,9.05587668593449,0.9633911368015414,-9.955041746949261,Relative persistent decline
CO.QUI,-10.526315789473685,-14.736842105263158,9.12280701754386,"Temporary decline, rebounded"
CO.RIS,-10.889774236387783,-24.568393094289508,0.0,"Temporary decline, rebounded"
CO.SAN,0.0836470096194061,-4.391468005018821,4.600585529067336,"Temporary decline, rebounded"
CO.SUC,12.435233160621761,11.226252158894646,5.1813471502590644,Relative persistent decline
CO.TOL,9.64630225080386,4.019292604501608,-5.894962486602357,Relative persistent decline
CO.VAC,4.138244656662119,-5.684402000909504,1.970592693648628,Relative persistent decline
CR.A,20.560747663551403,-14.018691588785044,10.90342679127726,Relative persistent decline
CR.C,-2.9585798816568047,5.9171597633136095,-22.189349112426033,Improvement then reversal
CR.G,50.0,37.5,33.333333333333336,Relative persistent decline
CR.H,2.1459227467811153,-13.412017167381972,-15.736766809728183,Relative persistent decline
CR.L,-19.354838709677416,-32.25806451612903,-118.2795698924731,Relative persistent decline
CR.SJ,-9.48876839659179,-15.298218435321456,-5.8739994836044405,"Temporary decline, rebounded"
CU.01,18.18181818181818,19.794721407624635,-14.173998044965787,Improvement then reversal
CU.03,-20.733809406550108,-24.439793154395467,-38.16793893129771,Relative persistent decline
CU.04,22.134387351778656,-1.976284584980237,-36.231884057971016,Relative persistent decline
CU.05,-29.757785467128024,8.073817762399077,-28.06612841214917,Relative persistent improvement
CU.06,0.8141112618724563,1.3568521031207597,-24.875621890547265,Improvement then reversal
CU.07,-8.379888268156424,25.139664804469273,18.6219739292365,Relative persistent improvement
CU.08,-8.356545961002785,-34.81894150417827,-31.56917363045497,Relative persistent decline
CU.09,1.402524544179522,-20.336605890603085,-21.50537634408602,Relative persistent decline
CU.10,-1.5665796344647511,16.971279373368148,-42.64577893820714,Improvement then reversal
CU.11,-32.06521739130435,-13.586956521739129,-19.02173913043478,Relative persistent improvement
CU.12,-14.051522248243561,-14.05152224824356,-17.174082747853237,Improvement then reversal
CU.13,-56.312849162011176,-0.5586592178770946,-25.698324022346366,Relative persistent improvement
CU.14,26.122448979591837,-8.16326530612245,-4.081632653061225,Relative persistent decline
CU.16,-49.01960784313726,-49.01960784313726,-63.72549019607843,Improvement then reversal
CV.PR,14.0,30.0,43.333333333333336,Relative persistent improvement
CV.SV,-36.36363636363636,113.63636363636363,-60.6060606060606,Improvement then reversal
CY.01,18.44501517627831,18.56175577865982,13.152774534983267,Improvement then reversal
CY.02,12.79707495429616,18.281535648994517,21.93784277879342,Relative persistent improvement
CY.03,32.87671232876712,-20.54794520547945,68.4931506849315,"Temporary decline, rebounded"
CY.04,-28.120516499282637,-60.97560975609756,-46.8675274988044,Relative persistent decline
CY.05,73.84615384615385,76.92307692307693,112.82051282051282,Relative persistent improvement
CY.06,59.82142857142858,58.035714285714285,53.57142857142858,Relative persistent decline
CZ.10,-10.132820019249278,-3.0221366698748797,-3.8113570741097207,Relative persistent improvement
CZ.20,23.10030395136778,9.118541033434651,56.737588652482266,"Temporary decline, rebounded"
CZ.31,9.793033821302373,-6.814740030287732,-3.8700992764597006,Relative persistent decline
CZ.32,5.279831045406548,20.06335797254488,15.487504399859203,Relative persistent improvement
CZ.41,6.060606060606062,-15.151515151515156,10.101010101010102,"Temporary decline, rebounded"
CZ.42,36.79060665362035,-18.590998043052835,24.135681669928243,Relative persistent decline
CZ.51,4.9490538573508,16.73944687045124,19.40805434255216,Relative persistent improvement
CZ.52,30.322580645161292,18.27956989247312,53.04659498207886,"Temporary decline, rebounded"
CZ.53,-18.106995884773664,-39.09465020576132,-10.631001371742112,"Temporary decline, rebounded"
CZ.63,14.084507042253524,14.084507042253522,54.77308294209703,"Temporary decline, rebounded"
CZ.64,-0.08217770929635346,-2.516692347200822,-0.684814244136278,Relative persistent decline
CZ.71,1.0077519379844961,6.201550387596899,0.12919896640826858,Improvement then reversal
CZ.72,17.470664928292045,-1.3037809647979142,2.17296827466319,Relative persistent decline
CZ.80,3.8056405028882097,-11.892626571525653,7.362102163325406,"Temporary decline, rebounded"
DE.BB,5.2965206367093955,10.001408649105507,1.07996431422266,Improvement then reversal
DE.BE,-0.9355201610515721,7.815738054354905,-3.542739850395721,Improvement then reversal
DE.BW,-5.299334131148547,-3.4520850593758636,-8.79130995121053,Improvement then reversal
DE.BY,-3.7248365175022435,1.2501602769585844,3.1467709535410524,Relative persistent improvement
DE.HB,-12.120000000000001,-7.9,-0.8000000000000002,Relative persistent improvement
DE.HE,-1.380167000207025,-1.000621075150093,0.1725208750258781,Relative persistent improvement
DE.HH,11.514336917562725,3.5002240143369177,6.888440860215053,Relative persistent decline
DE.MV,3.340471092077088,-7.780157030692363,2.0461575065429454,Relative persistent decline
DE.NI,-4.93864451576364,-7.0417217292807255,-3.8764080297023473,"Temporary decline, rebounded"
DE.NW,1.026757934038581,-0.7259904584111181,2.0872225679319647,"Temporary decline, rebounded"
DE.RP,4.7099282296650715,10.69078947368421,10.566188197767145,Relative persistent improvement
DE.SH,1.7330632455548052,7.033535899167229,7.727511441218397,Relative persistent improvement
DE.SL,-6.989636056881176,-10.12292118582791,-6.105888969229533,"Temporary decline, rebounded"
DE.SN,1.0008025303309256,4.980408818392107,0.4091331098837117,Improvement then reversal
DE.ST,-0.6642752756742396,5.5134847880961875,-4.251361764315132,Improvement then reversal
DE.TH,-3.9333945194703035,5.834535203880949,5.987500546304795,Relative persistent improvement
DJ.DJ,38.888888888888886,27.777777777777775,-41.666666666666664,Relative persistent decline
DK.81,6.865219586067643,12.746087834427057,-7.403668181053341,Improvement then reversal
DK.82,-4.1316595828803,-2.9653059207274888,5.271654970182202,Relative persistent improvement
DK.83,7.995558023320378,9.069035720895798,8.328706274292061,Relative persistent improvement
DK.84,4.380719071979248,8.015707183514662,5.139659437519514,Relative persistent improvement
DK.85,30.256104824300177,26.801667659321026,28.389914631725237,Relative persistent decline
DM.04,-90.56603773584905,-75.47169811320755,-113.20754716981132,Improvement then reversal
DO.01,18.91891891891892,29.729729729729733,1.3513513513513518,Improvement then reversal
DO.02,23.25581395348837,-23.25581395348837,124.03100775193798,"Temporary decline, rebounded"
DO.13,-37.142857142857146,-135.71428571428572,-119.04761904761905,Relative persistent decline
DO.25,33.898305084745765,62.14689265536724,5.649717514124293,Improvement then reversal
DZ.01,7.04225352112676,52.816901408450704,37.55868544600939,Relative persistent improvement
DZ.02,20.99737532808399,9.186351706036746,11.373578302712161,Relative persistent decline
DZ.03,5.842696629213483,8.98876404494382,11.235955056179776,Relative persistent improvement
DZ.04,20.0,20.3125,-7.291666666666667,Improvement then reversal
DZ.05,-6.193806193806195,-16.983016983016984,-0.3330003330003322,"Temporary decline, rebounded"
DZ.06,-5.996472663139329,-7.054673721340388,-12.051734273956496,Relative persistent decline
DZ.07,-11.874272409778813,-12.80558789289872,-17.462165308498253,Relative persistent decline
DZ.08,13.445378151260504,-19.607843137254903,-10.27077497665733,Relative persistent decline
DZ.09,-0.48076923076923067,-6.009615384615385,1.6025641025641029,"Temporary decline, rebounded"
DZ.10,37.98882681564246,36.312849162011176,-5.58659217877095,Relative persistent decline
DZ.11,77.41935483870968,48.38709677419355,107.5268817204301,"Temporary decline, rebounded"
DZ.12,25.589225589225588,8.417508417508419,11.223344556677889,Relative persistent decline
DZ.13,-3.598615916955017,-16.955017301038062,-17.301038062283737,Relative persistent decline
DZ.14,22.857142857142854,35.714285714285715,30.476190476190478,Relative persistent improvement
DZ.15,0.8053691275167786,-0.6711409395973167,-1.1842378929335002e-15,Relative persistent decline
DZ.16,1.2400635930047699,3.259141494435612,0.794912559618442,Improvement then reversal
DZ.17,43.65079365079365,25.793650793650794,76.71957671957671,"Temporary decline, rebounded"
DZ.18,7.466666666666667,12.0,9.777777777777779,Relative persistent improvement
DZ.19,4.529616724738676,-14.372822299651569,-9.291521486643438,Relative persistent decline
DZ.20,24.503311258278146,24.834437086092713,12.141280353200884,Improvement then reversal
DZ.21,18.97018970189702,8.130081300813009,34.32700993676604,"Temporary decline, rebounded"
DZ.22,-18.60036832412523,-29.005524861878456,-33.76304481276857,Relative persistent decline
DZ.23,-25.017869907076484,-24.660471765546816,-22.396950202525616,Relative persistent improvement
DZ.24,8.035714285714286,-3.3482142857142865,-11.160714285714286,Relative persistent decline
DZ.25,-8.577633007600435,-17.64386536373507,-7.057546145494029,"Temporary decline, rebounded"
DZ.26,18.274111675126903,63.45177664974619,45.68527918781726,Relative persistent improvement
DZ.27,-7.931034482758621,13.793103448275861,6.8965517241379315,Relative persistent improvement
DZ.28,29.953917050691246,57.6036866359447,11.52073732718894,Improvement then reversal
DZ.29,22.596153846153847,13.221153846153847,1.6025641025641029,Relative persistent decline
DZ.30,14.26086956521739,5.217391304347826,-8.115942028985508,Relative persistent decline
DZ.31,-3.5820895522388057,-7.249466950959487,-18.47903340440654,Relative persistent decline
DZ.34,62.82051282051282,102.56410256410257,94.01709401709401,Relative persistent improvement
DZ.35,0.9933774834437086,-1.6556291390728477,-7.72626931567329,Relative persistent decline
DZ.38,82.14285714285714,98.21428571428572,95.23809523809524,Relative persistent improvement
DZ.39,64.19753086419753,-37.03703703703704,4.736951571734001e-15,Relative persistent decline
DZ.40,44.285714285714285,114.28571428571428,97.61904761904763,Relative persistent improvement
DZ.41,60.0,47.05882352941177,72.54901960784314,"Temporary decline, rebounded"
DZ.42,-4.761904761904761,0.0,15.873015873015879,Relative persistent improvement
DZ.43,40.816326530612244,244.89795918367346,197.27891156462587,Relative persistent improvement
DZ.44,48.275862068965516,64.6551724137931,63.218390804597696,Relative persistent improvement
DZ.46,62.222222222222214,61.111111111111114,103.7037037037037,"Temporary decline, rebounded"
DZ.47,32.35294117647059,95.58823529411765,137.2549019607843,Relative persistent improvement
DZ.48,33.33333333333333,189.39393939393938,212.1212121212121,Relative persistent improvement
EC.A,14.913448735019973,30.84775854416334,0.0,Improvement then reversal
EC.B,-4.444444444444441,94.44444444444443,107.4074074074074,Relative persistent improvement
EC.C,8.51063829787234,-10.638297872340425,56.737588652482266,"Temporary decline, rebounded"
EC.E,20.35928143712575,50.89820359281437,43.91217564870259,Relative persistent improvement
EC.F,46.51162790697674,15.503875968992247,12.919896640826872,Relative persistent decline
EC.G,14.146591491542798,13.967196309584828,97.9839398599009,"Temporary decline, rebounded"
EC.H,14.475969889982627,11.29125651418645,22.19648716464003,"Temporary decline, rebounded"
EC.I,46.548323471400394,3.944773175542407,2.6298487836949374,Relative persistent decline
EC.L,14.74147414741474,54.45544554455446,42.9042904290429,Relative persistent improvement
EC.M,21.992238033635186,29.969814575247952,53.75880408221934,Relative persistent improvement
EC.N,81.72043010752688,64.51612903225806,17.92114695340502,Relative persistent decline
EC.O,20.622568093385212,-0.972762645914397,57.068741893644614,"Temporary decline, rebounded"
EC.P,14.726999499081648,0.7513775254633495,22.374352980464185,"Temporary decline, rebounded"
EC.R,14.958448753462605,20.77562326869806,72.94552169898431,Relative persistent improvement
EC.T,23.49037823490378,46.449900464499,27.869940278699403,Relative persistent improvement
EC.W,2.0,5.0,-3.3333333333333335,Improvement then reversal
EC.X,21.019108280254777,23.88535031847134,79.61783439490446,Relative persistent improvement
EC.Y,17.91044776119403,-9.950248756218906,54.726368159203986,"Temporary decline, rebounded"
EE.37,4.8094709581945985,6.289308176100629,11.098779134295228,Relative persistent improvement
EE.79,-4.3478260869565215,7.008009153318078,3.2418001525553013,Relative persistent improvement
EG.ALX,-6.317713092285603,0.1305312622373056,-13.09663664447635,Improvement then reversal
EG.ASN,31.443298969072163,-4.5103092783505145,-5.1546391752577305,Relative persistent decline
EG.AST,-7.519157088122606,-15.445402298850574,-19.07726692209451,Relative persistent decline
EG.BH,12.100840336134453,21.84873949579832,3.9215686274509807,Improvement then reversal
EG.BNS,7.011494252873563,11.206896551724137,7.662835249042147,Relative persistent improvement
EG.C,2.0940498340082447,2.772609536317537,0.2188902265513845,Improvement then reversal
EG.DK,-4.946996466431095,-3.36530371866061,-16.153457849570923,Improvement then reversal
EG.DT,20.965058236272878,10.815307820299502,34.94176372712146,"Temporary decline, rebounded"
EG.FYM,15.9375,-0.390625,-10.416666666666666,Relative persistent decline
EG.GH,0.0,-1.9125683060109284,-0.6375227686703097,Relative persistent decline
EG.GZ,-1.5404994358043471,-7.0156502968159735,-16.647860144891983,Relative persistent decline
EG.IS,-15.036144578313252,-3.614457831325301,-6.586345381526104,Relative persistent improvement
EG.KB,15.393013100436681,17.603711790393014,-15.465793304221252,Improvement then reversal
EG.KFS,18.756169792694966,26.65350444225074,3.948667324777888,Improvement then reversal
EG.KN,16.949152542372882,35.48728813559322,-1.0593220338983051,Improvement then reversal
EG.MN,12.429378531073446,-4.035512510088781,-11.56846919558784,Relative persistent decline
EG.MNF,6.435778565584947,-12.680665394055087,-7.635669484592309,Relative persistent decline
EG.PTS,20.991253644314867,-5.1020408163265305,17.006802721088437,Relative persistent decline
EG.SHG,15.752461322081576,2.109704641350211,-0.2344116268166907,Relative persistent decline
EG.SHR,5.296836118023462,-16.26377532883043,-5.450882806019671,Relative persistent decline
EG.SIN,21.53846153846154,48.717948717948715,25.071225071225072,Relative persistent improvement
EG.SUZ,27.22222222222222,63.888888888888886,107.40740740740739,Relative persistent improvement
ER.MA,7.0796460176991145,-26.54867256637168,-36.87315634218289,Relative persistent decline
ES.AN,-6.902564102564102,-6.064102564102564,-8.87179487179487,Improvement then reversal
ES.AR,-8.295165394402035,-2.67175572519084,-10.093299406276506,Improvement then reversal
ES.AS,-8.064794072031708,-14.819920730656557,-14.01573898558217,Relative persistent decline
ES.CB,-5.93338930870417,-5.177721802406941,-11.288366452094413,Improvement then reversal
ES.CL,-6.983678593848086,-6.787507846829881,-5.100439422473321,Relative persistent improvement
ES.CM,-4.405755906910641,-13.501510037306804,-19.186356368804407,Relative persistent decline
ES.CN,-12.19654869844984,-11.333723310909622,-8.14078190504046,Relative persistent improvement
ES.CT,-5.510072830300186,-3.44162277728529,-5.087112455313947,Relative persistent improvement
ES.EX,-0.6304728546409812,9.106830122591942,-7.705779334500876,Improvement then reversal
ES.GA,-9.903437620702974,-5.6006179992275005,-9.089738637826702,Relative persistent improvement
ES.IB,3.5658429777916796,-6.88145136065061,13.033051819414034,"Temporary decline, rebounded"
ES.MC,-6.427789934354486,-9.641684901531729,-13.083515681983954,Relative persistent decline
ES.MD,-6.035008273099365,-4.767917791517895,-2.7238332994668446,Relative persistent improvement
ES.NC,-6.945428773919206,-8.2388377037562,-2.5986298133711307,"Temporary decline, rebounded"
ES.PV,3.87245485977718,2.4587014982712256,1.5622999103598414,Relative persistent decline
ES.RI,23.15270935960591,31.09605911330049,41.050903119868636,Relative persistent improvement
ES.VC,-4.89042675893887,-1.0380622837370241,-0.9355376137383057,Relative persistent improvement
ET.AA,1.9469304443397704,10.833725859632594,1.884126236457843,Improvement then reversal
ET.AF,2.842170943040401e-15,-80.2919708029197,-9.732360097323598,Relative persistent decline
ET.AM,4.711689477226834,9.87211128561813,6.282252636302445,Relative persistent improvement
ET.BE,-6.521739130434783,-38.04347826086956,50.724637681159415,"Temporary decline, rebounded"
ET.DD,-6.837606837606837,-2.670940170940173,-27.065527065527064,Improvement then reversal
ET.OR,5.341657995143947,7.11064862989941,-16.533703318302695,Improvement then reversal
ET.SO,-16.528925619834713,-45.45454545454545,99.17355371900827,"Temporary decline, rebounded"
ET.TI,8.892128279883384,2.5510204081632653,-13.848396501457726,Relative persistent decline
FI.02,-3.0204962243797184,-19.41747572815534,3.236245954692557,"Temporary decline, rebounded"
FI.03,11.009174311926605,27.522935779816514,-13.761467889908255,Improvement then reversal
FI.04,40.0,-10.0,-26.666666666666668,Relative persistent decline
FI.05,42.5531914893617,-21.276595744680847,21.276595744680847,Relative persistent decline
FI.06,-312.72727272727275,31.818181818181813,30.3030303030303,Relative persistent improvement
FI.07,13.333333333333332,66.66666666666667,-33.333333333333336,Improvement then reversal
FI.08,-15.174920490686052,-12.948659700136302,-0.6057852491291836,Relative persistent improvement
FI.09,-55.172413793103445,34.48275862068965,68.9655172413793,Relative persistent improvement
FI.10,10.033444816053512,21.739130434782606,-4.459308807134893,Improvement then reversal
FI.11,7.173447537473234,9.903640256959315,2.3197715917201998,Improvement then reversal
FI.12,2.26628895184136,33.994334277620396,25.495750708215297,Relative persistent improvement
FI.13,-40.0,-32.25806451612904,38.70967741935484,Relative persistent improvement
FI.14,-7.29794933655006,7.388419782870928,1.80940892641737,Relative persistent improvement
FI.15,-11.097099621689786,0.0,-9.667927700714586,Relative persistent improvement
FI.16,-2.2727272727272734,56.81818181818181,22.72727272727273,Relative persistent improvement
FI.17,6.993006993006993,62.93706293706294,-48.95104895104895,Improvement then reversal
FI.18,2.2154987312121803,11.467889908256883,8.507384995770707,Relative persistent improvement
FI.19,3.3439789592335147,-5.63591959421379,15.655332206149412,"Temporary decline, rebounded"
FJ.C,0.8450704225352119,-6.338028169014085,8.450704225352112,"Temporary decline, rebounded"
FJ.W,27.906976744186046,23.25581395348837,-46.51162790697674,Relative persistent decline
FM.PNI,-8.888888888888886,-22.22222222222222,14.814814814814815,"Temporary decline, rebounded"
FR.20R,10.416666666666668,10.416666666666666,-10.416666666666666,Relative persistent decline
FR.ARA,-6.850984981470646,-14.774722059684027,-6.005786359794552,"Temporary decline, rebounded"
FR.BFC,-8.894568690095847,-20.89456869009585,-19.510117145899894,Relative persistent decline
FR.BRE,-2.0067972163780547,-20.067972163780546,-10.654366941792091,Relative persistent decline
FR.CVL,-1.6815200941651256,-9.584664536741213,-7.454739084132055,Relative persistent decline
FR.GES,-2.3311179446483488,8.059716297986311,-26.898786496048672,Improvement then reversal
FR.HDF,-5.344624141042549,-1.7699729298257791,-3.2391661460863936,Relative persistent improvement
FR.IDF,-10.965680717303927,-4.317515937633427,-7.496454213964263,Relative persistent improvement
FR.NAQ,4.017344726437955,-6.599923479148068,1.0202780257620203,Relative persistent decline
FR.NOR,7.268370607028754,-3.3280085197018106,2.0411785587504436,Relative persistent decline
FR.OCC,8.971755584271737,-7.384160974709248,-3.7413082271860194,Relative persistent decline
FR.PAC,5.576390021196805,-0.8152616990053807,1.0870155986738406,Relative persistent decline
FR.PDL,6.909748059955352,-0.37206335707451865,9.035824386095461,"Temporary decline, rebounded"
GA.1,14.778325123152708,27.093596059113302,10.673234811165848,Improvement then reversal
GA.2,20.5761316872428,14.403292181069958,0.0,Relative persistent decline
GA.3,-60.0,-11.111111111111107,-2.3684757858670005e-15,Relative persistent improvement
GB.ENG,-3.600151562858561,-6.6602270240846195,-8.807367520364036,Relative persistent decline
GB.NIR,-1.1938749026732416,-5.3205294575655335,-4.4121463794445885,Relative persistent decline
GB.SCT,-6.384572177494851,-6.5413780190975475,-6.506272233664109,Relative persistent decline
GB.WLS,-9.111430330391956,-4.275258225596826,-12.517956084547507,Improvement then reversal
GD.03,-34.68950749464668,-10.706638115631687,-8.565310492505354,Relative persistent improvement
GE.AB,-9.230769230769232,-7.6923076923076925,35.8974358974359,Relative persistent improvement
GE.AJ,4.918032786885247,6.147540983606557,-4.098360655737705,Improvement then reversal
GE.IM,4.411764705882353,22.058823529411764,-7.352941176470588,Improvement then reversal
GE.SK,11.111111111111114,-41.666666666666664,55.55555555555555,"Temporary decline, rebounded"
GE.TB,2.687643395607997,6.882989183874139,11.034633453512507,Relative persistent improvement
GH.AA,-3.5298681148176883,6.885182311869667,-7.5640031031807595,Improvement then reversal
GH.AH,-3.8114343029087268,-7.3553995319291205,-13.93068093168394,Relative persistent decline
GH.BE,16.0,-35.0,-10.0,Relative persistent decline
GH.BO,36.36363636363636,74.8663101604278,12.4777183600713,Improvement then reversal
GH.CP,-2.4207492795389047,-6.628242074927954,-11.33525456292027,Relative persistent decline
GH.EP,6.976744186046512,90.11627906976744,85.27131782945736,Relative persistent improvement
GH.NP,-1.4218009478672986,2.3696682464454977,9.478672985781992,Relative persistent improvement
GH.TV,33.87755102040816,48.97959183673469,21.08843537414966,Improvement then reversal
GH.UE,28.571428571428566,223.21428571428572,107.14285714285715,Relative persistent improvement
GH.WP,-7.105427357601002e-16,18.828451882845187,39.05160390516039,Relative persistent improvement
GL.SM,47.94520547945205,3.4246575342465753,54.794520547945204,"Temporary decline, rebounded"
GM.B,8.450704225352112,22.007042253521128,-1.76056338028169,Improvement then reversal
GN.C,4.845222072678331,14.131897711978464,30.955585464333783,Relative persistent improvement
GQ.BN,-18.604651162790695,-23.25581395348837,100.7751937984496,"Temporary decline, rebounded"
GR.A,-22.705882352941178,-33.23529411764706,14.901960784313728,"Temporary decline, rebounded"
GR.B,-8.391309001391416,4.976988119447715,-11.381069606479004,Improvement then reversal
GR.C,31.446540880503143,77.04402515723271,41.92872117400419,Relative persistent improvement
GR.D,-13.434247871333962,-21.996215704824976,-10.564490696941029,"Temporary decline, rebounded"
GR.E,2.125919869174162,6.745707277187244,-9.266830198964294,Improvement then reversal
GR.F,-1.9512195121951224,58.536585365853654,17.88617886178862,Relative persistent improvement
GR.G,-19.817247287264422,-14.705882352941178,-12.944983818770226,Relative persistent improvement
GR.H,-212.98701298701297,-155.84415584415584,-9.473903143468002e-15,Relative persistent improvement
GR.I,-2.1498665002253894,-5.287978085231805,-2.126749656136944,"Temporary decline, rebounded"
GR.J,20.710059171597635,51.77514792899409,38.46153846153846,Relative persistent improvement
GR.K,-4.3478260869565215,-13.043478260869563,-4.440892098500626e-16,"Temporary decline, rebounded"
GR.M,-18.676830928396406,-1.3612850530901173,-6.897177602323261,Relative persistent improvement
GT.GU,-11.835106382978724,11.303191489361701,0.44326241134751737,Relative persistent improvement
GW.BS,1.7241379310344827,51.72413793103448,-28.73563218390804,Improvement then reversal
GY.DE,37.66816143497758,-17.937219730941703,28.400597907324364,Relative persistent decline
HK.HEA,30.985915492957748,-56.33802816901409,-14.08450704225352,Relative persistent decline
HK.HSO,-13.229652669777087,-6.480041472265422,-16.105063072403663,Improvement then reversal
HK.NST,3.1523642732049035,-3.940455341506129,-29.62638645650905,Relative persistent decline
HK.NTM,10.752688172043012,-2.688172043010752,26.88172043010753,"Temporary decline, rebounded"
HK.NTP,20.797720797720796,29.914529914529915,26.115859449192783,Relative persistent improvement
HK.NTW,28.571428571428577,-64.93506493506496,125.54112554112555,"Temporary decline, rebounded"
HN.CR,16.822429906542055,56.074766355140184,15.576323987538942,Improvement then reversal
HN.FM,-6.585365853658535,27.4390243902439,13.821138211382113,Relative persistent improvement
HR.01,-58.69565217391305,-38.04347826086956,-32.608695652173914,Relative persistent improvement
HR.02,-58.064516129032256,48.38709677419355,21.505376344086017,Relative persistent improvement
HR.04,-6.091370558375634,2.5380710659898487,-21.996615905245346,Improvement then reversal
HR.05,-93.97590361445783,-30.120481927710845,52.208835341365464,Relative persistent improvement
HR.06,50.86705202312139,43.35260115606936,26.97495183044316,Relative persistent decline
HR.08,-7.557811618725324,5.640157924421884,2.256063169768753,Relative persistent improvement
HR.10,-31.034482758620687,-8.620689655172413,-28.73563218390805,Relative persistent improvement
HR.11,24.0,-30.0,-73.33333333333333,Relative persistent decline
HR.12,-20.0,43.333333333333336,-17.77777777777778,Relative persistent improvement
HR.13,9.98278829604131,-29.25989672977625,-10.327022375215146,Relative persistent decline
HR.14,5.2600818234950335,-6.721215663354764,1.5585427625170472,Relative persistent decline
HR.15,-21.875,0.0,15.625,Relative persistent improvement
HR.16,0.0,25.641025641025635,-68.37606837606837,Improvement then reversal
HR.17,-1.6385542168674703,2.891566265060241,3.373493975903614,Relative persistent improvement
HR.18,36.6412213740458,17.17557251908397,16.53944020356234,Relative persistent decline
HR.19,21.875,23.4375,2.6041666666666665,Improvement then reversal
HR.20,-21.818181818181817,27.27272727272727,-12.12121212121212,Relative persistent improvement
HR.21,-4.143814747105424,-4.875076173065204,-5.154377412147065,Relative persistent decline
HT.OU,24.4343891402715,18.099547511312217,-12.06636500754148,Relative persistent decline
HU.BA,0.92378752886836,3.2717474980754426,-10.392609699769054,Improvement then reversal
HU.BE,-26.923076923076923,-14.423076923076925,-22.435897435897434,Relative persistent improvement
HU.BK,26.136363636363637,-56.81818181818181,22.72727272727273,Relative persistent decline
HU.BU,-4.790819452955267,-2.5625313353016548,0.7799008411787645,Relative persistent improvement
HU.BZ,21.980676328502415,12.077294685990339,-1.2077294685990327,Relative persistent decline
HU.CS,-2.862443678770209,0.2650410813676123,-4.240657301881792,Improvement then reversal
HU.FE,7.260726072607261,52.805280528052805,-5.5005500550055,Improvement then reversal
HU.GS,3.999999999999999,34.285714285714285,96.66666666666667,Relative persistent improvement
HU.HB,0.7412898443291324,-0.8648381517173216,-4.694835680751174,Relative persistent decline
HU.HE,7.305936073059359,11.41552511415525,-18.264840182648403,Improvement then reversal
HU.PE,12.12920237310481,34.27818061964403,-26.807295099978024,Improvement then reversal
HU.SO,21.014492753623188,-188.40579710144928,-26.57004830917875,Relative persistent decline
HU.SZ,-5.3571428571428585,-4.464285714285715,44.642857142857146,Relative persistent improvement
HU.VA,-9.23076923076923,38.46153846153846,20.512820512820515,Relative persistent improvement
HU.VE,-20.689655172413794,-38.07471264367816,-9.578544061302685,"Temporary decline, rebounded"
ID.AC,5.833454863642992,7.58349132273589,-2.819503184094112,Improvement then reversal
ID.BA,-1.6601135867190913,-0.382262996941896,-6.844327945245376,Improvement then reversal
ID.BB,14.029850746268659,22.388059701492537,14.925373134328359,Relative persistent improvement
ID.BE,11.90387249408542,35.425227244427845,-24.778981446893287,Improvement then reversal
ID.BT,9.615966132446328,26.232234653764742,22.779961697409533,Relative persistent improvement
ID.GO,11.607738492328219,27.351567711807874,30.464754280631535,Relative persistent improvement
ID.JA,16.352201257861633,31.446540880503143,7.104588865595155,Improvement then reversal
ID.JB,-4.833556249071185,-15.631966116807847,-5.993956506662703,Relative persistent decline
ID.JI,0.9677483854197908,-0.9997400675824284,2.539339771659369,"Temporary decline, rebounded"
ID.JK,6.69379570653456,31.18365180467091,24.337500982936223,Relative persistent improvement
ID.JT,-2.7234308968539676,-6.417279699483487,5.238169770960506,"Temporary decline, rebounded"
ID.KB,4.030780505679736,18.871381458409676,19.543178209356295,Relative persistent improvement
ID.KI,9.370589895568727,-3.3869602032176114,5.550851444162198,Relative persistent decline
ID.KR,27.507163323782237,28.653295128939824,64.94746895893029,Relative persistent improvement
ID.KS,12.592096450100467,30.475552578700604,13.842375530252289,Relative persistent improvement
ID.KT,1.9486271036315324,-5.093002657218778,-24.210215529967524,Relative persistent decline
ID.KU,32.328767123287676,-2.7397260273972615,2.7397260273972592,Relative persistent decline
ID.LA,10.213295967616379,33.47345477191344,13.700762883387824,Relative persistent improvement
ID.MA,9.04183535762483,37.11201079622133,16.419253261358524,Relative persistent improvement
ID.MU,23.20730117340287,46.28422425032595,29.55236853541938,Relative persistent improvement
ID.NB,14.799588900308326,10.277492291880781,18.156903048989378,"Temporary decline, rebounded"
ID.NT,15.10204081632653,70.61224489795919,26.258503401360546,Relative persistent improvement
ID.PA,15.902964959568731,33.692722371967655,58.40071877807727,Relative persistent improvement
ID.PB,12.927756653992395,34.22053231939164,13.307984790874526,Relative persistent improvement
ID.PD,30.386740331491715,27.624309392265193,45.11970534069982,"Temporary decline, rebounded"
ID.PS,16.30094043887147,57.993730407523515,0.0,Improvement then reversal
ID.RI,6.486324914063667,30.115079958152744,11.906541124894138,Relative persistent improvement
ID.SA,-23.21212121212121,0.7575757575757569,-0.404040404040404,Relative persistent improvement
ID.SB,8.755234107346784,-8.945565283593453,-0.34894048978555975,Relative persistent decline
ID.SG,15.028136378682555,35.253227408143,-6.509985655963807,Improvement then reversal
ID.SN,10.373208457499647,14.190435646374343,12.345679012345679,Relative persistent improvement
ID.SR,23.56020942408377,61.518324607329845,50.610820244328096,Relative persistent improvement
ID.SS,10.024570024570025,2.211302211302211,4.695604695604696,Relative persistent decline
ID.ST,3.992210321324246,0.0,18.987341772151897,"Temporary decline, rebounded"
ID.SU,11.848228135067412,5.667581434196396,4.7925864057590575,Relative persistent decline
ID.YO,-4.301940792415705,-21.353188444682942,-13.296365858748471,Relative persistent decline
IE.C,5.578569455951394,-7.1803369235017955,-6.5359477124183,Relative persistent decline
IE.L,-5.520033120198721,14.306085836515019,8.32604995629974,Relative persistent improvement
IE.M,7.850361343347032,7.085163667280714,18.374191110481316,"Temporary decline, rebounded"
IE.U,50.256410256410255,25.641025641025642,-47.863247863247864,Relative persistent decline
IL.D,-8.311879367414491,-9.010665685913938,-6.681377957582444,"Temporary decline, rebounded"
IL.HA,-4.937444146559428,-2.7926720285969617,-4.3565683646112605,Relative persistent improvement
IL.JM,-5.981182795698925,-0.44802867383512546,-10.229988052568698,Improvement then reversal
IL.M,0.18447753327184097,8.894452497035182,1.185926999604691,Relative persistent improvement
IL.TA,4.846816658688367,2.273815222594543,-0.6582096696984203,Relative persistent decline
IL.Z,34.17553191489362,28.92287234042553,21.49822695035461,Relative persistent decline
IN.AN,27.956989247311828,-50.17921146953405,-68.10035842293907,Relative persistent decline
IN.AP,5.261101705951296,2.5393931501497593,-2.14871728089595,Relative persistent decline
IN.AR,-0.7741935483870975,18.064516129032256,15.053763440860216,Relative persistent improvement
IN.AS,-4.6644844517184945,-10.433715220949264,-6.001091107474085,Relative persistent decline
IN.BR,38.704819277108435,27.7359437751004,32.295850066934406,Relative persistent decline
IN.CG,14.690306239926318,7.36817867833295,9.977741960242534,Relative persistent decline
IN.CH,-10.326021088352928,-28.723791055629622,-21.49234436229952,Relative persistent decline
IN.DL,-13.518912580883313,-7.708342380683545,-14.72908614524978,Improvement then reversal
IN.GA,-1.0907288051561725,-25.037183936539414,6.941001487357461,"Temporary decline, rebounded"
IN.GJ,1.2055395038358072,5.604264222377204,1.4612600046494642,Relative persistent improvement
IN.HP,-9.821976672805402,-2.353181911192961,-8.594229588704726,Relative persistent improvement
IN.HR,-5.7761732851985546,0.2947027186325794,9.72518971487512,Relative persistent improvement
IN.JH,-0.1614856681469526,-7.064997981429148,-11.169425380164178,Relative persistent decline
IN.JK,11.211791711972937,9.786154403769482,-4.993757802746567,Relative persistent decline
IN.KA,-5.488361478776814,-7.606876616461282,-4.919113545311628,"Temporary decline, rebounded"
IN.KL,6.707734428473648,4.180111469639191,5.785339460904143,Relative persistent decline
IN.LA,32.83582089552239,-104.47761194029852,-24.875621890547265,Relative persistent decline
IN.MH,-3.7064387945282555,-2.40004219854415,-7.290970683733633,Improvement then reversal
IN.ML,-0.3271537622682665,-13.3587786259542,-3.271537622682661,Relative persistent decline
IN.MN,7.221542227662178,16.523867809057528,27.94777641778866,Relative persistent improvement
IN.MP,-3.8467728955416063,-6.920972155158539,-5.365094693921347,Relative persistent decline
IN.MZ,14.442013129102843,56.89277899343544,33.55215171407732,Relative persistent improvement
IN.NL,26.640159045725646,-11.928429423459244,15.241882041086813,Relative persistent decline
IN.OD,10.994226053942892,3.5197342402910703,-0.39547575733607543,Relative persistent decline
IN.PB,5.146290491118077,10.841170323928942,0.3483106931382795,Improvement then reversal
IN.PY,-13.315003927729771,-24.64650432050275,-25.923016496465042,Relative persistent decline
IN.RJ,8.258897897485229,13.192249553387384,4.5577389950071,Improvement then reversal
IN.SK,27.741935483870968,4.032258064516128,-8.602150537634408,Relative persistent decline
IN.TN,4.472633979475485,-2.9290193842645382,-0.31356898517673876,Relative persistent decline
IN.TR,13.4,-25.0,-11.666666666666666,Relative persistent decline
IN.TS,-4.251542557687431,0.8663680162285521,-0.6480151015693232,Relative persistent improvement
IN.UK,1.6226818830242515,10.654422253922966,-8.113409415121255,Improvement then reversal
IN.UP,-4.509310021237715,-2.889316935842347,-3.3585222502099072,Relative persistent improvement
IN.WB,-14.367454728370223,-14.71327967806841,-21.745053655264922,Relative persistent decline
IQ.AN,8.044692737430168,46.36871508379888,46.18249534450651,Relative persistent improvement
IQ.AR,15.569358178053829,9.937888198757763,15.458937198067632,Relative persistent decline
IQ.BA,12.838196286472149,29.708222811671085,11.317418213969937,Improvement then reversal
IQ.BB,12.218649517684886,18.89067524115756,14.737406216505896,Relative persistent improvement
IQ.BG,9.492547906316537,20.537615330021293,15.19990537023894,Relative persistent improvement
IQ.DA,15.889464594127807,15.544041450777204,23.603914795624643,"Temporary decline, rebounded"
IQ.DI,17.431192660550458,11.46788990825688,45.361875637104994,"Temporary decline, rebounded"
IQ.DQ,32.89719626168225,42.05607476635514,79.75077881619937,Relative persistent improvement
IQ.KA,26.96969696969697,75.0,86.86868686868688,Relative persistent improvement
IQ.KI,26.91131498470948,42.813455657492355,100.91743119266054,Relative persistent improvement
IQ.MA,26.506024096385545,21.084337349397593,124.49799196787149,"Temporary decline, rebounded"
IQ.MU,48.67256637168141,70.79646017699116,-2.9498525073746316,Improvement then reversal
IQ.NA,14.563716258631512,23.854362837413685,30.341075538815655,Relative persistent improvement
IQ.NI,3.46512661039538,25.099955575299866,21.32385606397157,Relative persistent improvement
IQ.QA,22.250639386189256,0.6393861892583121,30.264279624893437,"Temporary decline, rebounded"
IQ.SD,11.317254174397032,29.22077922077922,34.941249226963514,Relative persistent improvement
IQ.SU,21.05263157894737,44.557416267942585,41.86602870813397,Relative persistent improvement
IQ.WA,23.529411764705884,88.23529411764706,65.359477124183,Relative persistent improvement
IR.00,3.5838725734196117,-14.932802389248382,-12.278081964493113,Relative persistent decline
IR.01,-0.11198208286674145,-12.597984322508397,-9.705113848450914,Relative persistent decline
IR.02,-0.5655930871956011,-11.390416339355854,-5.7083006022518985,Relative persistent decline
IR.03,-11.344299489506522,-18.103611268670825,-19.631940505451567,Relative persistent decline
IR.04,1.859312054539819,-9.606445615122404,-6.4042970767482705,Relative persistent decline
IR.05,6.416131989000917,-6.721662083715246,-7.230878908239128,Relative persistent decline
IR.06,-4.178163184864013,-3.0547891210090654,-15.700959138089608,Improvement then reversal
IR.07,-6.713600652994591,-4.438322620140802,-16.732986429956124,Improvement then reversal
IR.08,-3.0138637733574445,-2.0092425155716294,-8.170919563324626,Improvement then reversal
IR.09,-3.098905177212841,-9.881239562070885,-12.216242964062596,Relative persistent decline
IR.10,-18.4037703778104,-20.010816657652786,-19.598753508975253,Relative persistent decline
IR.11,-4.139803189684424,-22.56532066508314,-17.41884402216944,Relative persistent decline
IR.12,13.002364066193852,12.706855791962173,-13.199369582348305,Relative persistent decline
IR.13,4.276315789473684,-5.756578947368421,-12.609649122807015,Relative persistent decline
IR.14,12.22158766419189,-7.99543118218161,-3.045878545592995,Relative persistent decline
IR.15,31.784841075794624,6.723716381418093,8.353708231458844,Relative persistent decline
IR.16,-1.9138755980861242,3.588516746411483,8.373205741626794,Relative persistent improvement
IR.17,4.086021505376344,13.440860215053764,-8.24372759856631,Improvement then reversal
IR.18,13.443396226415095,16.50943396226415,11.0062893081761,Improvement then reversal
IR.19,8.98027696181284,-6.714225765841375,-13.568331235137782,Relative persistent decline
IR.20,8.4,-16.75,-11.166666666666666,Relative persistent decline
IR.21,1.496110113704368,-5.086774386594853,-14.562138440055854,Relative persistent decline
IR.22,18.97959183673469,25.0,7.142857142857142,Improvement then reversal
IR.23,-13.166556945358789,-15.470704410796579,-18.81298425077227,Relative persistent decline
IR.24,16.016640665626625,13.260530421216849,-9.880395215808631,Relative persistent decline
IR.25,25.703971119133577,14.079422382671483,14.440433212996389,Relative persistent decline
IR.26,8.184882041405874,-11.795859412614348,-19.74000962927299,Relative persistent decline
IR.27,11.2,13.647058823529413,-11.607843137254903,Improvement then reversal
IR.28,54.575163398692816,31.862745098039213,9.25925925925926,Relative persistent decline
IR.29,21.285140562248994,6.024096385542167,-5.800981704596162,Relative persistent decline
IR.30,-12.921890067502412,4.821600771456124,-7.714561234329799,Relative persistent improvement
IS.1,7.525655644241733,8.361839604713039,17.23045736728747,Relative persistent improvement
IS.3,0.0,20.0,46.666666666666664,Relative persistent improvement
IS.5,-40.0,200.0,0.0,Relative persistent improvement
IS.6,17.56756756756757,50.67567567567568,45.04504504504504,Relative persistent improvement
IT.21,-5.594645615239402,0.48624220582346567,-3.127204774707778,Relative persistent improvement
IT.23,10.76923076923077,-7.692307692307686,7.692307692307696,Relative persistent decline
IT.25,-10.078001243207476,-6.216037376431192,-1.5640352108439775,Relative persistent improvement
IT.32,4.325259515570934,4.757785467128028,11.89446366782007,Relative persistent improvement
IT.34,-2.8101548778540635,0.34594709670551915,-4.0094381464331965,Improvement then reversal
IT.36,-13.058963197467353,-9.035747262894077,-9.145671195532692,Relative persistent improvement
IT.42,-5.591894318327562,-6.092086700012826,-1.966568338249754,"Temporary decline, rebounded"
IT.45,-0.35513943258404296,-1.59409177125792,4.614122173345709,"Temporary decline, rebounded"
IT.52,-5.184128848250985,-2.201996476805637,-9.758689148002125,Improvement then reversal
IT.55,-16.514717374316227,-14.456889815056005,-8.422332204567162,Relative persistent improvement
IT.57,-9.879116298457692,1.4589412255106295,-4.654717243295817,Relative persistent improvement
IT.62,-0.7289333860273125,9.57273964782857,0.21223964050996033,Relative persistent improvement
IT.65,-0.5659995957145743,-5.05356781888013,-2.3583316488107267,Relative persistent decline
IT.67,11.294117647058822,13.529411764705882,7.843137254901961,Improvement then reversal
IT.72,-8.034387603481214,-7.057949479940564,-3.467062902426944,Relative persistent improvement
IT.75,3.8914198936977984,12.243735763097948,12.40192356365477,Relative persistent improvement
IT.77,4.387568555758684,8.683729433272394,10.359536867763559,Relative persistent improvement
IT.78,-11.0260336906585,2.807554874936192,-7.827122681640293,Relative persistent improvement
IT.82,-7.939798817476772,-6.142977808492667,0.07678722260615863,Relative persistent improvement
IT.88,-3.920090463626084,0.47116471918582725,-1.9474808393014198,Relative persistent improvement
JM.01,-20.9020902090209,-30.8030803080308,-9.534286762009534,"Temporary decline, rebounded"
JM.02,14.285714285714278,0.0,-47.61904761904761,Relative persistent decline
JO.AJ,51.16279069767442,0.0,15.503875968992247,Relative persistent decline
JO.AM,4.352921479993303,0.251130085384229,-0.1116133712818795,Relative persistent decline
JO.AT,20.930232558139533,-14.534883720930235,31.007751937984494,"Temporary decline, rebounded"
JO.AZ,5.24515393386545,29.076396807297606,34.20752565564424,Relative persistent improvement
JO.BA,11.808118081180812,20.29520295202952,23.78023780237802,Relative persistent improvement
JO.IR,3.0032177332856635,-20.736503396496246,-19.78310094148492,Relative persistent decline
JO.JA,13.72549019607843,98.0392156862745,62.091503267973856,Relative persistent improvement
JO.KA,8.064516129032258,17.473118279569892,15.232974910394264,Relative persistent improvement
JO.MA,2.3076923076923066,19.230769230769234,11.538461538461538,Relative persistent improvement
JO.MD,49.122807017543856,35.08771929824561,46.783625730994146,Relative persistent decline
JO.MN,27.2,18.0,17.333333333333332,Relative persistent decline
JP.01,-9.69509443692387,-0.7413137368658544,-8.208169492253809,Relative persistent improvement
JP.02,-0.19762845849802346,-4.6936758893280635,-0.9881422924901185,Relative persistent decline
JP.03,-11.855905152758776,-10.487916096671226,-12.007903936768505,Improvement then reversal
JP.04,-16.020716443677166,-14.242555028053518,-12.170910660336643,Relative persistent improvement
JP.05,-7.3545554335894625,-13.446761800219539,-14.270032930845225,Relative persistent decline
JP.06,-4.761904761904762,-12.591575091575093,8.547008547008547,"Temporary decline, rebounded"
JP.07,17.00374531835206,21.53558052434457,16.604244694132337,Improvement then reversal
JP.08,-9.903023388476896,-5.533371363377068,-16.010648412245676,Improvement then reversal
JP.09,13.972341440152599,22.055317119694802,7.868383404864091,Improvement then reversal
JP.10,-2.2639261245159363,-7.447125409591897,-2.8795551583755334,Relative persistent decline
JP.11,10.521140609636184,1.9665683382497545,10.160603080957063,Relative persistent decline
JP.12,11.377358490566039,2.0754716981132075,8.616352201257863,Relative persistent decline
JP.13,-1.0072634322881078,-0.8098600460607902,-3.759662783275265,Improvement then reversal
JP.14,4.032784507144411,9.42917240879089,3.7958463286671016,Improvement then reversal
JP.15,-6.855006231823848,-11.632737847943499,-7.547431103725245,Relative persistent decline
JP.16,-2.0110957004160888,0.0,10.6333795654184,Relative persistent improvement
JP.17,-8.51063829787234,-9.961315280464216,-3.4171502256608637,"Temporary decline, rebounded"
JP.18,0.56785917092561,10.789324247586599,3.2178686352451256,Relative persistent improvement
JP.19,4.656577415599534,-15.133876600698487,9.31315483119907,"Temporary decline, rebounded"
JP.20,8.670820353063345,6.360332294911735,-7.788161993769471,Relative persistent decline
JP.21,-1.4303959131545336,-7.4074074074074066,-6.555981268624946,Relative persistent decline
JP.22,3.1089853091902975,5.722582849333788,14.576927457009452,Relative persistent improvement
JP.23,0.9874453378473689,0.0235106032820801,0.250779768342189,Relative persistent decline
JP.24,6.235011990407673,-3.796962430055956,-0.13322675193178787,Relative persistent decline
JP.25,9.12506709608159,5.904455179817499,8.946144211844695,Relative persistent decline
JP.26,-9.482346186967755,-8.683379580901349,-6.745765955410966,Relative persistent improvement
JP.27,0.8619130854077511,2.2451931770236877,1.2657464890603338,Relative persistent improvement
JP.28,4.60887286408528,-0.19595547891519047,1.881172597585829,Relative persistent decline
JP.29,0.32320620555914703,2.585649644473174,2.370178840767075,Relative persistent improvement
JP.30,6.520450503852993,9.18790752815649,5.137324639399328,Improvement then reversal
JP.31,-7.37073707370737,-4.9504950495049505,-8.067473414008068,Improvement then reversal
JP.32,11.012658227848101,-6.012658227848101,-2.1097046413502114,Relative persistent decline
JP.33,-3.0079537237888645,-3.3261026753434564,1.3497228247770543,"Temporary decline, rebounded"
JP.34,-1.2598847339498724,-1.7423937809945045,-1.3849796720725551,Relative persistent decline
JP.35,-13.520906604142244,-4.493942946463463,6.903738439494593,Relative persistent improvement
JP.36,-8.291970802919707,-11.678832116788321,-7.785888077858881,"Temporary decline, rebounded"
JP.37,6.2006079027355625,23.70820668693009,0.20263424518743647,Improvement then reversal
JP.38,-7.046292503072512,3.2773453502662844,-1.092448450088762,Relative persistent improvement
JP.39,-5.429292929292929,15.782828282828284,-13.468013468013467,Improvement then reversal
JP.40,-8.21056309322774,-11.704419728643803,-8.365845610357344,Relative persistent decline
JP.41,-12.907518296739852,-8.316699933466401,-15.08094921268574,Improvement then reversal
JP.42,-12.029161603888213,-1.9744835965978114,-10.328068043742405,Relative persistent improvement
JP.43,-4.518664047151277,-0.368369351669941,-7.285527177472168,Improvement then reversal
JP.44,-6.97508896797153,22.419928825622776,17.55634638196916,Relative persistent improvement
JP.45,0.8298755186721998,3.2602252519264967,-16.992689191859316,Improvement then reversal
JP.46,-2.018691588785047,-9.158878504672897,8.722741433021808,"Temporary decline, rebounded"
JP.47,16.513085145595284,11.242167342425358,5.406069541712742,Relative persistent decline
KE.02,22.727272727272723,124.99999999999999,0.0,Improvement then reversal
KE.03,32.96703296703297,43.95604395604396,25.641025641025646,Improvement then reversal
KE.06,42.758620689655174,3.448275862068966,2.298850574712643,Relative persistent decline
KE.11,17.341040462427745,28.901734104046245,8.670520231213873,Improvement then reversal
KE.12,23.076923076923077,-14.423076923076923,22.43589743589744,Relative persistent decline
KE.13,-32.98969072164948,36.08247422680412,85.91065292096219,Relative persistent improvement
KE.14,26.548672566371682,-22.123893805309734,44.24778761061947,"Temporary decline, rebounded"
KE.15,81.08108108108108,162.16216216216216,0.0,Improvement then reversal
KE.16,22.459893048128343,34.75935828877005,-12.477718360071302,Improvement then reversal
KE.17,-8.415841584158416,-9.900990099009901,6.6006600660066,"Temporary decline, rebounded"
KE.18,30.107526881720435,48.38709677419355,3.584229390681005,Improvement then reversal
KE.20,-12.121212121212118,-20.202020202020204,-10.101010101010102,"Temporary decline, rebounded"
KE.22,103.03030303030303,-7.575757575757574,60.6060606060606,Relative persistent decline
KE.26,47.368421052631575,65.78947368421052,74.56140350877193,Relative persistent improvement
KE.27,40.0,61.53846153846154,-20.512820512820515,Improvement then reversal
KE.28,1.606425702811245,18.072289156626503,22.757697456492636,Relative persistent improvement
KE.30,-2.6020106445890008,-6.16006307904593,-7.622051383139497,Relative persistent decline
KE.31,-10.703363914373089,-8.409785932721713,-16.309887869520896,Improvement then reversal
KE.33,40.47619047619047,23.80952380952381,-3.9682539682539697,Relative persistent decline
KE.36,20.833333333333336,31.25,-6.9444444444444455,Improvement then reversal
KE.38,42.10526315789473,62.5,15.350877192982454,Improvement then reversal
KE.41,12.5,58.035714285714285,86.30952380952381,Relative persistent improvement
KE.44,-0.9363295880149813,-4.681647940074907,-2.808988764044944,Relative persistent decline
KG.GB,6.4,-2.9090909090909083,10.666666666666666,"Temporary decline, rebounded"
KG.O,7.407407407407409,11.396011396011396,21.84235517568851,Relative persistent improvement
KH.12,10.586552217453505,-4.291845493562231,35.765379113018604,"Temporary decline, rebounded"
KH.17,-2.4390243902439024,48.78048780487805,0.0,Relative persistent improvement
KI.G,-18.18181818181818,68.18181818181819,0.0,Relative persistent improvement
KN.03,23.204419889502763,-24.861878453038674,114.1804788213628,"Temporary decline, rebounded"
KN.08,-7.142857142857144,-71.42857142857143,-71.42857142857143,Relative persistent decline
KP.01,21.714285714285715,37.142857142857146,340.9523809523809,Relative persistent improvement
KR.11,-7.371523677579522,-9.697905140912514,-4.971377387671356,"Temporary decline, rebounded"
KR.26,-12.504909276569004,-7.501374597439321,-6.257691199958107,Relative persistent improvement
KR.27,2.6963445530220773,-1.7643865363735078,-5.91144890819158,Relative persistent decline
KR.28,14.11116847358458,10.755463775598004,8.260196179659266,Relative persistent decline
KR.29,-12.072026375855947,-14.39259447121481,-18.17566996364866,Relative persistent decline
KR.30,4.726951308558472,3.2281618692594445,-6.597235566145293,Relative persistent decline
KR.31,11.216988837462564,-9.120609855703785,-19.738633269806698,Relative persistent decline
KR.41,19.680029649762183,24.522824139848044,19.375295982869027,Improvement then reversal
KR.42,0.6884681583476764,0.8605851979345953,2.677376171352075,Relative persistent improvement
KR.43,4.632152588555859,34.85467756584923,26.566757493188007,Relative persistent improvement
KR.44,18.97410358565737,22.659362549800797,10.624169986719787,Improvement then reversal
KR.45,-5.682551982435749,2.001808084721684,-3.056524172370743,Relative persistent improvement
KR.46,14.588859416445624,15.473032714412025,19.157088122605362,Relative persistent improvement
KR.47,-11.868286670188414,-6.603275224511358,-7.454364031226156,Relative persistent improvement
KR.48,8.03112840466926,4.046692607003891,-5.395590142671854,Relative persistent decline
KR.49,11.932877563704164,0.9322560596643887,-3.107520198881293,Relative persistent decline
KR.50,57.23684210526316,26.31578947368421,96.49122807017544,"Temporary decline, rebounded"
KW.FA,24.0,20.0,53.333333333333336,"Temporary decline, rebounded"
KW.HA,-43.28358208955224,-3.731343283582089,-52.23880597014926,Improvement then reversal
KW.JA,13.333333333333334,66.66666666666666,44.44444444444445,Relative persistent improvement
KW.KU,7.741935483870968,-5.2109181141439205,-11.41439205955335,Relative persistent decline
KZ.10,-9.733124018838305,17.26844583987441,8.37257980115123,Relative persistent improvement
KZ.11,8.547008547008547,8.547008547008549,-17.0940170940171,Improvement then reversal
KZ.15,3.2432432432432434,-1.3513513513513518,7.207207207207208,"Temporary decline, rebounded"
KZ.23,16.071428571428573,31.25,29.76190476190476,Relative persistent improvement
KZ.27,-1.1494252873563213,37.356321839080465,-42.1455938697318,Improvement then reversal
KZ.31,6.62251655629139,19.867549668874172,-35.32008830022075,Improvement then reversal
KZ.33,6.722689075630252,-42.016806722689076,8.403361344537815,"Temporary decline, rebounded"
KZ.35,0.5997001499250374,5.9970014992503735,-3.9980009995002495,Improvement then reversal
KZ.39,15.384615384615383,6.41025641025641,17.09401709401709,"Temporary decline, rebounded"
KZ.43,11.214953271028037,46.728971962616825,21.806853582554513,Relative persistent improvement
KZ.55,0.0,-5.119453924914676,-11.376564277588168,Relative persistent decline
KZ.59,10.294117647058822,33.088235294117645,44.11764705882353,Relative persistent improvement
KZ.61,0.8264462809917361,10.330578512396695,-12.396694214876034,Improvement then reversal
KZ.63,0.6514657980456023,-14.657980456026058,-6.514657980456025,Relative persistent decline
KZ.71,8.920315474571662,7.614903453902636,10.697126280482278,"Temporary decline, rebounded"
KZ.75,4.420030659172203,1.2135922330097086,9.495826946005792,"Temporary decline, rebounded"
KZ.79,7.050092764378479,4.638218923933211,6.802721088435374,Relative persistent decline
LA.VT,17.647058823529413,56.06617647058823,39.21568627450981,Relative persistent improvement
LB.AS,7.879924953095687,-6.566604127579739,33.771106941838646,"Temporary decline, rebounded"
LB.BA,9.201277955271566,-22.939297124600643,-34.419595314164006,Relative persistent decline
LB.JA,34.78260869565217,-130.43478260869566,-14.492753623188406,Relative persistent decline
LB.JL,8.928571428571429,-2.2321428571428577,-32.73809523809524,Relative persistent decline
LI.01,-37.5,218.75,-104.16666666666667,Improvement then reversal
LI.07,16.666666666666664,166.66666666666669,41.666666666666664,Relative persistent improvement
LI.11,8.571428571428571,50.0,-28.571428571428566,Improvement then reversal
LK.1,3.5851901491037026,0.5025967498743507,-16.41816049589546,Relative persistent decline
LK.2,-8.923591745677635,-13.943112102621305,-36.066183305447105,Relative persistent decline
LK.3,7.796610169491525,5.932203389830509,-15.819209039548022,Relative persistent decline
LK.4,23.008849557522126,13.274336283185841,-20.64896755162242,Relative persistent decline
LK.5,22.14285714285714,17.857142857142858,-15.476190476190474,Relative persistent decline
LK.6,18.584070796460175,26.548672566371682,7.374631268436578,Improvement then reversal
LK.7,18.25726141078838,12.448132780082986,-2.3684757858670005e-15,Relative persistent decline
LK.8,59.01639344262295,36.885245901639344,27.3224043715847,Relative persistent decline
LK.9,8.64864864864865,54.054054054054056,-18.01801801801802,Improvement then reversal
LR.MG,-47.05882352941177,-205.88235294117646,196.07843137254898,"Temporary decline, rebounded"
LR.MO,49.48453608247423,-12.88659793814433,24.054982817869416,Relative persistent decline
LS.A,4.672897196261681,28.037383177570092,20.249221183800625,Relative persistent improvement
LT.KL,-1.6528925619834716,16.528925619834713,7.575757575757575,Relative persistent improvement
LT.KU,0.364630811303555,0.113947128532361,2.3549073230021267,"Temporary decline, rebounded"
LT.PN,94.11764705882352,-14.705882352941178,-9.80392156862745,Relative persistent decline
LT.SA,-10.062893081761006,-88.0503144654088,-33.542976939203356,Relative persistent decline
LT.VL,-2.1970920840064623,1.3731825525040386,7.1082390953150245,Relative persistent improvement
LU.ES,32.196969696969695,78.59848484848484,58.080808080808076,Relative persistent improvement
LU.GR,11.764705882352944,-117.6470588235294,58.8235294117647,"Temporary decline, rebounded"
LU.LU,24.91549975857074,37.66296475132786,42.16964429422179,Relative persistent improvement
LU.ME,64.28571428571429,0.0,0.0,Relative persistent decline
LV.087,23.333333333333336,4.166666666666667,22.222222222222225,Relative persistent decline
LV.091,35.294117647058826,-29.41176470588235,19.6078431372549,Relative persistent decline
LV.113,31.818181818181813,56.81818181818181,-15.15151515151515,Improvement then reversal
LV.DGV,-3.2085561497326203,10.695187165775401,0.0,Relative persistent improvement
LV.JEL,11.1368909512761,1.160092807424594,0.7733952049497294,Relative persistent decline
LV.LPX,5.063291139240507,12.658227848101268,4.219409282700422,Improvement then reversal
LV.REZ,2.298850574712643,2.8735632183908044,-21.0727969348659,Improvement then reversal
LV.RIX,-7.517269402681836,-0.20316944331572517,5.282405526208858,Relative persistent improvement
LV.VEN,17.543859649122805,0.0,-35.08771929824561,Relative persistent decline
LY.BA,15.780445969125214,48.88507718696397,24.585477415666094,Relative persistent improvement
LY.JA,12.280701754385964,13.157894736842103,29.23976608187134,Relative persistent improvement
LY.JG,53.846153846153854,19.230769230769234,89.74358974358977,"Temporary decline, rebounded"
LY.MB,48.9795918367347,25.510204081632654,85.03401360544218,"Temporary decline, rebounded"
LY.MI,37.719298245614034,48.24561403508771,35.08771929824561,Improvement then reversal
LY.SB,38.46153846153847,57.69230769230769,-5.128205128205128,Improvement then reversal
LY.SR,52.38095238095237,83.33333333333333,15.873015873015872,Improvement then reversal
LY.TB,19.06116642958748,35.56187766714083,55.00237079184448,Relative persistent improvement
LY.ZA,24.793388429752067,-16.528925619834713,82.64462809917356,"Temporary decline, rebounded"
MA.01,13.4375,33.984375,9.114583333333334,Improvement then reversal
MA.02,10.993975903614459,14.307228915662652,-3.7650602409638574,Improvement then reversal
MA.03,-6.937901498929337,-11.241970021413275,-19.34332619557459,Relative persistent decline
MA.04,-3.0862635972678976,-1.2648621300278275,-6.4929589341428455,Improvement then reversal
MA.05,31.079478054567023,33.214709371293004,29.26057730328193,Improvement then reversal
MA.06,5.909960020858682,8.864940031288024,0.2317631380728895,Improvement then reversal
MA.07,8.403361344537815,7.110536522301228,16.591251885369534,"Temporary decline, rebounded"
MA.09,26.411960132890364,36.54485049833887,19.93355481727575,Improvement then reversal
MD.BA,-7.142857142857143,-35.71428571428571,-35.714285714285715,Relative persistent decline
MD.CU,-0.08707009142359592,-1.7414018284719202,2.0316354665505734,"Temporary decline, rebounded"
MD.SN,-10.909090909090907,-72.72727272727272,-90.90909090909089,Relative persistent decline
ME.16,3.6730945821854917,3.67309458218549,22.650749923477196,"Temporary decline, rebounded"
MK.211,-3.5460992907801425,31.914893617021278,26.004728132387708,Relative persistent improvement
MK.310,-5.405405405405405,-40.54054054054054,-27.027027027027028,Relative persistent decline
MK.501,-3.3898305084745757,10.593220338983052,-9.887005649717516,Improvement then reversal
MK.609,4.776119402985075,-7.462686567164179,-3.9800995024875623,Relative persistent decline
ML.2,-3.921568627450989,88.23529411764707,-26.143790849673206,Improvement then reversal
ML.BKO,14.03688524590164,16.393442622950822,-11.953551912568306,Improvement then reversal
MM.04,2.489626556016597,-8.29875518672199,47.02627939142462,"Temporary decline, rebounded"
MM.06,-16.513761467889907,22.426095820591236,24.46483180428135,Relative persistent improvement
MM.18,31.768953068592054,-12.635379061371847,7.220216606498194,Relative persistent decline
MN.1,-10.324129651860744,-0.8003201280512204,23.609443777511004,Relative persistent improvement
MP.S,19.047619047619044,-119.04761904761904,126.98412698412697,"Temporary decline, rebounded"
MR.08,6.25,-15.625,114.58333333333333,"Temporary decline, rebounded"
MT.09,48.27586206896551,25.862068965517242,51.724137931034484,"Temporary decline, rebounded"
MT.21,18.604651162790695,69.76744186046511,-108.52713178294573,Improvement then reversal
MT.34,8.407079646017698,23.59882005899705,5.653883972468043,Improvement then reversal
MT.39,26.666666666666668,150.0,33.333333333333336,Relative persistent improvement
MT.40,-160.0,-157.14285714285714,66.66666666666667,Relative persistent improvement
MT.60,28.571428571428573,-59.52380952380952,55.55555555555555,"Temporary decline, rebounded"
MU.MO,-3.8626609442060085,2.1459227467811157,1.4802973661668755e-15,Relative persistent improvement
MU.PL,16.216216216216218,0.0,27.027027027027028,"Temporary decline, rebounded"
MU.PW,17.391304347826086,21.73913043478261,-43.47826086956522,Improvement then reversal
MV.26,-5.555555555555558,61.111111111111114,88.8888888888889,Relative persistent improvement
MW.C,-7.848837209302324,36.33720930232558,108.52713178294574,Relative persistent improvement
MW.N,14.012738853503183,-22.292993630573246,8.492569002123142,Relative persistent decline
MW.S,5.235602094240838,-30.366492146596862,-65.27050610820244,Relative persistent decline
MX.AGU,1.451027811366383,7.255139056831922,35.066505441354295,Relative persistent improvement
MX.BCN,-7.836598582742809,3.5431429762401,8.892594136445743,Relative persistent improvement
MX.BCS,14.592274678111588,47.21030042918455,-8.583690987124465,Improvement then reversal
MX.CAM,10.11743450767841,1.3550135501355014,1.2044564890093348,Relative persistent decline
MX.CHH,5.680256527714155,-8.016491067338524,4.580852038479157,Relative persistent decline
MX.CHP,14.416243654822335,6.091370558375635,9.475465313028765,Relative persistent decline
MX.CMX,-6.127762640024221,-7.488142093046726,-6.7951693746425805,Relative persistent decline
MX.COA,20.1772324471711,-0.34083162917518717,22.26766643944558,"Temporary decline, rebounded"
MX.COL,-4.878048780487805,-5.738880918220947,-11.477761836441895,Relative persistent decline
MX.DUR,10.689655172413794,13.793103448275861,37.35632183908046,Relative persistent improvement
MX.GRO,21.54255319148936,16.622340425531913,32.358156028368796,"Temporary decline, rebounded"
MX.GUA,9.587786259541986,-7.633587786259542,5.903307888040712,Relative persistent decline
MX.HID,10.816432657306292,6.760270410816432,16.64066562662507,"Temporary decline, rebounded"
MX.JAL,9.52201731275875,5.363191569439216,18.316396938903527,"Temporary decline, rebounded"
MX.MEX,-1.0909730775998592,-0.8798169980644026,-10.147222711009443,Improvement then reversal
MX.MIC,-3.206841261357563,-2.939604489577766,11.580260110457866,Relative persistent improvement
MX.MOR,-14.46224256292906,-15.102974828375284,-9.458428680396644,"Temporary decline, rebounded"
MX.NAY,10.925644916540211,1.5174506828528074,19.726858877086496,"Temporary decline, rebounded"
MX.NLE,5.59254327563249,9.690782660156827,5.770084332001775,Relative persistent improvement
MX.OAX,5.05952380952381,14.136904761904763,32.242063492063494,Relative persistent improvement
MX.PUE,5.744789018810371,-0.762582613116421,-1.948822233519742,Relative persistent decline
MX.QUE,13.466334164588527,12.157107231920198,20.989193682460517,"Temporary decline, rebounded"
MX.ROO,10.752688172043012,26.881720430107528,39.42652329749104,Relative persistent improvement
MX.SIN,-8.881784197001253e-17,2.7529249827942186,14.911676990135353,Relative persistent improvement
MX.SLP,-4.016064257028113,-11.601963409192326,-2.5286330507214037,"Temporary decline, rebounded"
MX.SON,7.865570253843404,-1.2513407222023596,0.1191753068764152,Relative persistent decline
MX.TAB,16.81159420289855,24.154589371980677,18.357487922705314,Relative persistent improvement
MX.TAM,-31.386861313868614,0.6082725060827252,59.40794809407948,Relative persistent improvement
MX.TLA,14.767932489451477,2.109704641350211,40.78762306610408,"Temporary decline, rebounded"
MX.VER,4.854368932038835,4.854368932038835,34.430061129090255,Relative persistent improvement
MX.YUC,-3.1802120141342756,-17.962308598351,5.496662740478995,"Temporary decline, rebounded"
MX.ZAC,13.138686131386859,20.681265206812654,13.787510137875103,Relative persistent improvement
MY.01,-30.46639919759278,-26.76780341023069,-29.79772651287195,Relative persistent improvement
MY.02,-17.255252570406793,-34.197586052749216,-7.599463567277605,"Temporary decline, rebounded"
MY.03,-17.584863661658318,-35.33667223149694,12.799109627156371,"Temporary decline, rebounded"
MY.04,-8.667476711219118,-10.530579181855003,-2.0251113811259622,"Temporary decline, rebounded"
MY.05,19.70899470899471,14.219576719576718,22.707231040564377,"Temporary decline, rebounded"
MY.06,15.753781950965049,-18.257694314032342,-6.2597809076682305,Relative persistent decline
MY.07,-15.08850317924042,-12.28733459357278,-29.672910580282977,Improvement then reversal
MY.08,0.2673796791443849,-12.199197860962567,-8.02139037433155,Relative persistent decline
MY.09,-0.21786492374727723,9.803921568627452,-24.50980392156863,Improvement then reversal
MY.10,-11.028703121726377,-2.3046302116069555,-9.874991270340107,Relative persistent improvement
MY.11,16.234498308906424,3.757985719654265,-5.2611800075159705,Relative persistent decline
MY.12,15.128449096098956,15.461465271170315,4.757373929590865,Improvement then reversal
MY.13,15.73333333333333,7.777777777777778,2.5185185185185173,Relative persistent decline
MY.14,-5.1096801214596095,-13.42861630281137,-13.594401689265831,Relative persistent decline
MY.16,5.388069275176394,57.40859525336754,41.051956382296346,Relative persistent improvement
MZ.MPM,-17.193164163645783,-38.58104609010875,-35.90540307267391,Relative persistent decline
MZ.N,60.550458715596335,13.761467889908257,82.56880733944955,"Temporary decline, rebounded"
MZ.S,-62.962962962962955,92.59259259259258,135.80246913580245,Relative persistent improvement
NA.KH,21.193666260657736,12.18026796589525,3.2480714575720664,Relative persistent decline
NC.S,30.319148936170212,23.93617021276596,1.77304964539007,Relative persistent decline
NE.4,45.45454545454545,79.54545454545455,11.363636363636365,Improvement then reversal
NE.7,44.0,0.0,113.33333333333333,"Temporary decline, rebounded"
NE.8,4.6172539489671935,8.50546780072904,-2.8351559335763468,Improvement then reversal
NG.AB,4.7386759581881535,-9.40766550522648,-22.531939605110338,Relative persistent decline
NG.AD,9.98613037447989,-1.386962552011096,7.859454461396209,Relative persistent decline
NG.AK,3.6306235201262824,10.260457774269929,11.838989739542226,Relative persistent improvement
NG.AN,-0.6053726825576995,2.837684449489217,-8.82835162063312,Improvement then reversal
NG.BA,-3.1914893617021276,28.590425531914892,-18.617021276595747,Improvement then reversal
NG.BE,1.8090452261306544,-17.085427135678394,-22.780569514237854,Relative persistent decline
NG.BO,-8.151658767772512,-18.009478672985782,-22.116903633491308,Relative persistent decline
NG.BY,12.756264236902052,9.111617312072893,21.26044039483675,"Temporary decline, rebounded"
NG.CR,-0.40383644623927306,-6.814740030287734,-11.610297829379101,Relative persistent decline
NG.DE,7.80399274047187,26.315789473684212,36.29764065335753,Relative persistent improvement
NG.EB,19.349164467897975,13.192612137203167,-26.38522427440633,Relative persistent decline
NG.ED,1.4565316340464272,-3.868912152935822,-16.082536792595963,Relative persistent decline
NG.EK,13.801261829652997,14.392744479495267,20.899053627760253,Relative persistent improvement
NG.EN,-1.0490977759127147,-11.74989509022241,-15.946286193873268,Relative persistent decline
NG.FC,11.181434599156118,10.548523206751055,7.969995311767463,Relative persistent decline
NG.GO,26.931567328918323,45.253863134657834,10.30169242089772,Improvement then reversal
NG.IM,2.3296447291788,6.4065230052417,24.072995534847607,Relative persistent improvement
NG.JI,39.21568627450981,78.43137254901961,-57.18954248366013,Improvement then reversal
NG.KD,-5.179063360881542,-10.468319559228648,-32.323232323232325,Relative persistent decline
NG.KE,28.834355828220858,12.269938650306749,1.022494887525563,Relative persistent decline
NG.KN,12.5,5.380794701986755,1.241721854304636,Relative persistent decline
NG.KO,9.542743538767397,14.910536779324056,62.29290921139827,Relative persistent improvement
NG.KT,17.21518987341772,26.582278481012658,3.3755274261603367,Improvement then reversal
NG.KW,2.606267452683835,-15.823766677009,-13.341607198262489,Relative persistent decline
NG.LA,-2.4913212170716763,2.9609965284868283,-8.30440405690559,Improvement then reversal
NG.NA,15.84454409566517,-1.4947683109118088,67.26457399103138,"Temporary decline, rebounded"
NG.NI,6.806282722513089,1.3089005235602094,-21.52414194299011,Relative persistent decline
NG.OG,-0.2596728122565569,-8.958712022851207,-23.803341123517697,Relative persistent decline
NG.ON,9.213893967093236,-10.054844606946983,-5.484460694698355,Relative persistent decline
NG.OS,-5.324270744831493,-15.293118096856416,-16.614745586708207,Relative persistent decline
NG.OY,-9.644122631335696,-12.324757356339546,-18.69254865711498,Relative persistent decline
NG.PL,-4.087591240875912,13.868613138686133,-11.19221411192214,Improvement then reversal
NG.RI,6.29126213592233,-0.19417475728155287,2.2006472491909386,Relative persistent decline
NG.SO,1.3293943870014773,-13.663220088626293,-23.14130969965534,Relative persistent decline
NG.TA,24.285714285714285,29.761904761904763,104.76190476190476,Relative persistent improvement
NG.YO,25.454545454545453,99.99999999999999,3.03030303030303,Improvement then reversal
NG.ZA,41.50943396226414,150.94339622641508,-31.446540880503147,Improvement then reversal
NI.AN,7.058823529411764,-35.29411764705882,19.6078431372549,"Temporary decline, rebounded"
NI.LE,7.105427357601002e-16,0.0,-45.45454545454546,Relative persistent decline
NI.MN,-5.161290322580646,-32.90322580645161,22.795698924731184,"Temporary decline, rebounded"
NL.DR,-4.810996563573883,0.0,37.80068728522337,Relative persistent improvement
NL.FL,-14.574898785425097,26.315789473684212,53.98110661268556,Relative persistent improvement
NL.FR,22.2680412371134,29.896907216494846,37.11340206185567,Relative persistent improvement
NL.GE,-5.75824688192097,3.2346427322531763,2.661537863775887,Relative persistent improvement
NL.GR,2.6618633043130187,8.555989192434705,-10.373928416558257,Improvement then reversal
NL.LI,-0.38027977726470186,4.753497215808774,-2.716284123319299,Improvement then reversal
NL.NB,8.943758573388203,11.454046639231823,14.906264288980339,Relative persistent improvement
NL.NH,0.1117609805163358,-2.104831799724323,-4.296588806516907,Relative persistent decline
NL.OV,-2.267993520018514,9.719972228650777,14.348530432770191,Relative persistent improvement
NL.UT,0.980674935102394,5.307182001730602,9.883665032208441,Relative persistent improvement
NL.ZE,65.21739130434783,-10.869565217391305,193.23671497584542,"Temporary decline, rebounded"
NL.ZH,5.951580363147277,6.2878278412911905,6.198161847119479,Relative persistent improvement
NO.01,35.03649635036496,20.681265206812654,4.055150040551501,Relative persistent decline
NO.02,-15.476190476190476,0.1860119047619042,5.208333333333333,Relative persistent improvement
NO.03,13.394066231687798,14.649759940908531,7.242808486191474,Improvement then reversal
NO.06,79.79057591623037,34.031413612565444,29.31937172774869,Relative persistent decline
NO.07,-124.76190476190477,-4.761904761904763,7.936507936507938,Relative persistent improvement
NO.08,-198.46153846153848,7.6923076923076925,5.128205128205129,Relative persistent improvement
NO.11,-2.297592997811816,13.949671772428886,14.952589350838801,Relative persistent improvement
NO.15,9.207161125319693,14.066496163682865,32.39556692242114,Relative persistent improvement
NO.18,32.76836158192091,25.423728813559322,32.48587570621469,Relative persistent decline
NO.19,14.352159468438538,11.129568106312291,3.654485049833886,Relative persistent decline
NO.20,14.285714285714283,95.23809523809524,15.873015873015872,Relative persistent improvement
NO.34,44.79717813051146,30.864197530864196,65.84362139917695,"Temporary decline, rebounded"
NO.42,27.526881720430104,30.107526881720432,8.243727598566307,Improvement then reversal
NO.46,10.79805281014899,12.907508482077002,10.2768353247775,Improvement then reversal
NO.50,8.242177562961079,7.4408547443398625,5.766132451454253,Relative persistent decline
NP.P1,-13.257575757575756,-37.40530303030303,-23.358585858585858,Relative persistent decline
NP.P2,40.322580645161295,-137.09677419354838,-112.90322580645163,Relative persistent decline
NP.P3,4.3419496536577125,10.81263726980909,-5.6597398209156955,Improvement then reversal
NP.P4,1.0217113665389532,12.77139208173691,-2.979991485738612,Improvement then reversal
NP.P5,8.450704225352112,-7.042253521126761,-51.64319248826291,Relative persistent decline
NP.P6,40.0,99.99999999999999,-27.27272727272727,Improvement then reversal
NZ.AUK,2.740266140956136,-1.1828486939379006,-9.298505010678495,Relative persistent decline
NZ.BOP,29.856850715746425,28.629856850715747,24.539877300613497,Relative persistent decline
NZ.CAN,-12.843112566104256,-1.133215814656258,-7.3029463611181065,Relative persistent improvement
NZ.HKB,30.927835051546396,20.618556701030926,65.29209621993127,"Temporary decline, rebounded"
NZ.MWT,3.184165232358003,-8.820998278829604,-33.27596098680436,Relative persistent decline
NZ.NSN,54.90196078431372,29.41176470588235,11.437908496732026,Relative persistent decline
NZ.NTL,30.0,166.66666666666669,0.0,Improvement then reversal
NZ.OTA,-9.770780273211392,-11.692521416994673,-25.46885853206761,Relative persistent decline
NZ.STL,30.0,300.0,66.66666666666667,Relative persistent improvement
NZ.TKI,47.826086956521735,10.869565217391305,-36.231884057971016,Relative persistent decline
NZ.WGN,10.788594913948113,11.94451579758541,16.097268601763847,Relative persistent improvement
NZ.WKO,5.056553559547571,14.637391882900864,-3.770237303171435,Improvement then reversal
OM.BJ,40.0,-14.285714285714285,19.047619047619047,Relative persistent decline
OM.BS,28.19148936170213,65.15957446808511,29.255319148936167,Relative persistent improvement
OM.BU,24.242424242424242,45.45454545454545,35.35353535353536,Relative persistent improvement
OM.DA,23.64864864864865,82.77027027027026,60.81081081081081,Relative persistent improvement
OM.MA,9.632602655140476,5.248533497993209,6.1747452917567145,Relative persistent decline
OM.SJ,93.33333333333333,-100.0,-77.77777777777777,Relative persistent decline
OM.ZA,-29.629629629629626,0.0,111.1111111111111,Relative persistent improvement
OM.ZU,35.50295857988166,5.9171597633136095,80.86785009861933,"Temporary decline, rebounded"
PA.10,66.66666666666667,83.33333333333333,-46.2962962962963,Improvement then reversal
PA.4,5.333333333333334,-20.0,13.333333333333323,"Temporary decline, rebounded"
PA.8,14.437984496124031,53.05232558139535,77.8423772609819,Relative persistent improvement
PE.AMA,24.193548387096776,-8.064516129032258,53.76344086021505,"Temporary decline, rebounded"
PE.ANC,-55.19713261648745,-46.59498207885305,-1.1947431302270008,Relative persistent improvement
PE.APU,0.0,46.2962962962963,95.679012345679,Relative persistent improvement
PE.ARE,25.222929936305732,16.560509554140125,19.10828025477707,Relative persistent decline
PE.AYA,8.928571428571429,0.0,34.226190476190474,"Temporary decline, rebounded"
PE.CAJ,17.699115044247787,92.92035398230088,61.946902654867266,Relative persistent improvement
PE.CAL,9.316770186335404,21.73913043478261,-4.140786749482404,Improvement then reversal
PE.CUS,14.423076923076923,13.221153846153847,36.05769230769231,"Temporary decline, rebounded"
PE.HUC,8.108108108108109,40.54054054054054,1.1261261261261266,Improvement then reversal
PE.HUV,14.678899082568808,64.22018348623854,-15.290519877675843,Improvement then reversal
PE.ICA,-2.1621621621621623,35.13513513513514,-18.018018018018015,Improvement then reversal
PE.JUN,19.389587073608617,52.96229802513464,26.33153800119689,Relative persistent improvement
PE.LAL,8.286674132138858,16.797312430011196,51.51175811870101,Relative persistent improvement
PE.LAM,10.300429184549355,13.948497854077253,17.8826895565093,Relative persistent improvement
PE.LIM,18.269230769230766,36.05769230769231,-22.435897435897434,Improvement then reversal
PE.LMA,3.722378763161798,20.2802906718078,7.266795195017056,Relative persistent improvement
PE.LOR,-18.53035143769968,3.1948881789137378,15.974440894568689,Relative persistent improvement
PE.MDD,-7.407407407407407,120.37037037037037,49.382716049382715,Relative persistent improvement
PE.MOQ,38.88888888888889,27.777777777777775,27.777777777777775,Relative persistent decline
PE.PAS,16.49484536082474,10.309278350515463,27.491408934707902,"Temporary decline, rebounded"
PE.PIU,12.30769230769231,38.46153846153846,87.17948717948718,Relative persistent improvement
PE.PUN,5.118110236220472,25.590551181102363,15.091863517060368,Relative persistent improvement
PE.SAM,34.061135371179034,52.40174672489083,59.67976710334789,Relative persistent improvement
PE.TAC,14.893617021276594,23.93617021276596,40.78014184397163,Relative persistent improvement
PE.TUM,12.76595744680851,21.276595744680854,-7.092198581560282,Improvement then reversal
PE.UCA,9.80392156862745,102.94117647058823,107.84313725490195,Relative persistent improvement
PF.V,13.868613138686133,-27.37226277372263,19.464720194647203,"Temporary decline, rebounded"
PG.EHG,-18.045112781954884,18.796992481203006,7.518796992481203,Relative persistent improvement
PG.MPL,26.35658914728682,15.503875968992247,95.60723514211888,"Temporary decline, rebounded"
PG.MPM,-11.320754716981133,-37.73584905660377,-25.157232704402514,Relative persistent decline
PG.NCD,-6.34920634920635,18.51851851851852,-19.400352733686066,Improvement then reversal
PH.00,-0.34192904972218263,5.342641401909104,16.289120007598424,Relative persistent improvement
PH.01,-20.72072072072072,-2.252252252252248,154.65465465465465,Relative persistent improvement
PH.02,19.047619047619047,57.53968253968254,92.5925925925926,Relative persistent improvement
PH.03,-2.0592020592020597,45.04504504504504,50.1930501930502,Relative persistent improvement
PH.05,-2.8368794326241136,49.645390070921984,52.009456264775416,Relative persistent improvement
PH.06,10.894941634241246,13.618677042801556,42.80155642023346,Relative persistent improvement
PH.07,7.533414337788578,-10.328068043742404,19.441069258809232,"Temporary decline, rebounded"
PH.08,-0.9456264775413711,5.91016548463357,26.792750197005518,Relative persistent improvement
PH.09,-2.73972602739726,34.24657534246575,114.15525114155251,Relative persistent improvement
PH.10,-2.2471910112359543,28.08988764044944,40.2621722846442,Relative persistent improvement
PH.11,5.572755417956656,55.72755417956656,59.85552115583075,Relative persistent improvement
PH.12,0.9708737864077677,-20.631067961165048,33.17152103559871,"Temporary decline, rebounded"
PH.13,16.666666666666664,57.6923076923077,74.78632478632478,Relative persistent improvement
PH.14,-10.44776119402985,52.23880597014925,62.18905472636816,Relative persistent improvement
PH.15,15.564202334630352,25.291828793774318,19.45525291828794,Relative persistent improvement
PH.40,3.258655804480651,2.036659877800407,11.541072640868975,"Temporary decline, rebounded"
PH.41,18.91891891891892,67.56756756756756,54.054054054054056,Relative persistent improvement
PK.BA,36.864771748492686,6.459948320413437,14.355440712029855,Relative persistent decline
PK.GB,34.210526315789465,29.605263157894736,-46.05263157894737,Relative persistent decline
PK.IS,-6.205250596658711,-15.444936924650527,-30.117058756676897,Relative persistent decline
PK.JK,36.517533252720675,38.694074969770256,-12.091898428053204,Improvement then reversal
PK.KP,12.142011834319527,25.857988165680474,24.536489151873766,Relative persistent improvement
PK.PB,10.002872554339152,22.613386103220456,14.075516261849288,Relative persistent improvement
PK.SD,-2.2081184715060163,1.619727621314293,2.886861474723434,Relative persistent improvement
PL.02,-4.004854368932039,-5.713996763754046,-8.158036677454154,Relative persistent decline
PL.04,-3.915461624026696,-4.4493882091212456,-1.4089729328883944,"Temporary decline, rebounded"
PL.06,-3.068987749838814,-1.9987105093488071,-4.126370083816892,Improvement then reversal
PL.08,23.18840579710145,26.755852842809368,9.66183574879227,Improvement then reversal
PL.10,-1.8346148657763386,-3.507351949278295,-5.755654480866945,Relative persistent decline
PL.12,1.668719901444731,-0.22398924851607127,4.965095008772912,"Temporary decline, rebounded"
PL.14,0.8182626741772904,3.1426030240142304,3.646605395790098,Relative persistent improvement
PL.16,15.053763440860214,-1.7921146953405023,4.778972520908005,Relative persistent decline
PL.18,10.21377672209026,3.9588281868566906,11.87648456057007,"Temporary decline, rebounded"
PL.20,3.6597763470010163,-1.8637749915282955,-3.8405060431492153,Relative persistent decline
PL.22,5.086440920131447,3.5719388484069152,14.764013906748582,"Temporary decline, rebounded"
PL.24,0.39812879466507395,6.817955608639394,7.796688895524369,Relative persistent improvement
PL.26,6.580829756795422,32.18884120171674,-5.722460658082977,Improvement then reversal
PL.28,6.224737267582862,-3.2336297493936943,-2.829426030719483,Relative persistent decline
PL.30,-3.747293098578288,-1.4122963939365405,0.5649185575746163,Relative persistent improvement
PL.32,-4.563131967850661,0.38890329271454505,2.679111572033532,Relative persistent improvement
PT.01,-5.579276971249644,1.8502704241389134,-24.95492931018123,Improvement then reversal
PT.02,24.0,-32.0,32.0,"Temporary decline, rebounded"
PT.03,4.507922338763668,10.488730194153092,-19.340920925388676,Improvement then reversal
PT.04,17.094017094017097,13.888888888888886,42.73504273504273,"Temporary decline, rebounded"
PT.05,-0.149812734082397,-13.108614232209739,-23.470661672908864,Relative persistent decline
PT.06,-9.823529411764707,-7.132352941176471,-34.36274509803922,Improvement then reversal
PT.07,7.970342910101946,0.46339202965708903,-23.78745752239728,Relative persistent decline
PT.08,-7.161803713527851,0.0,7.073386383731211,Relative persistent improvement
PT.09,40.41450777202073,15.544041450777202,-3.454231433506042,Relative persistent decline
PT.10,12.816691505216095,44.70938897168406,-22.35469448584203,Improvement then reversal
PT.11,-1.3552377575542685,5.141236260489304,-6.828717383025385,Improvement then reversal
PT.12,26.31578947368421,85.52631578947368,61.40350877192983,Relative persistent improvement
PT.13,3.8212941260032673,5.042971801974572,-20.929516774392123,Improvement then reversal
PT.14,29.154518950437318,-18.950437317784257,-11.661807580174928,Relative persistent decline
PT.15,13.60759493670886,-1.1867088607594933,-21.888185654008442,Relative persistent decline
PT.16,44.95412844036697,41.284403669724774,-13.761467889908259,Relative persistent decline
PT.17,-10.954063604240284,4.858657243816254,-11.189634864546527,Improvement then reversal
PT.18,1.9108280254777064,8.757961783439491,-63.16348195329087,Improvement then reversal
PT.20,-2.272727272727271,21.915584415584416,-6.4935064935064934,Improvement then reversal
PT.30,8.982035928143713,1.4970059880239521,-6.487025948103792,Relative persistent decline
PW.150,19.512195121951223,-12.195121951219512,-65.04065040650407,Relative persistent decline
PY.10,68.4931506849315,41.095890410958894,141.55251141552512,"Temporary decline, rebounded"
PY.11,22.730860299921073,29.99210734017364,-17.100762957116547,Improvement then reversal
PY.12,25.31645569620253,139.2405063291139,37.974683544303794,Relative persistent improvement
PY.7,19.642857142857146,-53.57142857142857,-50.595238095238095,Relative persistent decline
PY.ASU,18.63453815261044,51.80722891566265,64.79250334672021,Relative persistent improvement
QA.DA,24.06695938529089,12.143249176728869,11.205634833516283,Relative persistent decline
RO.AB,4.958677685950414,45.45454545454545,11.019283746556475,Relative persistent improvement
RO.AG,-2.6402640264026402,-24.75247524752475,-90.20902090209022,Relative persistent decline
RO.AR,14.713896457765665,13.623978201634877,0.0,Relative persistent decline
RO.B,1.751068151572459,0.14008545212579676,-1.7744157269267582,Relative persistent decline
RO.BC,8.737864077669903,-7.281553398058252,-8.09061488673139,Relative persistent decline
RO.BH,12.995594713656388,-1.6519823788546257,15.051395007342144,"Temporary decline, rebounded"
RO.BV,3.5785288270377733,5.964214711729622,17.56129887342611,Relative persistent improvement
RO.CJ,2.463863337713535,3.449408672798948,1.533070521243977,Improvement then reversal
RO.CS,-75.55555555555556,-233.33333333333331,-74.07407407407406,"Temporary decline, rebounded"
RO.CT,0.7299270072992701,11.557177615571778,14.193025141930251,Relative persistent improvement
RO.DB,4.472843450479234,-7.987220447284344,4.259850905218317,Relative persistent decline
RO.DJ,7.729468599033817,7.59144237405107,0.23004370830457788,Relative persistent decline
RO.GJ,6.1855670103092795,0.0,-10.309278350515465,Relative persistent decline
RO.GL,7.886089813800656,20.262869660460023,21.90580503833516,Relative persistent improvement
RO.HD,19.083969465648856,19.083969465648856,22.900763358778622,Relative persistent improvement
RO.IF,40.54054054054054,29.054054054054056,8.108108108108109,Relative persistent decline
RO.IS,-1.8540527691942004,-4.872830995959116,-2.535456778385231,Relative persistent decline
RO.MS,6.25,12.499999999999998,-0.8928571428571429,Improvement then reversal
RO.PH,1.0869565217391304,10.869565217391305,25.362318840579714,Relative persistent improvement
RO.SB,9.887005649717514,10.593220338983052,12.711864406779661,Relative persistent improvement
RO.SV,14.799154334038054,22.198731501057082,9.16138125440451,Improvement then reversal
RO.TL,22.857142857142854,7.142857142857142,14.285714285714285,Relative persistent decline
RO.TM,3.779244151169766,2.8494301139772045,2.499500099980004,Relative persistent decline
RS.VO,3.1398835773505027,3.527959075674722,-4.762744752160875,Improvement then reversal
RU.AD,-0.7462686567164184,5.597014925373134,26.11940298507463,Relative persistent improvement
RU.AL,-30.864197530864196,9.259259259259258,-14.403292181069958,Relative persistent improvement
RU.ALT,7.493188010899184,-18.05177111716621,-15.213442325158946,Relative persistent decline
RU.AMU,11.28747795414462,18.51851851851852,-13.521457965902409,Improvement then reversal
RU.ARK,4.175365344467641,-18.26722338204593,-5.915100904662492,Relative persistent decline
RU.AST,4.540763673890607,-14.447884416924664,-16.855865153078778,Relative persistent decline
RU.BA,0.8985092914028996,-4.798856442720033,-22.598870056497177,Relative persistent decline
RU.BEL,5.870841487279844,4.64774951076321,-12.883235485975211,Relative persistent decline
RU.BRY,7.7071290944123305,13.48747591522158,-9.633911368015413,Improvement then reversal
RU.BU,0.0,-8.06451612903226,-1.792114695340503,Relative persistent decline
RU.CE,9.704641350210972,5.274261603375527,2.1097046413502105,Relative persistent decline
RU.CHE,-2.7785344592754018,-2.587850721874149,-14.25587941523654,Improvement then reversal
RU.CU,16.310160427807485,22.058823529411764,-9.80392156862745,Improvement then reversal
RU.DA,-4.088219472834858,-5.9171597633136095,-10.758472296933837,Relative persistent decline
RU.IN,2.941176470588235,14.705882352941176,4.901960784313725,Relative persistent improvement
RU.IRK,2.4044654358093602,-6.118505796479176,-6.869901245169601,Relative persistent decline
RU.IVA,-9.75609756097561,-3.252032520325203,-11.653116531165312,Improvement then reversal
RU.KAM,-8.988764044943819,-22.47191011235955,-17.478152309612984,Relative persistent decline
RU.KB,0.0,-0.9310986964618251,-1.2414649286157664,Relative persistent decline
RU.KC,25.29644268774704,29.64426877470356,-9.22266139657444,Improvement then reversal
RU.KDA,14.805705853418592,10.45253320216429,-16.560091818330875,Relative persistent decline
RU.KEM,2.9702970297029703,-10.35103510351035,-8.85088508850885,Relative persistent decline
RU.KGD,7.891156462585033,-1.3605442176870746,9.523809523809524,"Temporary decline, rebounded"
RU.KGN,4.155844155844156,-6.4935064935064934,-35.497835497835496,Relative persistent decline
RU.KHA,-12.110091743119266,-5.963302752293579,-17.43119266055046,Improvement then reversal
RU.KHM,13.70716510903427,-12.461059190031152,-0.519210799584631,Relative persistent decline
RU.KIR,11.083743842364532,21.551724137931032,-14.36781609195402,Improvement then reversal
RU.KK,12.30769230769231,7.6923076923076925,17.948717948717952,"Temporary decline, rebounded"
RU.KL,8.695652173913043,10.869565217391305,-15.942028985507244,Improvement then reversal
RU.KLU,-2.6041666666666665,-6.944444444444446,-37.32638888888889,Relative persistent decline
RU.KO,6.2095730918499354,6.468305304010349,9.48684777921518,Relative persistent improvement
RU.KOS,-7.105427357601002e-16,40.14598540145985,-6.082725060827251,Improvement then reversal
RU.KR,5.219454329774615,21.945432977461447,-3.558718861209965,Improvement then reversal
RU.KRS,-3.2786885245901645,-2.410800385728062,-35.67984570877531,Improvement then reversal
RU.KYA,-5.2137153593236265,-6.341005166744951,-10.646625958979177,Relative persistent decline
RU.LEN,-10.314262691377923,3.2232070910556008,-70.9105560032232,Improvement then reversal
RU.LIP,5.284552845528455,11.178861788617887,-2.032520325203252,Improvement then reversal
RU.MAG,-5.263157894736841,26.315789473684205,-14.61988304093567,Improvement then reversal
RU.ME,-10.746268656716419,-40.29850746268657,5.970149253731344,"Temporary decline, rebounded"
RU.MO,6.529850746268657,-2.332089552238806,-10.261194029850747,Relative persistent decline
RU.MOS,-9.535801225551918,-14.689834634432973,-41.243459526008,Relative persistent decline
RU.MOW,-1.8832762915046501,1.6485387137814254,-5.871425926257758,Improvement then reversal
RU.MUR,14.302741358760429,10.131108462455304,7.151370679380214,Relative persistent decline
RU.NGR,-85.53054662379421,-27.331189710610936,-55.734190782422296,Relative persistent improvement
RU.NIZ,11.177884615384617,3.0048076923076925,7.21153846153846,Relative persistent decline
RU.NVS,6.516469413945529,0.9624982175958934,-8.603070488141071,Relative persistent decline
RU.OMS,10.55363321799308,-11.461937716262977,-11.966551326412919,Relative persistent decline
RU.ORE,27.023498694516974,1.9582245430809402,-1.95822454308094,Relative persistent decline
RU.ORL,18.18181818181818,6.4935064935064934,-28.13852813852814,Relative persistent decline
RU.PER,11.408379606259464,8.329126703685008,3.028773346794548,Relative persistent decline
RU.PNZ,6.714628297362109,6.794564348521183,-3.9968025579536373,Improvement then reversal
RU.PRI,13.766937669376693,-1.7615176151761516,-7.046070460704606,Relative persistent decline
RU.PSK,-0.8620689655172405,19.39655172413793,-27.298850574712645,Improvement then reversal
RU.ROS,3.6107008042015423,0.902675201050386,-4.923682914820286,Relative persistent decline
RU.RYA,7.462686567164179,9.594882729211088,-10.660980810234541,Improvement then reversal
RU.SA,27.623561272850374,19.97291807718348,8.801624915368992,Relative persistent decline
RU.SAK,-25.60975609756098,76.21951219512195,69.10569105691057,Relative persistent improvement
RU.SAM,10.073497622135754,11.240812797233032,-3.6028246144977665,Improvement then reversal
RU.SAR,-4.0671400903808905,-8.715300193673338,-10.114052076608564,Relative persistent decline
RU.SE,13.430127041742287,16.333938294010892,-2.419842710223835,Improvement then reversal
RU.SMO,3.255813953488372,17.441860465116278,9.30232558139535,Relative persistent improvement
RU.SPE,9.000062849600905,-0.4713720067877568,-5.55171474661136,Relative persistent decline
RU.STA,4.299889746416759,-7.166482910694597,-11.209114296214628,Relative persistent decline
RU.SVE,10.242403550699898,0.6828269033799932,-2.9209817533477485,Relative persistent decline
RU.TA,5.892878444470953,-4.711916974830013,-3.7377231699073525,Relative persistent decline
RU.TAM,12.99638989169675,-4.963898916967509,-9.626955475330925,Relative persistent decline
RU.TOM,3.0282174810736406,-8.602890571231935,-8.075246616196376,Relative persistent decline
RU.TUL,2.5735294117647056,6.4338235294117645,-6.740196078431372,Improvement then reversal
RU.TVE,1.3037809647979142,7.822685788787484,-1.3037809647979135,Improvement then reversal
RU.TY,28.571428571428566,39.68253968253968,-21.164021164021165,Improvement then reversal
RU.TYU,19.88826815642458,17.318435754189945,6.890130353817504,Relative persistent decline
RU.UD,-2.0651310563939638,6.751389992057188,-13.502779984114376,Improvement then reversal
RU.ULY,-1.0113780025284453,8.217446270543615,-8.428150021070374,Improvement then reversal
RU.VGG,5.281445448227936,14.767199444058374,-12.508686587908267,Improvement then reversal
RU.VLA,2.127659574468085,0.0,-19.06028368794326,Relative persistent decline
RU.VLG,-1.4742014742014742,4.914004914004914,-11.466011466011466,Improvement then reversal
RU.VOR,0.8390770152831886,3.446209169913095,-4.195385076415943,Improvement then reversal
RU.YAN,23.80952380952381,-23.80952380952381,71.42857142857143,"Temporary decline, rebounded"
RU.YAR,9.51694304253785,10.093727469358328,14.419610670511895,Relative persistent improvement
RU.YEV,29.72972972972973,27.027027027027028,-9.00900900900901,Relative persistent decline
RU.ZAB,11.35135135135135,0.0,-8.108108108108109,Relative persistent decline
RW.01,-0.7926023778071325,-11.889035667107,104.35931307793923,"Temporary decline, rebounded"
RW.03,41.584158415841586,59.40594059405941,79.20792079207921,Relative persistent improvement
RW.05,17.391304347826086,18.213866039952997,4.70035252643948,Improvement then reversal
SA.01,9.70389516165601,16.91379857615744,8.177269910367448,Improvement then reversal
SA.02,18.336707152496626,24.797570850202426,17.375168690958166,Improvement then reversal
SA.03,39.58828186856691,39.19239904988123,41.171813143309585,"Temporary decline, rebounded"
SA.04,19.663988312636963,20.818115412710007,23.082542001460922,Relative persistent improvement
SA.05,30.670470756062763,38.15977175463623,55.872563005230624,Relative persistent improvement
SA.06,43.7414030261348,59.14718019257222,49.51856946354883,Relative persistent improvement
SA.07,31.272727272727273,64.54545454545455,80.60606060606061,Relative persistent improvement
SA.08,35.582822085889575,41.41104294478528,139.0593047034765,Relative persistent improvement
SA.09,24.53333333333333,50.22222222222222,62.51851851851851,Relative persistent improvement
SA.10,14.035087719298247,59.21052631578947,70.90643274853801,Relative persistent improvement
SA.11,47.17607973421927,109.63455149501661,111.84939091915835,Relative persistent improvement
SA.12,54.9800796812749,120.5179282868526,57.76892430278884,Relative persistent improvement
SA.14,42.80198565912852,23.44180915609487,54.60562603419746,"Temporary decline, rebounded"
SC.05,61.11111111111111,41.666666666666664,0.0,Relative persistent decline
SC.16,10.526315789473683,32.89473684210526,78.94736842105263,Relative persistent improvement
SD.DS,5.0,-75.0,-25.0,Relative persistent decline
SD.GD,31.25,46.875,52.083333333333336,Relative persistent improvement
SD.GZ,-3.3426183844011135,27.855153203342617,-27.85515320334262,Improvement then reversal
SD.KA,-12.121212121212121,15.151515151515149,-50.50505050505051,Improvement then reversal
SD.KH,-2.0618556701030926,-6.013745704467353,-8.70561282932417,Relative persistent decline
SD.KN,17.391304347826086,36.231884057971016,4.830917874396135,Improvement then reversal
SD.NR,-6.0606060606060606,75.75757575757576,50.50505050505051,Relative persistent improvement
SD.NW,48.648648648648646,-67.56756756756756,45.04504504504505,Relative persistent decline
SE.AB,3.5141392425996365,4.0929386472631055,6.03605093434761,Relative persistent improvement
SE.AC,4.070096099491239,4.522328999434709,4.051253061993593,Improvement then reversal
SE.BD,0.7722007722007721,-8.108108108108107,7.4646074646074645,"Temporary decline, rebounded"
SE.C,3.552713678800501e-16,7.958754630093102,-0.9343611305769676,Improvement then reversal
SE.D,46.42857142857143,-35.714285714285715,89.28571428571429,"Temporary decline, rebounded"
SE.E,5.592611595690097,6.157003591585429,-0.08551393877201963,Improvement then reversal
SE.F,25.61728395061728,12.345679012345679,5.144032921810699,Relative persistent decline
SE.G,-2.8571428571428554,0.0,52.38095238095237,Relative persistent improvement
SE.H,32.25806451612904,10.752688172043012,-7.1684587813620055,Relative persistent decline
SE.K,-9.33852140077821,-42.80155642023347,-5.188067444876785,"Temporary decline, rebounded"
SE.M,4.554189085318986,7.205995388162951,-0.3843197540353574,Improvement then reversal
SE.N,15.126050420168065,32.212885154061624,37.34827264239029,Relative persistent improvement
SE.O,15.612815731479913,13.943041193422612,-1.9777363394925693,Relative persistent decline
SE.S,22.99212598425197,0.0,16.27296587926509,Relative persistent decline
SE.T,24.97998398718975,21.617293835068054,-7.472644782492661,Relative persistent decline
SE.U,12.847222222222223,12.152777777777779,43.40277777777778,"Temporary decline, rebounded"
SE.W,20.76502732240437,30.05464480874317,39.162112932604735,Relative persistent improvement
SE.X,35.36231884057971,24.63768115942029,16.42512077294686,Relative persistent decline
SE.Y,-8.247422680412372,15.463917525773194,37.800687285223376,Relative persistent improvement
SE.Z,24.390243902439025,-85.3658536585366,56.91056910569106,"Temporary decline, rebounded"
SI.011,-57.36434108527131,19.37984496124031,12.919896640826872,Relative persistent improvement
SI.040,53.33333333333333,77.77777777777779,-51.851851851851855,Improvement then reversal
SI.050,-12.256267409470752,-22.284122562674092,34.35468895078923,"Temporary decline, rebounded"
SI.052,-29.885057471264368,-68.9655172413793,53.63984674329503,"Temporary decline, rebounded"
SI.061,-1.5957446808510638,-2.7659574468085104,3.617021276595745,"Temporary decline, rebounded"
SI.070,-0.22497187851518552,9.561304836895388,3.187101612298463,Relative persistent improvement
SI.080,42.10526315789473,13.157894736842104,43.859649122807014,"Temporary decline, rebounded"
SI.084,-5.128205128205125,7.692307692307693,6.837606837606837,Relative persistent improvement
SI.085,22.222222222222218,18.51851851851852,45.267489711934154,"Temporary decline, rebounded"
SI.094,-48.0,-50.0,186.66666666666666,"Temporary decline, rebounded"
SI.112,14.285714285714286,53.57142857142857,0.0,Improvement then reversal
SI.133,25.0,-46.875,41.666666666666664,"Temporary decline, rebounded"
SJ.21,-45.45454545454545,0.0,181.81818181818184,Relative persistent improvement
SK.BC,5.411255411255411,8.116883116883116,13.708513708513712,Relative persistent improvement
SK.BL,-4.44494331574812,-3.367381299809182,8.530699292849926,Relative persistent improvement
SK.KI,3.434980722046967,0.8762705923589205,7.944853370720878,"Temporary decline, rebounded"
SK.NI,1.592356687898089,-4.777070063694267,-2.6539278131634814,Relative persistent decline
SK.PV,-6.073752711496746,8.676789587852495,6.507592190889372,Relative persistent improvement
SK.TA,5.538461538461538,-1.5384615384615388,-10.769230769230768,Relative persistent decline
SK.TC,34.40860215053763,75.26881720430107,17.921146953405017,Improvement then reversal
SK.ZI,7.313432835820896,0.373134328358209,-0.24875621890547261,Relative persistent decline
SL.S,13.186813186813186,65.93406593406593,102.56410256410258,Relative persistent improvement
SL.W,35.729847494553375,34.85838779956427,-23.965141612200437,Relative persistent decline
SM.07,64.1025641025641,19.230769230769234,-51.28205128205128,Relative persistent decline
SN.DB,69.44444444444444,187.5,0.0,Improvement then reversal
SN.DK,-1.9941348973607034,-4.252199413489736,-8.01564027370479,Relative persistent decline
SN.SL,20.66115702479339,53.719008264462815,15.151515151515154,Improvement then reversal
SN.TH,28.436018957345972,56.872037914691944,63.191153238546605,Relative persistent improvement
SN.ZG,46.15384615384615,32.96703296703297,32.96703296703297,Relative persistent decline
SO.BN,19.354838709677416,170.96774193548387,232.25806451612902,Relative persistent improvement
SO.BR,74.19354838709678,153.2258064516129,37.63440860215053,Improvement then reversal
SO.WO,29.26829268292683,60.97560975609756,65.04065040650407,Relative persistent improvement
SR.PM,28.75,18.75,-12.5,Relative persistent decline
SS.EC,-51.51079136690648,-56.115107913669064,-23.980815347721826,"Temporary decline, rebounded"
SV.LI,21.27659574468085,42.553191489361694,42.5531914893617,Relative persistent improvement
SV.SM,-5.684341886080802e-15,-23.809523809523807,7.9365079365079465,"Temporary decline, rebounded"
SV.SS,7.342143906020558,17.62114537444934,43.0739109153206,Relative persistent improvement
SY.DI,-10.517666392769105,9.860312243221035,6.57354149548069,Relative persistent improvement
SY.HI,-16.666666666666664,-27.77777777777778,55.55555555555555,"Temporary decline, rebounded"
SY.HL,-44.3213296398892,16.62049861495845,-12.003693444136657,Relative persistent improvement
SY.LA,25.91362126245847,33.222591362126245,8.859357696566997,Improvement then reversal
SY.RD,-10.526315789473685,-52.63157894736842,21.052631578947366,"Temporary decline, rebounded"
SY.TA,27.02702702702703,-13.513513513513514,72.07207207207207,"Temporary decline, rebounded"
SZ.HH,22.78481012658228,-12.658227848101266,-50.63291139240507,Relative persistent decline
SZ.MA,33.49282296650718,50.239234449760765,19.138755980861244,Improvement then reversal
TD.ND,24.88038277511962,43.0622009569378,71.77033492822967,Relative persistent improvement
TD.OD,135.13513513513516,0.0,-27.027027027027028,Relative persistent decline
TG.K,41.02564102564102,99.35897435897435,29.91452991452992,Improvement then reversal
TG.M,1.0879419764279241,-2.7198549410698094,2.417648836506497,"Temporary decline, rebounded"
TH.10,3.233505273693125,5.48541073215798,3.9007365206456743,Relative persistent improvement
TH.11,52.83018867924528,66.0377358490566,56.60377358490566,Relative persistent improvement
TH.12,8.716707021791768,33.29297820823245,23.002421307506054,Relative persistent improvement
TH.13,13.370253164556962,24.129746835443036,16.877637130801688,Relative persistent improvement
TH.14,63.636363636363626,136.36363636363637,106.06060606060606,Relative persistent improvement
TH.16,85.71428571428571,28.571428571428577,57.14285714285714,Relative persistent decline
TH.20,28.792569659442723,37.925696594427244,43.859649122807014,Relative persistent improvement
TH.21,78.96995708154506,66.52360515021459,27.181688125894137,Relative persistent decline
TH.22,22.222222222222218,185.18518518518516,111.1111111111111,Relative persistent improvement
TH.30,15.666901905434017,25.758645024700073,16.701952481768995,Relative persistent improvement
TH.32,51.85185185185185,166.66666666666666,98.76543209876543,Relative persistent improvement
TH.34,13.170731707317074,15.853658536585366,8.130081300813007,Improvement then reversal
TH.40,-15.208128482464767,-23.926581448705342,-17.371353654539494,Relative persistent decline
TH.41,52.173913043478265,65.21739130434783,68.84057971014494,Relative persistent improvement
TH.42,56.0,140.0,26.666666666666668,Improvement then reversal
TH.44,19.363057324840764,6.369426751592356,15.711252653927813,Relative persistent decline
TH.46,79.24528301886792,84.90566037735849,31.44654088050314,Improvement then reversal
TH.47,45.09803921568628,68.62745098039215,173.20261437908496,Relative persistent improvement
TH.48,75.75757575757576,60.60606060606061,95.95959595959596,"Temporary decline, rebounded"
TH.50,2.7204274957493326,4.007772649987856,4.453080722208728,Relative persistent improvement
TH.52,31.06796116504854,67.96116504854369,35.59870550161812,Relative persistent improvement
TH.53,66.66666666666666,83.33333333333333,83.33333333333333,Relative persistent improvement
TH.56,55.13196480938417,57.18475073313783,30.3030303030303,Improvement then reversal
TH.57,21.83406113537118,92.7947598253275,48.034934497816586,Relative persistent improvement
TH.60,43.75,109.375,93.75,Relative persistent improvement
TH.65,12.897526501766786,-6.625441696113074,3.2391048292108366,Relative persistent decline
TH.67,42.85714285714286,160.71428571428572,23.80952380952381,Improvement then reversal
TH.70,62.857142857142854,85.71428571428571,95.23809523809524,Relative persistent improvement
TH.73,66.29213483146067,33.70786516853932,52.43445692883895,Relative persistent decline
TH.76,65.82278481012659,50.63291139240506,84.38818565400844,"Temporary decline, rebounded"
TH.80,39.64601769911504,77.87610619469027,21.238938053097346,Improvement then reversal
TH.83,40.625,70.3125,20.833333333333332,Improvement then reversal
TH.84,33.76623376623377,116.88311688311688,8.65800865800866,Improvement then reversal
TH.90,3.9960039960039966,-8.491508491508492,-2.997002997002997,Relative persistent decline
TH.95,55.0,93.75,4.166666666666667,Improvement then reversal
TJ.DU,-28.22966507177033,-1.196172248803828,20.33492822966507,Relative persistent improvement
TL.DI,19.6078431372549,137.25490196078434,352.94117647058823,Relative persistent improvement
TM.S,18.18181818181818,-145.45454545454544,133.33333333333334,"Temporary decline, rebounded"
TN.11,0.715088364490755,-9.500459699662887,-10.930636428644396,Relative persistent decline
TN.12,-4.369747899159664,-5.04201680672269,-30.252100840336137,Relative persistent decline
TN.13,2.1645021645021645,7.575757575757575,12.987012987012987,Relative persistent improvement
TN.14,-7.2900158478605395,19.809825673534075,-6.8674062334918125,Relative persistent improvement
TN.21,-21.73913043478261,-36.95652173913044,-2.898550724637682,"Temporary decline, rebounded"
TN.32,32.5,68.75,91.66666666666667,Relative persistent improvement
TN.41,39.682539682539684,83.33333333333333,-21.164021164021165,Improvement then reversal
TN.51,1.7301038062283733,0.43252595155709345,-12.831603229527104,Relative persistent decline
TN.52,-6.6068222621184916,-1.436265709156194,-16.038300418910833,Improvement then reversal
TN.61,-1.7822212562486417,-5.650945446642035,-15.141635876258784,Relative persistent decline
TN.71,27.906976744186046,66.86046511627907,21.317829457364343,Improvement then reversal
TN.81,13.745704467353951,32.64604810996563,22.336769759450174,Relative persistent improvement
TN.82,8.108108108108109,13.513513513513514,22.522522522522518,Relative persistent improvement
TO.04,15.384615384615383,19.230769230769234,25.641025641025646,Relative persistent improvement
TR.01,3.27683615819209,-14.548022598870057,-29.943502824858758,Relative persistent decline
TR.02,15.138282387190685,5.09461426491994,-8.73362445414847,Relative persistent decline
TR.03,-11.170212765957448,5.76241134751773,14.18439716312057,Relative persistent improvement
TR.04,18.18181818181818,64.39393939393939,37.878787878787875,Relative persistent improvement
TR.05,30.1123595505618,59.550561797752806,32.20973782771536,Relative persistent improvement
TR.06,-25.417269023524774,-28.272440530950192,-21.71770272046261,"Temporary decline, rebounded"
TR.07,10.362997658079625,11.270491803278688,-3.8056206088992983,Improvement then reversal
TR.08,8.888888888888888,4.761904761904762,10.582010582010582,"Temporary decline, rebounded"
TR.09,11.342426417803303,6.460875807609476,-5.982292414453219,Relative persistent decline
TR.10,18.98846495119787,50.576752440106475,36.379769299023955,Relative persistent improvement
TR.11,32.535885167464116,39.473684210526315,43.0622009569378,Relative persistent improvement
TR.12,32.64462809917355,0.0,-9.641873278236917,Relative persistent decline
TR.13,34.090909090909086,15.151515151515149,53.03030303030303,"Temporary decline, rebounded"
TR.14,4.00728597449909,20.491803278688526,-14.571948998178506,Improvement then reversal
TR.15,24.291497975708502,42.51012145748987,42.28520017993702,Relative persistent improvement
TR.16,1.3716525146962772,2.2860875244937953,3.483561942085783,Relative persistent improvement
TR.17,4.191224623444663,15.389652914210872,2.6195153896529138,Improvement then reversal
TR.18,29.107981220657273,37.55868544600939,32.081377151799686,Relative persistent improvement
TR.19,39.15857605177994,21.844660194174757,5.921189464667501e-16,Relative persistent decline
TR.20,7.865757734661773,-16.255899318300997,-20.975353959098058,Relative persistent decline
TR.21,-22.119815668202765,-23.04147465437788,-19.585253456221196,"Temporary decline, rebounded"
TR.22,-0.6639004149377594,-9.12863070539419,-15.767634854771785,Relative persistent decline
TR.23,-6.269925611052072,-22.582359192348566,-24.973432518597235,Relative persistent decline
TR.24,30.042918454935624,13.590844062947067,8.583690987124465,Relative persistent decline
TR.25,-20.664928292046937,-14.830508474576272,-16.405910473707085,Relative persistent improvement
TR.26,-3.466955579631636,3.7919826652221014,-23.65474900686168,Improvement then reversal
TR.27,-10.33503691084611,-1.1357183418512207,6.2464508801817145,Relative persistent improvement
TR.28,53.17919075144509,44.07514450867052,12.524084778420038,Relative persistent decline
TR.29,9.545454545454543,-1.1363636363636362,-6.06060606060606,Relative persistent decline
TR.30,71.875,54.6875,-2.6041666666666665,Relative persistent decline
TR.31,7.585568917668826,17.113783533765034,7.400555041628121,Improvement then reversal
TR.32,-18.75437368789363,-1.3995801259622116,-43.62024725915558,Improvement then reversal
TR.33,15.740740740740739,9.25925925925926,13.031550068587107,Relative persistent decline
TR.34,9.07645685329624,7.377415668935367,-2.276980144733138,Relative persistent decline
TR.35,-8.655749505128666,-4.273888788914882,-3.599064243296743,Relative persistent improvement
TR.36,3.5714285714285716,-8.116883116883116,3.246753246753247,Relative persistent decline
TR.37,33.97260273972603,15.753424657534246,24.200913242009133,Relative persistent decline
TR.38,-11.41804788213628,-1.289134438305709,-13.259668508287293,Improvement then reversal
TR.39,29.05027932960894,26.536312849162012,38.17504655493482,"Temporary decline, rebounded"
TR.40,53.160453808752024,3.2414910858995136,6.482982171799027,Relative persistent decline
TR.41,0.46728971962616794,5.674232309746328,5.7854917668001775,Relative persistent improvement
TR.42,3.1551270815074495,3.834355828220859,-4.674262342973999,Improvement then reversal
TR.43,-2.7137042062415193,28.49389416553596,30.755314337403888,Relative persistent improvement
TR.44,-9.49689089881289,1.978518937252685,-27.88769549651404,Improvement then reversal
TR.45,1.9969278033794164,11.904761904761905,-10.240655401945725,Improvement then reversal
TR.46,6.591639871382637,-10.45016077170418,7.502679528403001,"Temporary decline, rebounded"
TR.47,23.943661971830984,75.70422535211267,92.72300469483567,Relative persistent improvement
TR.48,27.21311475409836,33.196721311475414,12.841530054644808,Improvement then reversal
TR.49,44.06779661016949,21.186440677966104,16.94915254237288,Relative persistent decline
TR.50,23.6,41.0,23.333333333333332,Improvement then reversal
TR.51,15.68627450980392,30.81232492997199,8.870214752567692,Improvement then reversal
TR.52,33.89830508474576,19.26040061633282,35.952747817154595,"Temporary decline, rebounded"
TR.53,35.07692307692308,12.820512820512821,14.017094017094017,Relative persistent decline
TR.54,-5.067715159458278,-8.73743993010048,0.5824959953400318,"Temporary decline, rebounded"
TR.55,-8.019639934533553,7.774140752864157,13.63884342607747,Relative persistent improvement
TR.56,49.152542372881356,35.31073446327684,40.48964218455744,Relative persistent decline
TR.57,42.97994269340974,11.461318051575931,36.29417382999045,Relative persistent decline
TR.58,1.3114754098360653,-6.830601092896175,-1.2750455373406184,Relative persistent decline
TR.59,25.853658536585364,7.926829268292683,17.88617886178862,Relative persistent decline
TR.60,-16.34506242905789,2.837684449489217,21.188043889519484,Relative persistent improvement
TR.61,-10.795180722891567,-8.674698795180722,-5.140562248995985,Relative persistent improvement
TR.62,45.2991452991453,-2.13675213675214,38.46153846153846,Relative persistent decline
TR.63,23.20754716981132,2.8301886792452833,10.062893081761006,Relative persistent decline
TR.64,52.173913043478265,35.42673107890499,9.66183574879227,Relative persistent decline
TR.65,-6.936416184971098,3.61271676300578,-5.539499036608864,Relative persistent improvement
TR.66,47.61904761904762,11.52073732718894,30.721966205837173,Relative persistent decline
TR.67,1.805869074492099,-8.465011286681715,-3.3860045146726865,Relative persistent decline
TR.68,29.97032640949555,5.934718100890207,10.880316518298715,Relative persistent decline
TR.69,39.583333333333336,0.0,31.25,Relative persistent decline
TR.70,40.86021505376344,65.59139784946237,49.46236559139785,Relative persistent improvement
TR.71,8.290155440414507,-10.362694300518134,-37.30569948186528,Relative persistent decline
TR.72,25.30864197530864,37.03703703703704,64.81481481481481,Relative persistent improvement
TR.73,26.666666666666668,87.5,47.22222222222222,Relative persistent improvement
TR.74,30.901287553648068,7.510729613733908,25.035765379113016,Relative persistent decline
TR.75,18.75,12.5,58.333333333333336,"Temporary decline, rebounded"
TR.76,51.58730158730158,81.34920634920636,13.22751322751323,Improvement then reversal
TR.77,32.587859424920126,44.728434504792325,47.92332268370607,Relative persistent improvement
TR.78,22.632794457274827,3.464203233256351,3.464203233256351,Relative persistent decline
TR.79,24.291497975708502,46.558704453441294,1.349527665317139,Improvement then reversal
TR.80,29.927007299270077,72.99270072992701,68.1265206812652,Relative persistent improvement
TR.81,10.92436974789916,2.100840336134454,11.904761904761905,"Temporary decline, rebounded"
TT.ARI,23.529411764705884,-38.235294117647065,-35.294117647058826,Relative persistent decline
TT.POS,31.481481481481477,92.59259259259258,21.604938271604937,Improvement then reversal
TT.SFO,34.5679012345679,0.0,-28.80658436213992,Relative persistent decline
TT.TUP,17.66871165644172,-23.92638036809816,-14.723926380368098,Relative persistent decline
TZ.01,-6.884681583476764,13.769363166953529,14.343086632243258,Relative persistent improvement
TZ.02,7.309388783868935,11.814744801512289,15.122873345935728,Relative persistent improvement
TZ.03,42.34234234234234,40.54054054054054,26.276276276276278,Relative persistent decline
TZ.04,-10.0,75.0,116.66666666666667,Relative persistent improvement
TZ.09,7.850467289719626,8.411214953271028,-17.445482866043616,Improvement then reversal
TZ.14,-17.02127659574468,244.68085106382978,340.4255319148936,Relative persistent improvement
TZ.15,30.4,36.0,56.0,Relative persistent improvement
TZ.16,0.5940594059405925,1.9801980198019802,13.201320132013201,Relative persistent improvement
TZ.18,3.322259136212625,39.8671096345515,9.966777408637872,Relative persistent improvement
TZ.25,4.878048780487805,-12.195121951219512,40.65040650406504,"Temporary decline, rebounded"
TZ.26,-24.242424242424242,15.151515151515152,80.80808080808082,Relative persistent improvement
UA.05,5.653382761816497,0.9267840593141794,-18.3812171763979,Relative persistent decline
UA.07,0.0,10.179640718562874,-6.786427145708583,Improvement then reversal
UA.09,-32.911392405063296,-35.86497890295359,-17.58087201125176,"Temporary decline, rebounded"
UA.12,-1.299303944315545,-5.568445475638051,-12.219644238205722,Relative persistent decline
UA.14,-6.745362563237774,2.529510961214165,-10.399100618324901,Improvement then reversal
UA.18,11.442193087008343,-11.918951132300359,-11.918951132300357,Relative persistent decline
UA.21,4.03225806451613,17.641129032258064,-2.3521505376344094,Improvement then reversal
UA.23,5.478260869565217,-0.6521739130434785,-6.521739130434784,Relative persistent decline
UA.26,3.6441586280814575,3.7513397642015,-4.465880671668453,Improvement then reversal
UA.30,-2.928856492628385,0.6266697450443617,-16.150488692459074,Improvement then reversal
UA.32,14.729950900163667,-25.368248772504092,-26.186579378068743,Relative persistent decline
UA.35,11.210762331838565,-44.84304932735426,-68.75934230194319,Relative persistent decline
UA.40,-124.54545454545455,79.54545454545455,107.57575757575756,Relative persistent improvement
UA.43,-24.519940915805023,23.633677991137372,86.65681930083703,Relative persistent improvement
UA.46,1.322358656051815,7.016596950479018,-5.397382269599244,Improvement then reversal
UA.48,10.732984293193716,3.926701570680628,1.7452006980802792,Relative persistent decline
UA.51,5.3677419354838705,2.7096774193548385,-15.13978494623656,Relative persistent decline
UA.53,15.729349736379614,-16.47627416520211,-3.222026947861746,Relative persistent decline
UA.56,3.1294452347083928,32.005689900426745,14.22475106685633,Relative persistent improvement
UA.59,9.639776763064434,9.893455098934549,-11.330965668865211,Improvement then reversal
UA.61,7.721179624664879,3.7533512064343166,-6.613047363717604,Relative persistent decline
UA.63,5.240968835248408,-0.04133256179217981,-14.493951668457745,Relative persistent decline
UA.65,5.090909090909092,13.636363636363637,-16.96969696969697,Improvement then reversal
UA.68,5.172413793103448,11.973180076628353,14.687100893997446,Relative persistent improvement
UA.71,5.77319587628866,15.97938144329897,1.0309278350515452,Improvement then reversal
UA.74,32.80757097791798,159.30599369085172,-36.80336487907466,Improvement then reversal
UA.77,-1.7823042647994907,5.728835136855506,-9.76023764056864,Improvement then reversal
UG.C,-2.375215146299484,-1.2048192771084336,8.376362593230061,Relative persistent improvement
UG.E,30.327868852459016,77.86885245901638,98.36065573770492,Relative persistent improvement
UG.N,14.545454545454543,41.81818181818182,43.63636363636363,Relative persistent improvement
UG.W,8.734939759036145,33.13253012048193,23.092369477911646,Relative persistent improvement
US.AK,2.318840579710145,-13.043478260869565,-9.523809523809524,Relative persistent decline
US.AL,-4.667978095592535,-4.093784890212132,3.3494603647190178,Relative persistent improvement
US.AR,-12.062529164722353,-7.932804479701353,11.354798568984288,Relative persistent improvement
US.AZ,-1.48773483721413,-7.5078711552434,-0.6343055507502106,"Temporary decline, rebounded"
US.CA,5.189582618589562,4.44480151475014,4.4976382694442885,Relative persistent decline
US.CO,7.8247261345852905,4.591490241237783,6.791271739451383,Relative persistent decline
US.CT,-5.312722770419841,-0.35643267174426896,1.788416563488788,Relative persistent improvement
US.DC,-7.361332190522836,-0.8693522713358639,2.652952940696298,Relative persistent improvement
US.DE,14.849702174816457,7.410998753289931,-8.911668282772313,Relative persistent decline
US.FL,0.9392507134983313,-1.0796853057094968,5.577115705016888,"Temporary decline, rebounded"
US.GA,-4.220252770929122,-6.108260589502677,-3.7093800670798074,"Temporary decline, rebounded"
US.HI,-0.3027245206861756,-20.097544567776655,-8.128713981388048,Relative persistent decline
US.IA,-18.74226439559144,-21.718630282312724,-18.251114909333804,"Temporary decline, rebounded"
US.ID,10.277536860364268,10.732870771899394,4.3365134431916745,Improvement then reversal
US.IL,-6.429112568248909,-5.551346691397372,-7.070891785748496,Improvement then reversal
US.IN,-9.11027177462869,-12.097804788004431,-7.241643711129412,"Temporary decline, rebounded"
US.KS,-6.138235049488481,-13.51576145720702,-10.341290304693782,Relative persistent decline
US.KY,-5.567724157422455,-11.305023669893309,-8.87915400739537,Relative persistent decline
US.LA,-13.88888888888889,-9.656084656084657,-12.345679012345679,Relative persistent improvement
US.MA,0.43834951876846306,-1.247476891356891,2.116667966121762,"Temporary decline, rebounded"
US.MD,-1.0163253190857822,-5.53873552983081,-4.812506183832987,Relative persistent decline
US.ME,-0.3476245654692933,-1.1587485515643103,7.918115102356121,"Temporary decline, rebounded"
US.MI,-5.982721382289417,-11.222102231821454,-9.467242620590353,Relative persistent decline
US.MN,-3.1323468399944683,-2.1089752454708894,4.114230396902227,Relative persistent improvement
US.MO,-7.445230291530102,-7.331378299120234,0.8740152952676672,Relative persistent improvement
US.MS,-5.834027860459578,-11.906179307060365,-1.6271778386315832,"Temporary decline, rebounded"
US.MT,-8.515469770082316,-5.676979846721544,-2.5546409310246947,Relative persistent improvement
US.NC,-1.9446091910641434,2.1297244837440017,-0.8207377054090809,Relative persistent improvement
US.ND,-15.22875816993464,3.7581699346405224,-5.337690631808279,Relative persistent improvement
US.NE,-3.2732006695183187,5.858285289194718,-7.253115119955365,Improvement then reversal
US.NH,-2.4691358024691357,-1.7868745938921378,4.819146632012129,Relative persistent improvement
US.NJ,8.628546229604586,5.622519476701455,2.458065885965342,Relative persistent decline
US.NM,2.5632911392405062,9.375,-0.8438818565400844,Improvement then reversal
US.NV,8.167002380516388,12.818165171214062,27.589574558994077,Relative persistent improvement
US.NY,-3.184492029292272,-3.639419462048311,-0.9182794476001526,"Temporary decline, rebounded"
US.OH,-6.254800833973444,-12.540954053079588,-5.272426099815543,"Temporary decline, rebounded"
US.OK,-10.476614699331849,-15.857461024498885,-7.097253155159613,"Temporary decline, rebounded"
US.OR,7.593393193659239,-0.9699589845915089,-2.568081883013709,Relative persistent decline
US.PA,-5.378713585232189,-3.2016152293048745,-3.1958465532160365,Relative persistent improvement
US.RI,1.7628369375832733,-0.3074715588808035,-7.379317413139284,Relative persistent decline
US.SC,0.8151810771081116,-9.220900708272083,10.77999020000891,"Temporary decline, rebounded"
US.SD,3.0986864264061977,-8.251936679016502,9.992141012686652,"Temporary decline, rebounded"
US.TN,2.786397314926224,1.4881894750174152,5.826103476663923,"Temporary decline, rebounded"
US.TX,2.2519287779189456,-2.895468522712626,5.886071676272195,"Temporary decline, rebounded"
US.UT,2.705160263696295,-0.22732439190725173,10.286428733803136,"Temporary decline, rebounded"
US.VA,0.35227965584987486,0.5532597159180723,7.707999307484438,Relative persistent improvement
US.VT,-4.428452809299751,-0.9687240520343203,5.535566011624688,Relative persistent improvement
US.WA,11.001365976673322,11.085426079646947,13.038072221638473,Relative persistent improvement
US.WI,-5.621175466059485,-3.0596271524121246,0.40320667900004753,Relative persistent improvement
US.WV,5.797101449275362,3.3248081841432224,3.9215686274509807,Relative persistent decline
US.WY,-8.604522890237176,-15.995587424158852,9.560580989152417,"Temporary decline, rebounded"
UY.MA,52.287581699346404,84.9673202614379,264.70588235294116,Relative persistent improvement
UY.MO,9.860848651434463,12.970280020615016,6.528087957395638,Improvement then reversal
UY.TA,33.71647509578544,11.494252873563221,-14.0485312899106,Relative persistent decline
UZ.AN,11.650485436893202,31.553398058252426,27.50809061488673,Relative persistent improvement
UZ.BU,7.0796460176991145,4.424778761061947,38.3480825958702,"Temporary decline, rebounded"
UZ.FA,15.228426395939087,65.98984771573603,91.37055837563452,Relative persistent improvement
UZ.JI,13.72549019607843,39.21568627450981,-22.875816993464053,Improvement then reversal
UZ.NG,15.0,40.0,36.666666666666664,Relative persistent improvement
UZ.NW,11.42857142857143,33.33333333333333,-9.523809523809527,Improvement then reversal
UZ.QA,15.602836879432624,63.829787234042556,68.5579196217494,Relative persistent improvement
UZ.QR,5.797101449275362,18.115942028985508,57.971014492753625,Relative persistent improvement
UZ.SA,3.515625,21.484375,30.598958333333332,Relative persistent improvement
UZ.SU,5.194805194805196,64.93506493506493,51.94805194805195,Relative persistent improvement
UZ.TK,-2.0777222008464795,5.867641400538668,10.00384763370527,Relative persistent improvement
UZ.XO,1.8348623853210995,18.34862385321101,0.0,Improvement then reversal
VE.A,-53.11398354876616,-36.81942812377595,-35.774905340122736,Relative persistent improvement
VE.D,-88.74172185430464,-66.2251655629139,-72.8476821192053,Relative persistent improvement
VE.E,-66.66666666666666,0.0,126.98412698412699,Relative persistent improvement
VE.F,-23.529411764705884,0.0,58.8235294117647,Relative persistent improvement
VE.G,-27.722772277227723,-36.633663366336634,-56.1056105610561,Relative persistent decline
VE.I,-19.56521739130435,-70.65217391304348,-28.985507246376812,Relative persistent decline
VE.K,-37.9182156133829,-52.0446096654275,-29.739776951672866,"Temporary decline, rebounded"
VE.L,-40.43887147335423,-61.12852664576802,-56.94879832810867,Relative persistent decline
VE.M,-76.84210526315789,-60.526315789473685,-56.14035087719298,Relative persistent improvement
VE.R,-81.35593220338983,-66.10169491525424,-88.13559322033898,Improvement then reversal
VE.S,-50.79365079365079,-7.936507936507935,-52.910052910052904,Improvement then reversal
VE.V,-48.12925170068027,-46.7687074829932,-64.05895691609977,Improvement then reversal
VI.C,24.06015037593985,131.57894736842104,-52.63157894736842,Improvement then reversal
VN.05,0.0,129.03225806451616,96.77419354838709,Relative persistent improvement
VN.21,41.46341463414634,121.95121951219512,69.10569105691057,Relative persistent improvement
VN.22,22.471910112359552,-14.981273408239698,1.1842378929335002e-15,Relative persistent decline
VN.26,-10.638297872340425,-34.57446808510638,-17.73049645390071,Relative persistent decline
VN.31,18.66897147796024,12.100259291270527,-5.762028233938346,Relative persistent decline
VN.32,-18.181818181818176,113.63636363636363,-75.75757575757575,Improvement then reversal
VN.33,42.10526315789473,92.10526315789474,-26.31578947368421,Improvement then reversal
VN.34,-2.8776978417266177,-17.985611510791365,-13.189448441247002,Relative persistent decline
VN.35,17.258883248730967,17.766497461928935,59.22165820642979,Relative persistent improvement
VN.37,43.63636363636363,63.636363636363626,78.78787878787878,Relative persistent improvement
VN.39,16.483516483516482,-49.45054945054946,76.92307692307692,"Temporary decline, rebounded"
VN.40,14.492753623188406,202.8985507246377,-53.14009661835749,Improvement then reversal
VN.41,-25.35211267605634,84.50704225352112,4.694835680751169,Relative persistent improvement
VN.43,19.51219512195122,-36.58536585365854,-8.130081300813012,Relative persistent decline
VN.44,15.078534031413614,23.298429319371728,12.041884816753926,Improvement then reversal
VN.45,-20.512820512820507,44.871794871794876,51.28205128205128,Relative persistent improvement
VN.46,33.80281690140845,14.084507042253522,51.64319248826291,"Temporary decline, rebounded"
VN.51,41.08108108108108,5.405405405405407,-1.8018018018018012,Relative persistent decline
VN.57,47.05882352941176,205.88235294117646,-66.66666666666666,Improvement then reversal
VN.61,9.328968903436989,29.869067103109657,56.192034915439166,Relative persistent improvement
VN.66,13.636363636363635,34.09090909090909,22.72727272727273,Relative persistent improvement
VN.69,27.555555555555554,37.77777777777778,91.85185185185185,Relative persistent improvement
VN.70,15.238095238095235,61.904761904761905,152.38095238095238,Relative persistent improvement
VN.CT,29.151732377538828,112.90322580645162,87.61449621664674,Relative persistent improvement
VN.DN,55.456570155902,79.06458797327394,47.512991833704525,Improvement then reversal
VN.HN,23.499960885551122,27.41922866306814,22.06054916686224,Improvement then reversal
VN.HP,28.571428571428566,10.98901098901099,47.61904761904762,"Temporary decline, rebounded"
VN.SG,27.691879091795517,26.953614709569578,39.374100385383294,"Temporary decline, rebounded"
VU.SEE,18.01801801801802,0.0,12.012012012012013,Relative persistent decline
WS.TU,14.893617021276594,-26.595744680851062,14.184397163120567,Relative persistent decline
YE.AD,4.00801603206413,78.15631262525051,132.26452905811624,Relative persistent improvement
YE.AM,-22.22222222222222,185.18518518518516,-24.691358024691358,Improvement then reversal
YE.DH,10.434782608695652,56.52173913043478,104.34782608695652,Relative persistent improvement
YE.HD,47.31182795698924,53.763440860215056,35.842293906810035,Improvement then reversal
YE.HU,18.604651162790695,220.93023255813955,31.007751937984494,Relative persistent improvement
YE.IB,10.204081632653061,30.612244897959183,61.224489795918366,Relative persistent improvement
YE.SA,5.821917808219178,13.6986301369863,27.96803652968036,Relative persistent improvement
YE.TA,35.39823008849557,123.89380530973452,76.6961651917404,Relative persistent improvement
ZA.EC,-10.782967032967033,-21.80631868131868,-10.874542124542124,Relative persistent decline
ZA.FS,-3.3666491320357705,15.255128879537084,-5.085042959845695,Improvement then reversal
ZA.GP,1.5326086956521743,-5.869565217391305,-4.456521739130435,Relative persistent decline
ZA.KZN,-6.0617126163958375,-20.81431440569655,-31.404053313857954,Relative persistent decline
ZA.LP,-20.244328097731238,-14.834205933682375,-11.343804537521814,Relative persistent improvement
ZA.MP,85.48387096774192,104.83870967741936,18.817204301075268,Improvement then reversal
ZA.NC,65.71428571428571,142.85714285714286,133.33333333333331,Relative persistent improvement
ZA.NW,9.094922737306844,0.662251655629139,-15.894039735099339,Relative persistent decline
ZA.WC,0.8271164450210833,-9.000973078170613,-9.298302519191264,Relative persistent decline
ZM.02,-2.5316455696202524,101.26582278481013,12.658227848101268,Relative persistent improvement
ZM.08,24.822695035460992,17.73049645390071,8.274231678486997,Relative persistent decline
ZM.09,3.5675675675675675,13.243243243243244,30.090090090090087,Relative persistent improvement
ZW.BU,12.235294117647058,14.117647058823529,24.313725490196077,Relative persistent improvement
ZW.HA,-3.1725888324873095,-16.49746192893401,-12.055837563451776,Relative persistent decline
ZW.MA,29.12621359223301,4.854368932038835,-19.417475728155342,Relative persistent decline
ZW.MC,9.333333333333332,-3.333333333333333,24.444444444444446,"Temporary decline, rebounded"
ZW.MI,17.898832684824903,33.07392996108949,11.673151750972762,Improvement then reversal
ZW.MV,-2.325581395348837,31.97674418604651,-5.813953488372093,Improvement then reversal
ZW.MW,10.843373493975903,-24.096385542168676,-56.224899598393584,Relative persistent decline
