area,pre,shock,post,class
AD.06,-14.778325123152708,221.67487684729062,24.63054187192118,Relative persistent improvement
AE.AJ,43.57418643132929,57.915057915057915,154.44015444015443,Relative persistent improvement
AE.AZ,41.19742823211434,49.0396822146689,75.76067816044883,Relative persistent improvement
AE.DU,40.812751795410755,29.120686635137506,72.69224032229812,"Temporary decline, rebounded"
AE.RK,56.372549019607845,3.063725490196081,134.80392156862746,"Temporary decline, rebounded"
AE.SH,18.33460656990069,32.467532467532465,37.4331550802139,Relative persistent improvement
AF.HER,128.71287128712873,-306.9306930693069,-19.801980198019802,Relative persistent decline
AF.KAB,23.138832997987926,10.060362173038227,5.030181086519114,Relative persistent decline
AF.KAN,21.390374331550802,-80.21390374331551,80.21390374331551,"Temporary decline, rebounded"
AF.NAN,75.47169811320755,23.58490566037736,518.8679245283018,"Temporary decline, rebounded"
AG.04,31.94888178913738,135.78274760383385,0.0,Improvement then reversal
AG.06,93.5251798561151,238.3093525179856,485.61151079136687,Relative persistent improvement
AL.02,0.0,33.574380165289256,-10.330578512396695,Improvement then reversal
AL.03,4.444444444444445,-16.666666666666664,77.77777777777779,"Temporary decline, rebounded"
AL.06,-31.872509960159363,-19.920318725099598,-39.8406374501992,Improvement then reversal
AL.10,-5.2493438320209975,0.0,26.246719160104988,Relative persistent improvement
AL.11,-7.216914006911975,-10.418784305753201,5.590567188452938,"Temporary decline, rebounded"
AL.12,3.7735849056603774,-28.30188679245283,-9.433962264150942,Relative persistent decline
AM.AG,-22.085889570552148,-9.202453987730062,-30.67484662576687,Improvement then reversal
AM.ER,-10.079870157604748,50.2925725024559,-38.44018280442489,Improvement then reversal
AO.LUA,-24.826579043446515,27.38225629791895,20.080321285140567,Relative persistent improvement
AR.A,3.8417210910487896,-23.05032654629274,-24.971187091817132,Relative persistent decline
AR.B,-8.28846270191784,-6.201222094500574,-8.974126283098393,Improvement then reversal
AR.C,-2.4152326919474403,-6.824203173923515,-14.150185992988467,Relative persistent decline
AR.D,-6.442861987114277,1.6954899966090204,6.78195998643608,Relative persistent improvement
AR.E,1.8581604211830296,2.322700526478786,41.80860947661815,Relative persistent improvement
AR.F,49.25053533190578,10.70663811563169,10.70663811563169,Relative persistent decline
AR.G,8.849557522123893,-2.7654867256637186,38.716814159292035,"Temporary decline, rebounded"
AR.H,23.4375,29.296875,39.0625,Relative persistent improvement
AR.J,-5.820721769499418,-13.09662398137369,26.193247962747378,"Temporary decline, rebounded"
AR.K,-7.105427357601002e-16,29.013539651837526,-19.34235976789168,Improvement then reversal
AR.L,16.420361247947454,-33.86699507389163,-16.420361247947454,Relative persistent decline
AR.M,9.691487643353252,-6.460991762235503,-12.114359554191568,Relative persistent decline
AR.N,23.145961265942372,17.71374586679263,-4.7236655644780345,Relative persistent decline
AR.P,-29.644268774703555,-39.52569169960474,69.1699604743083,"Temporary decline, rebounded"
AR.Q,-1.3888888888888888,-19.09722222222222,15.625,"Temporary decline, rebounded"
AR.R,9.931719428926133,1.5518311607697086,32.588454376163874,"Temporary decline, rebounded"
AR.S,7.752766935785703,8.287440517564026,19.24824894401968,Relative persistent improvement
AR.T,-5.629272215520707,-5.361211633829246,-22.785149443774294,Improvement then reversal
AR.U,9.635974304068524,8.02997858672377,-17.844396859386155,Relative persistent decline
AR.V,106.91823899371067,70.75471698113206,94.33962264150942,Relative persistent decline
AR.W,-1.5100037750094373,6.60626651566629,5.662514156285392,Relative persistent improvement
AR.X,3.136762860727729,-11.532216399734295,-7.565133958225699,Relative persistent decline
AR.Y,25.84269662921348,-5.617977528089887,-28.089887640449437,Relative persistent decline
AR.Z,-5.524861878453036,44.889502762430936,41.43646408839779,Relative persistent improvement
AS.E,-2.842170943040401e-15,10.683760683760696,149.57264957264957,Relative persistent improvement
AT.1,36.86635944700461,46.082949308755765,69.12442396313365,Relative persistent improvement
AT.2,9.953872299101723,3.6416605972323373,12.138868657441126,"Temporary decline, rebounded"
AT.3,47.681331747919145,50.535077288941736,71.3436385255648,Relative persistent improvement
AT.4,6.643558636626229,29.426632004621606,-1.805314846909301,Improvement then reversal
AT.5,8.56401384083045,6.4878892733564015,-10.813148788927334,Relative persistent decline
AT.6,-1.4208992606507238,-0.602075957902849,0.6020759579028491,Relative persistent improvement
AT.7,-2.6483604557967735,0.5227027215388371,-0.5227027215388368,Relative persistent improvement
AT.8,4.872766648619383,16.24255549539794,75.79859231185706,Relative persistent improvement
AT.9,-4.007192794803826,-7.053279387372306,12.246353222031036,"Temporary decline, rebounded"
AU.ACT,-23.170931758530184,-19.855916447944008,-33.4919072615923,Improvement then reversal
AU.NSW,4.169893139228743,-5.468870992721078,-11.3442775282639,Relative persistent decline
AU.NT,19.779556092405258,3.0197795560924057,18.873622225577535,Relative persistent decline
AU.QLD,7.795379761864377,-3.086943247735676,-9.566131822653414,Relative persistent decline
AU.SA,12.730516170883144,-54.327680474469474,-34.51950699657122,Relative persistent decline
AU.TAS,7.725321888412017,-9.15593705293276,0.0,Relative persistent decline
AU.VIC,8.780308749859223,4.098172611276336,3.420357802795517,Relative persistent decline
AU.WA,5.158467584027656,-2.531970345563313,11.883380821843815,"Temporary decline, rebounded"
AZ.ABS,16.80672268907563,-147.05882352941177,42.016806722689076,"Temporary decline, rebounded"
AZ.BA,-18.89323644494131,-5.4499720514253776,-11.458915595304639,Relative persistent improvement
AZ.GA,13.88888888888889,52.083333333333336,190.9722222222222,Relative persistent improvement
AZ.NX,21.42857142857143,35.714285714285715,107.14285714285714,Relative persistent improvement
AZ.SM,0.0,26.455026455026456,105.82010582010582,Relative persistent improvement
AZ.SMI,35.39823008849557,44.24778761061947,0.0,Improvement then reversal
BA.BIH,0.6505529700245207,-4.8791472751839065,2.001701446229295,"Temporary decline, rebounded"
BA.SRP,17.52577319587629,1.4727540500736378,-1.4727540500736376,Relative persistent decline
BB.08,-19.620667102681487,55.591890124264225,65.40222367560497,Relative persistent improvement
BD.A,21.779713752333542,28.00248911014313,0.0,Improvement then reversal
BD.B,-3.0596634370219276,-2.913965178116121,2.185473883587091,Relative persistent improvement
BD.C,-5.40997102564925,-8.874063144839678,-12.241930482941484,Relative persistent decline
BD.D,-11.317704122877931,-11.837394618316202,30.026561958655734,"Temporary decline, rebounded"
BD.E,3.7375415282392033,-21.283222591362126,-43.6046511627907,Relative persistent decline
BD.F,21.997836278398847,64.91164803461955,41.47133068878471,Relative persistent improvement
BD.G,0.7178750897343861,10.768126346015793,-17.946877243359655,Improvement then reversal
BD.H,-6.862257583291894,-16.65837891596221,-62.158130283441075,Relative persistent decline
BE.BRU,-7.1188733196492775,0.6229014154693118,-4.923887379424083,Relative persistent improvement
BE.VLG,-3.3061285057130143,3.8284611960231487,-1.8993916011277636,Relative persistent improvement
BE.WAL,-7.709052817650621,-7.529011244414619,-14.485162937623778,Improvement then reversal
BF.01,-31.91489361702127,-66.48936170212765,-53.191489361702125,Relative persistent decline
BF.03,-6.45513228475316,7.0460950995545035,-5.000454586780616,Relative persistent improvement
BF.06,53.097345132743364,110.61946902654867,176.99115044247787,Relative persistent improvement
BF.09,5.427408412483041,-2.2614201718679325,31.659882406151066,"Temporary decline, rebounded"
BG.01,-16.28222523744912,-30.529172320217096,23.744911804613295,"Temporary decline, rebounded"
BG.02,8.149010477299186,-8.731082654249127,11.641443538998836,"Temporary decline, rebounded"
BG.03,-6.544502617801046,-3.6812827225130893,-13.089005235602093,Improvement then reversal
BG.04,10.403120936280883,-22.756827048114435,-32.50975292587776,Relative persistent decline
BG.07,-2.881844380403458,-14.40922190201729,43.227665706051866,"Temporary decline, rebounded"
BG.15,-7.105427357601002e-16,25.03953610964681,-18.45018450184502,Improvement then reversal
BG.16,-1.6541544725792086,-6.0440259575009545,-5.089706069474488,Relative persistent decline
BG.18,6.362672322375398,10.60445387062566,58.324496288441146,Relative persistent improvement
BG.22,-8.950109340126698,-8.059607277318124,7.326915706652839,Relative persistent improvement
BG.23,-50.63291139240506,126.58227848101265,-253.16455696202527,Improvement then reversal
BG.24,13.024602026049205,-10.85383502170767,-9.044862518089726,Relative persistent decline
BG.27,-1.5408320493066257,11.55624036979969,-15.408320493066254,Improvement then reversal
BH.13,10.3991006183249,15.45812254075323,1.4052838673412027,Improvement then reversal
BH.14,-15.1356993736952,43.05845511482255,44.363256784968684,Relative persistent improvement
BH.15,44.37869822485207,130.67061143984222,54.24063116370809,Relative persistent improvement
BH.17,-6.578947368421052,-131.57894736842107,-197.3684210526316,Relative persistent decline
BI.BM,-5.265467310223782,-50.460728389644586,-37.29706011408512,Relative persistent decline
BJ.AQ,168.31683168316832,383.66336633663366,123.76237623762376,Improvement then reversal
BJ.BO,22.123893805309734,15.802781289506953,-34.7661188369153,Relative persistent decline
BJ.LI,-2.4050422955714055,-8.915242992204346,-12.025211477857024,Relative persistent decline
BJ.OU,-33.088235294117645,-73.52941176470588,-18.38235294117647,"Temporary decline, rebounded"
BJ.PL,46.97986577181208,151.00671140939596,-100.67114093959731,Improvement then reversal
BM.GC,-59.1715976331361,-44.37869822485207,-59.1715976331361,Relative persistent improvement
BM.HC,60.24096385542168,45.18072289156626,120.48192771084337,"Temporary decline, rebounded"
BN.BM,15.877287405812703,35.656620021528525,82.07750269106566,Relative persistent improvement
BO.C,-13.452914798206276,15.69506726457399,69.50672645739911,Relative persistent improvement
BO.H,30.56768558951965,-10.91703056768559,21.83406113537118,Relative persistent decline
BO.L,-8.193091231178034,-15.500442869796279,-24.91142604074402,Relative persistent decline
BO.S,-4.317789291882555,-43.17789291882556,43.17789291882556,"Temporary decline, rebounded"
BR.AC,21.85294787161393,12.519918051445481,18.21078989301161,Relative persistent decline
BR.AL,13.61858069628089,-3.7141583717129696,22.037339672163622,"Temporary decline, rebounded"
BR.AM,6.010428690841062,17.31481112924412,33.83353898817816,Relative persistent improvement
BR.AP,21.613832853025936,19.21229586935639,20.41306436119116,Relative persistent decline
BR.BA,5.710235104162565,2.3628559051707168,-0.3281744312737106,Relative persistent decline
BR.CE,2.8993181968623816,-7.0497120540146945,2.1182233401734294,Relative persistent decline
BR.DF,-5.716187830718196,-6.1121887948944575,5.222621411599959,"Temporary decline, rebounded"
BR.ES,6.758624927037571,2.3808792356609625,6.297809591103192,Relative persistent decline
BR.GO,8.140127888274293,-8.434349378211918,2.1576242595425836,Relative persistent decline
BR.MA,19.975899147200597,7.763255469039674,33.602150537634415,"Temporary decline, rebounded"
BR.MG,-1.5286193698472954,-6.513333176148823,-4.951312097705892,Relative persistent decline
BR.MS,19.581090050888708,-0.5531381370307544,25.99749244044546,"Temporary decline, rebounded"
BR.MT,13.32832738877417,0.5631687629059507,12.014266941993618,Relative persistent decline
BR.PA,11.245595779250417,5.613669970973218,7.667451667670738,Relative persistent decline
BR.PB,-5.927151176815189,-8.011992143078672,-20.589958303180673,Relative persistent decline
BR.PE,4.336703617980265,5.816786453892069,7.248142282860275,Relative persistent improvement
BR.PI,7.3135470703291094,-4.996173143974827,0.8504124500382685,Relative persistent decline
BR.PR,1.10408211983767,-3.49128670327047,0.6863213177369301,Relative persistent decline
BR.RJ,-4.76843031741257,-2.673886159296768,-1.1883938485763414,Relative persistent improvement
BR.RN,4.09982174688057,-1.5597147950089125,-1.3368983957219251,Relative persistent decline
BR.RO,27.493337073923406,47.34184317576098,36.470753261326976,Relative persistent improvement
BR.RR,23.9656912209889,12.613521695257317,23.9656912209889,"Temporary decline, rebounded"
BR.RS,-8.024552800607776,-12.086470060087022,-11.805891290835001,Relative persistent decline
BR.SC,4.087319066984911,0.35853676026183423,-5.890246775730135,Relative persistent decline
BR.SE,4.204484783769354,-7.508008542445275,-18.352909770421782,Relative persistent decline
BR.SP,-5.170410226205448,-2.44352823190436,0.6447094032060364,Relative persistent improvement
BR.TO,17.652886607223273,17.562820859227237,29.271368098712063,"Temporary decline, rebounded"
BS.NP,2.656042496679947,19.9203187250996,0.0,Improvement then reversal
BT.15,9.930486593843096,35.99801390268123,-12.413108242303872,Improvement then reversal
BW.CE,91.87279151943463,41.224970553592456,47.11425206124852,Relative persistent decline
BW.GA,-7.90273556231003,-9.878419452887538,10.638297872340425,"Temporary decline, rebounded"
BW.LO,43.16546762589928,71.94244604316546,251.79856115107913,Relative persistent improvement
BW.NW,-15.15151515151515,189.3939393939394,-113.63636363636364,Improvement then reversal
BY.BR,3.220611916264089,12.07729468599034,-8.051529790660224,Improvement then reversal
BY.HM,-9.05627381175442,-15.536193866716633,-7.650989944413216,"Temporary decline, rebounded"
BY.HO,-16.979675842552098,-11.577051710830977,-39.87651144841781,Improvement then reversal
BY.HR,9.953161592505854,1.463700234192037,-2.9274004683840746,Relative persistent decline
BY.MA,-4.801097393689986,-17.146776406035663,-44.58161865569273,Relative persistent decline
BY.MI,22.388059701492534,74.62686567164178,74.62686567164178,Relative persistent improvement
BY.VI,-10.005002501250626,-7.503751875937969,-10.005002501250624,Relative persistent improvement
BZ.BZ,21.62162162162162,-67.56756756756756,81.08108108108108,"Temporary decline, rebounded"
BZ.CY,-25.97402597402597,-24.35064935064935,-16.233766233766232,Relative persistent improvement
CA.AB,-2.712318956519089,-9.104553800675033,-8.380760820705051,Relative persistent decline
CA.BC,-1.4672489082969433,-0.8384279475982532,-1.3973799126637554,Relative persistent improvement
CA.MB,-12.930083811204236,-15.57675341861491,-11.854874283193649,"Temporary decline, rebounded"
CA.NB,-9.544787077826726,8.769782998857888,-4.078968836678087,Relative persistent improvement
CA.NL,2.226551628165878,-5.566379070414696,-20.87392151405511,Relative persistent decline
CA.NS,-2.5511717591219227,-0.4449718184514981,14.090774250964106,Relative persistent improvement
CA.NT,23.172905525846705,40.10695187165775,-44.563279857397504,Improvement then reversal
CA.NU,-6.7340067340067336,42.08754208754209,-134.68013468013467,Improvement then reversal
CA.ON,-4.010012925912544,-5.6946653604169075,-8.223040904739378,Relative persistent decline
CA.PE,5.508630187293426,3.6724201248622848,47.74146162320969,"Temporary decline, rebounded"
CA.QC,-5.68343616516374,-0.2966302800189844,-0.8107894320518905,Relative persistent improvement
CA.SK,-0.06647610184138805,2.326663564448581,-12.464269095260255,Improvement then reversal
CA.YT,72.21006564551422,-54.704595185995615,98.46827133479212,"Temporary decline, rebounded"
CD.HK,11.433597185576078,16.490765171503956,-17.590149516270888,Improvement then reversal
CD.KE,17.391304347826086,21.73913043478261,0.0,Improvement then reversal
CD.KN,9.472259810554803,10.148849797023004,8.269433167944669,Improvement then reversal
CD.NK,-16.853932584269664,-18.726591760299627,-102.99625468164794,Relative persistent decline
CD.SK,20.59732234809475,18.022657054582908,66.94129763130793,"Temporary decline, rebounded"
CD.TO,2.610966057441253,3.263707571801567,-32.637075718015666,Improvement then reversal
CF.BGF,7.070707070707071,30.303030303030305,65.65656565656566,Relative persistent improvement
CG.BZV,18.675352877307272,20.62975027144408,53.20304017372422,Relative persistent improvement
CH.AG,9.924416694051923,3.9434768320736113,15.44528425895498,"Temporary decline, rebounded"
CH.BE,7.480977855453015,14.706195784223876,27.60075875444916,Relative persistent improvement
CH.BL,14.566642388929349,6.372906045156591,19.118718135469774,"Temporary decline, rebounded"
CH.BS,7.508507841619101,16.340457712876102,15.035021697246881,Relative persistent improvement
CH.FR,11.128958237723726,4.302432308398348,6.310234052317577,Relative persistent decline
CH.GE,-5.197112715158245,6.163242642976124,21.321488062187676,Relative persistent improvement
CH.GR,13.075060532687653,37.530266343825666,53.26876513317191,Relative persistent improvement
CH.JU,32.6508024349751,17.293857221914777,2.7670171555063643,Relative persistent decline
CH.LU,33.7520811260784,49.19025276222188,41.6225215680339,Relative persistent improvement
CH.NE,-8.784510577267838,3.1373252061670858,2.6891358910003587,Relative persistent improvement
CH.SG,3.8295243977764057,25.633106856084,33.35392217418159,Relative persistent improvement
CH.SH,1.8867924528301898,56.60377358490566,47.16981132075472,Relative persistent improvement
CH.SO,41.301627033792236,-21.90237797246558,75.0938673341677,"Temporary decline, rebounded"
CH.SZ,109.45273631840796,12.437810945273629,174.12935323383084,"Temporary decline, rebounded"
CH.TG,26.353276353276357,46.2962962962963,110.39886039886039,Relative persistent improvement
CH.TI,25.415226842046593,16.1631925091963,22.85141009920856,Relative persistent decline
CH.VD,1.1772080294760658,3.401672552706814,9.020165420660765,Relative persistent improvement
CH.VS,57.45554035567716,27.359781121751027,70.67943456452349,"Temporary decline, rebounded"
CH.ZG,44.50724125750618,-105.96962204168139,-15.895443306252206,Relative persistent decline
CH.ZH,7.830593570329581,11.478662239857478,5.870920722325694,Improvement then reversal
CI.AB,-5.453741463174962,-10.072225224782589,-17.44214612096497,Relative persistent decline
CI.LC,-5.434782608695652,13.58695652173913,21.73913043478261,Relative persistent improvement
CI.SM,72.55520504731861,67.03470031545741,55.20504731861199,Relative persistent decline
CI.SV,122.0196353436185,80.64516129032258,77.13884992987377,Relative persistent decline
CI.VB,45.85537918871252,33.06878306878307,127.86596119929453,"Temporary decline, rebounded"
CL.AI,104.31654676258992,89.92805755395683,125.89928057553956,"Temporary decline, rebounded"
CL.AN,0.852514919011082,-11.508951406649615,-15.34526854219949,Relative persistent decline
CL.AP,4.983388704318937,85.8250276854928,58.13953488372093,Relative persistent improvement
CL.AR,11.791518034086405,3.468093539437178,29.231074118113355,"Temporary decline, rebounded"
CL.AT,95.9264126149803,59.13272010512485,144.5466491458607,"Temporary decline, rebounded"
CL.BI,1.8929282143377175,0.12134155220113563,11.64878901130903,"Temporary decline, rebounded"
CL.CO,7.042253521126762,11.737089201877934,37.55868544600939,Relative persistent improvement
CL.LI,221.05263157894734,271.9298245614035,684.2105263157895,Relative persistent improvement
CL.LL,18.97642323174238,-1.4376078205865461,-17.25129384703853,Relative persistent decline
CL.LR,-16.2506118453255,-2.2026431718061676,-29.368575624082233,Improvement then reversal
CL.MA,33.76623376623377,6.493506493506491,17.316017316017316,Relative persistent decline
CL.ML,24.57782979434877,-0.8359806052499581,24.24343755224879,Relative persistent decline
CL.NB,51.72413793103449,86.20689655172416,660.9195402298851,Relative persistent improvement
CL.RM,-0.921112203956099,-9.09403150515979,-16.978127488173854,Relative persistent decline
CL.TA,13.182674199623353,-28.248587570621467,56.497175141242934,"Temporary decline, rebounded"
CL.VS,9.784735812133073,-8.408757338551858,-11.92514677103718,Relative persistent decline
CM.AD,4.335260115606936,-19.86994219653179,-59.60982658959537,Relative persistent decline
CM.CE,-10.308204914618909,-14.056643065389421,-9.6314035818409,"Temporary decline, rebounded"
CM.EN,35.245335176226675,103.66275051831376,58.74222529371114,Relative persistent improvement
CM.LT,-4.0241448692152915,14.084507042253524,47.283702213279675,Relative persistent improvement
CM.NW,74.1389375364857,109.4570928196147,81.72796263864565,Relative persistent improvement
CM.OU,2.566923359002567,-19.710304363769712,-20.168683535020172,Relative persistent decline
CM.SW,1.893939393939394,-14.88095238095238,27.056277056277057,"Temporary decline, rebounded"
CN.AH,1.9273745742697936,16.760839652194278,37.20564842735993,Relative persistent improvement
CN.BJ,-8.414481704964583,-8.402585945256357,-6.471936295313199,Relative persistent improvement
CN.CQ,-0.05854987917434036,6.6267817792776,23.073975110978633,Relative persistent improvement
CN.FJ,11.445797897110365,15.578662287689026,33.11806083184236,Relative persistent improvement
CN.GD,22.328413752273015,40.04552466440269,37.7472277943153,Relative persistent improvement
CN.GS,-11.482219445476343,1.801132462035505,11.98878795042383,Relative persistent improvement
CN.GX,13.824125100089493,40.83062502943808,54.57821110640102,Relative persistent improvement
CN.GZ,45.939431544280836,87.7025511299907,158.69985442569745,Relative persistent improvement
CN.HA,13.42670030901823,21.177671306665154,45.07697105434752,Relative persistent improvement
CN.HB,1.0899987521042325,-4.673242313344081,-6.137609795727103,Relative persistent decline
CN.HE,-6.458669722381375,12.370435960206262,29.81926141986562,Relative persistent improvement
CN.HI,26.006711409395972,79.59811441355066,133.4292106104187,Relative persistent improvement
CN.HL,-16.67707744628533,-19.408667717659654,-23.523404424085584,Relative persistent decline
CN.HN,11.228412511778785,11.184632960581727,20.68062608927693,"Temporary decline, rebounded"
CN.JL,-10.751459846657303,-27.113837800788886,-22.242082557772296,Relative persistent decline
CN.JS,7.176866899367182,3.441907563927358,15.341695464080848,"Temporary decline, rebounded"
CN.JX,26.067475251349173,29.46662105042434,37.13677147366214,Relative persistent improvement
CN.LN,-11.554583854126895,-21.561858218222884,-16.27689203798745,Relative persistent decline
CN.NM,9.706467079873699,21.854169103028884,41.95415740849023,Relative persistent improvement
CN.NX,24.39218178928969,68.13125695216908,135.0707134911807,Relative persistent improvement
CN.QH,35.31949312483149,65.38150444863845,110.54192504718253,Relative persistent improvement
CN.SC,11.64164992317693,17.260568096757673,29.826392992685395,Relative persistent improvement
CN.SD,18.681727730960734,16.127858584218906,11.251018049207811,Relative persistent decline
CN.SH,1.453581468170658,-0.14233355869480124,-2.0994199907483186,Relative persistent decline
CN.SN,9.732220350232296,-1.8188083933221013,1.3720835247868484,Relative persistent decline
CN.SX,15.389333407677938,9.374390141905268,47.394686219298,"Temporary decline, rebounded"
CN.TJ,-3.2767615193771036,-19.58255098484888,-22.41720975954812,Relative persistent decline
CN.XJ,-4.005493247882811,9.098191805905243,71.75555046921492,Relative persistent improvement
CN.XZ,25.89250686543743,70.61592781482935,113.77010592389172,Relative persistent improvement
CN.YN,-1.1393166660266014,25.026562720022532,41.15621439635419,Relative persistent improvement
CN.ZJ,8.835564715536254,26.580301134365463,50.107275369193566,Relative persistent improvement
CO.AMA,42.5531914893617,10.638297872340425,42.5531914893617,"Temporary decline, rebounded"
CO.ANT,-4.230407657465174,-2.3502264763695413,-0.7477993333903086,Relative persistent improvement
CO.ATL,24.91103202846975,8.035816783377339,5.165882217885432,Relative persistent decline
CO.BOL,-10.912265386294195,-2.5461952568019792,-18.91459333624327,Improvement then reversal
CO.BOY,15.410245730945439,15.618492294877136,-31.93113980285992,Improvement then reversal
CO.CAL,-7.234108049869169,-17.700477143296908,-1.5391719255040788,"Temporary decline, rebounded"
CO.CAQ,3.8647342995169085,19.32367149758454,33.81642512077295,Relative persistent improvement
CO.CAU,-4.468980021030495,-0.6572029442691907,9.200841219768664,Relative persistent improvement
CO.CES,9.09090909090909,150.0,200.0,Relative persistent improvement
CO.CHO,20.710059171597635,59.1715976331361,44.37869822485207,Relative persistent improvement
CO.COR,15.665796344647521,35.90078328981723,150.13054830287206,Relative persistent improvement
CO.CUN,20.377807526401906,6.693440428380188,16.361743269373793,Relative persistent decline
CO.DC,-0.3689372034559979,-4.8047635798920645,-1.2869902446139458,Relative persistent decline
CO.HUI,2.27169468423444,-6.815084052703318,18.173557473875512,"Temporary decline, rebounded"
CO.LAG,29.60969044414536,-3.3647375504710633,47.10632570659489,"Temporary decline, rebounded"
CO.MAG,6.676204101096803,-5.960896518836433,14.30615164520744,"Temporary decline, rebounded"
CO.MET,3.5014005602240887,22.75910364145658,10.504201680672269,Relative persistent improvement
CO.NAR,5.724508050089446,8.050089445438282,26.833631484794275,Relative persistent improvement
CO.NSA,10.611876270038383,1.1289230074508918,12.418153081959812,"Temporary decline, rebounded"
CO.QUI,-10.688328345446772,-14.96365968362548,17.101325352714834,"Temporary decline, rebounded"
CO.RIS,-10.696582311505349,-24.132533263762067,9.131228802504566,"Temporary decline, rebounded"
CO.SAN,0.0906371793709777,-4.758451916976344,-6.344602555968458,Relative persistent decline
CO.SUC,14.139827179890023,12.76512175962294,-21.602513747054203,Relative persistent decline
CO.TOL,10.706638115631694,4.461099214846539,-8.922198429693077,Relative persistent decline
CO.VAC,4.485852311939269,-6.161885043872621,4.929508035098097,"Temporary decline, rebounded"
CR.A,23.913043478260867,-16.30434782608696,-38.04347826086957,Relative persistent decline
CR.C,-3.334444814938313,6.668889629876626,-25.008336112037348,Improvement then reversal
CR.G,80.0,60.0,120.0,"Temporary decline, rebounded"
CR.H,2.3369946249123634,-14.606216405702266,-25.70694087403599,Relative persistent decline
CR.L,-19.230769230769234,-32.05128205128206,-96.15384615384616,Relative persistent decline
CR.SJ,-9.923447689254322,-15.999027907165136,-2.632751427761351,"Temporary decline, rebounded"
CU.01,16.613076098606644,18.086816720257236,12.057877813504824,Improvement then reversal
CU.03,-19.033840450301785,-22.435969889459052,-45.21102244727265,Relative persistent decline
CU.04,22.792022792022795,-2.0350020350020355,-46.80504680504681,Relative persistent decline
CU.05,-27.861771058315334,7.559395248380131,5.399568034557235,Relative persistent improvement
CU.06,0.8384572386808273,1.397428731134712,-30.743432084963665,Improvement then reversal
CU.07,-8.586147681740126,25.75844304522038,48.65483686319405,Relative persistent improvement
CU.08,-8.891523414344991,-37.04801422643746,-23.710729104919977,Relative persistent decline
CU.09,1.2496875781054733,-18.120469882529367,-21.244688827793052,Relative persistent decline
CU.10,-1.5965939329430547,17.29643427354976,-50.55880787653007,Improvement then reversal
CU.11,-27.810511430591568,-11.784115012962527,-29.460287532406316,Improvement then reversal
CU.12,-11.92368839427663,-11.92368839427663,-9.936406995230525,Relative persistent improvement
CU.13,-48.28511209043878,-0.4790189691511779,-20.118796704349492,Relative persistent improvement
CU.14,28.85482416591524,-9.017132551848512,13.525698827772768,Relative persistent decline
CU.16,-39.5882818685669,-39.58828186856691,-75.21773555027713,Relative persistent decline
CV.PR,16.166281755196305,34.64203233256351,80.83140877598153,Relative persistent improvement
CV.SV,-39.603960396039604,123.76237623762376,-99.00990099009901,Improvement then reversal
CY.01,21.438263229308006,21.573948439620082,16.824966078697422,Improvement then reversal
CY.02,14.540922309929371,20.772746157041965,27.00457000415455,Relative persistent improvement
CY.03,35.19061583577712,-21.994134897360702,0.0,Relative persistent decline
CY.04,-31.170483460559797,-67.58905852417303,-41.348600508905854,Relative persistent decline
CY.05,113.74407582938389,118.48341232227487,355.4502369668246,Relative persistent improvement
CY.06,82.61405672009866,80.14796547472257,73.98273736128237,Relative persistent decline
CZ.10,-10.364653067653776,-3.0912814050563124,-6.930771048279121,Relative persistent improvement
CZ.20,22.983870967741932,9.072580645161288,41.33064516129032,"Temporary decline, rebounded"
CZ.31,10.524031680590213,-7.3234241076272095,2.1699034392969514,Relative persistent decline
CZ.32,5.4932981762250055,20.874533069655016,16.479894528675015,Relative persistent improvement
CZ.41,7.352941176470585,-18.382352941176478,36.76470588235294,"Temporary decline, rebounded"
CZ.42,44.95456719273075,-22.71640363462458,81.30081300813008,"Temporary decline, rebounded"
CZ.51,5.112781954887217,17.293233082706767,37.59398496240601,Relative persistent improvement
CZ.52,33.349101229895936,20.104068117313147,57.94701986754966,"Temporary decline, rebounded"
CZ.53,-17.95918367346939,-38.775510204081634,-37.755102040816325,Relative persistent decline
CZ.63,17.462165308498253,17.462165308498253,98.9522700814901,Relative persistent improvement
CZ.64,-0.08529875890305796,-2.61227449140615,-5.2245489828123,Relative persistent decline
CZ.71,1.0517799352750814,6.472491909385113,-2.8317152103559873,Improvement then reversal
CZ.72,18.74125874125874,-1.3986013986013983,6.993006993006993,Relative persistent decline
CZ.80,4.01491253226269,-12.546601663320907,2.8677946659019216,Relative persistent decline
DE.BB,5.529086524322099,10.440562319863538,5.88200694076819,Relative persistent improvement
DE.BE,-0.9668990080105748,8.077890446670624,2.84562049825897,Relative persistent improvement
DE.BW,-5.333605109389863,-3.474409813586332,-11.55048240250034,Improvement then reversal
DE.BY,-3.825753709697068,1.2840309352683787,-0.9218683637824259,Relative persistent improvement
DE.HB,-11.915060951631931,-7.766417616987809,2.949272512780181,Relative persistent improvement
DE.HE,-1.3965115142374347,-1.0124708478221405,-1.1521219992458838,Relative persistent improvement
DE.HH,12.161506701841972,3.6969560742467085,12.185167220717151,"Temporary decline, rebounded"
DE.MV,3.4193529532103932,-7.9638776046994195,1.7535143349796887,Relative persistent decline
DE.NI,-4.990499736739692,-7.1156590283023915,-9.080572915474365,Relative persistent decline
DE.NW,1.0542850296850457,-0.7454540613934666,4.925321477063976,"Temporary decline, rebounded"
DE.RP,4.7332832456799405,10.74380165289256,10.443275732531932,Relative persistent improvement
DE.SH,1.7805526650479824,7.2262689328246035,7.630939993062782,Relative persistent improvement
DE.SL,-6.972159446073952,-10.097610232245035,-10.097610232245035,Relative persistent decline
DE.SN,1.0151020369075778,5.051569098761767,0.09576434310448848,Improvement then reversal
DE.ST,-0.6718624025799513,5.576457941413597,-8.196721311475411,Improvement then reversal
DE.TH,-3.920441180314158,5.815321084132668,-1.3068137267713862,Relative persistent improvement
DJ.DJ,43.20987654320989,30.8641975308642,-108.0246913580247,Relative persistent decline
DK.81,7.426823940585409,13.78877238968982,-6.826124945391,Improvement then reversal
DK.82,-4.204470015490154,-3.017562212074272,-0.7040978494839969,Relative persistent improvement
DK.83,8.475906451106576,9.613875372782923,2.943023073300895,Improvement then reversal
DK.84,4.488608678961123,8.213120321289885,7.05036396119716,Relative persistent improvement
DK.85,33.35960073548726,29.55082742316785,30.8641975308642,Relative persistent decline
DM.04,-93.02325581395348,-77.51937984496124,-96.89922480620154,Improvement then reversal
DO.01,25.098601649336683,39.440659734671925,-7.171029042667624,Improvement then reversal
DO.02,38.46153846153847,-38.46153846153847,115.38461538461539,"Temporary decline, rebounded"
DO.13,-38.123167155425215,-139.29618768328447,-395.89442815249265,Relative persistent decline
DO.25,47.02194357366771,86.20689655172414,47.02194357366771,Relative persistent improvement
DZ.01,9.140767824497257,68.55575868372942,146.25228519195613,Relative persistent improvement
DZ.02,25.094102885821833,10.97867001254705,6.273525721455458,Relative persistent decline
DZ.03,6.9333333333333345,10.666666666666666,21.333333333333332,Relative persistent improvement
DZ.04,24.596464258262877,24.980784012298237,11.529592621060724,Improvement then reversal
DZ.05,-6.497589603856634,-17.81597149444561,-10.479983232026829,Relative persistent decline
DZ.06,-6.62251655629139,-7.791195948578108,-30.190884300740166,Relative persistent decline
DZ.07,-13.322884012539182,-14.367816091954023,-6.530825496342738,"Temporary decline, rebounded"
DZ.08,15.286624203821656,-22.29299363057325,-12.738853503184714,Relative persistent decline
DZ.09,-0.5011275369581562,-6.264094211976948,5.011275369581558,"Temporary decline, rebounded"
DZ.10,50.670640834575266,48.435171385991055,0.0,Relative persistent decline
DZ.11,114.28571428571426,71.42857142857142,238.09523809523807,"Temporary decline, rebounded"
DZ.12,32.20338983050847,10.593220338983052,46.610169491525426,"Temporary decline, rebounded"
DZ.13,-3.899220155968807,-18.37132573485303,-20.995800839832036,Relative persistent decline
DZ.14,30.792917628945343,48.1139337952271,42.34026173979984,Relative persistent improvement
DZ.15,0.8393956351426975,-0.6994963626189152,-19.5858981533296,Relative persistent decline
DZ.16,1.3130428927344964,3.4509460642380994,0.8416941620092923,Improvement then reversal
DZ.17,60.5060506050605,35.75357535753575,165.01650165016503,"Temporary decline, rebounded"
DZ.18,8.318478906714201,13.368983957219248,17.825311942958997,Relative persistent improvement
DZ.19,5.117102932493604,-16.236961228104704,-20.665223381224166,Relative persistent decline
DZ.20,30.105777054515862,30.512611879576887,16.27339300244101,Improvement then reversal
DZ.21,24.630541871921185,10.55594651653765,84.44757213230119,"Temporary decline, rebounded"
DZ.22,-19.784524975514202,-30.852105778648383,-36.23898139079334,Relative persistent decline
DZ.23,-24.769992922859164,-24.416135881104033,-26.89313517338995,Improvement then reversal
DZ.24,9.216589861751151,-3.840245775729647,23.04147465437788,"Temporary decline, rebounded"
DZ.25,-8.740871874308477,-17.979641513609206,-7.745076344323966,"Temporary decline, rebounded"
DZ.26,21.712907117008445,75.39203860072377,96.50180940892642,Relative persistent improvement
DZ.27,-8.537490720118782,14.847809948032666,14.847809948032666,Relative persistent improvement
DZ.28,37.18535469107551,71.51029748283753,37.18535469107551,Relative persistent improvement
DZ.29,27.167630057803468,15.895953757225431,2.890173410404624,Relative persistent decline
DZ.30,17.358171041490262,6.350550381033023,-4.233700254022015,Relative persistent decline
DZ.31,-3.6414080110976244,-7.369516212935668,-26.010057222125887,Relative persistent decline
DZ.34,91.93245778611633,150.093808630394,178.23639774859288,Relative persistent improvement
DZ.35,1.0917030567685586,-1.8195050946142648,-10.91703056768559,Relative persistent decline
DZ.38,141.1042944785276,168.7116564417178,122.69938650306749,Improvement then reversal
DZ.39,90.27777777777777,-52.08333333333333,-121.52777777777777,Relative persistent decline
DZ.40,61.87624750499002,159.68063872255487,129.74051896207584,Relative persistent improvement
DZ.41,80.95238095238093,63.492063492063494,182.53968253968253,"Temporary decline, rebounded"
DZ.42,-4.651162790697674,0.0,-116.27906976744185,Improvement then reversal
DZ.43,54.64480874316939,327.8688524590164,273.22404371584696,Relative persistent improvement
DZ.44,62.3608017817372,83.51893095768374,111.358574610245,Relative persistent improvement
DZ.46,78.87323943661973,77.46478873239437,211.26760563380282,"Temporary decline, rebounded"
DZ.47,49.32735426008968,145.73991031390133,224.21524663677127,Relative persistent improvement
DZ.48,50.45871559633028,286.697247706422,412.8440366972477,Relative persistent improvement
EC.A,19.746121297602258,40.84391161259991,21.744240714621533,Relative persistent improvement
EC.B,-7.194244604316549,152.87769784172662,80.93525179856115,Relative persistent improvement
EC.C,9.787928221859707,-12.234910277324635,81.56606851549755,"Temporary decline, rebounded"
EC.E,29.98236331569665,74.95590828924162,88.18342151675485,Relative persistent improvement
EC.F,68.18181818181817,22.727272727272727,56.81818181818181,Relative persistent decline
EC.G,17.233843271932564,17.015298157976897,111.145800811739,"Temporary decline, rebounded"
EC.H,20.411495754408882,15.92096668843893,27.75963422599608,"Temporary decline, rebounded"
EC.I,67.621776504298,5.730659025787967,17.191977077363898,Relative persistent decline
EC.L,19.711679905854663,72.81553398058253,126.50779641070903,Relative persistent improvement
EC.M,31.158357771261002,42.460899315738025,112.41446725317692,Relative persistent improvement
EC.N,143.93939393939394,113.63636363636364,-94.6969696969697,Relative persistent decline
EC.O,29.009304871373836,-1.368363437328954,43.78762999452655,"Temporary decline, rebounded"
EC.P,18.291924177692977,0.9332614376373964,26.753494545605378,"Temporary decline, rebounded"
EC.R,18.206338503034388,25.28658125421443,70.80242751180039,Relative persistent improvement
EC.T,36.570247933884296,72.31404958677686,104.33884297520662,Relative persistent improvement
EC.W,2.336448598130841,5.841121495327101,-35.04672897196262,Improvement then reversal
EC.X,25.34562211981567,28.801843317972352,134.40860215053766,Relative persistent improvement
EC.Y,22.085889570552148,-12.269938650306749,12.269938650306749,Relative persistent decline
EE.37,4.965243296921549,6.493010465205103,14.895729890764647,Relative persistent improvement
EE.79,-4.3978936404143285,7.088710144088884,12.441409640645798,Relative persistent improvement
EG.ALX,-7.090951711204875,0.14650726676043124,-12.746132208157524,Improvement then reversal
EG.ASN,42.287694974003465,-6.065857885615251,25.996533795493935,Relative persistent decline
EG.AST,-8.073224661901579,-16.58353473543477,-24.93957936956857,Relative persistent decline
EG.BH,15.631784628745114,28.224055579678677,21.710811984368217,Relative persistent improvement
EG.BNS,8.583087097228084,13.718868720979316,38.69424511045448,Relative persistent improvement
EG.C,2.481003466489164,3.2849523249682306,9.076841950570113,Relative persistent improvement
EG.DK,-5.445856333123401,-3.7046641721927904,-20.00518652984107,Improvement then reversal
EG.DT,25.661914460285136,13.238289205702646,28.513238289205706,"Temporary decline, rebounded"
EG.FYM,19.656966660242823,-0.4817883985353628,0.9635767970707265,Relative persistent decline
EG.GH,2.6645352591003756e-16,-2.2443090734209687,9.939083039435717,"Temporary decline, rebounded"
EG.GZ,-1.6576218932787126,-7.549042380218341,-13.092045526532509,Relative persistent decline
EG.IS,-15.934627170582226,-3.8304392236976517,5.617977528089887,Relative persistent improvement
EG.KB,19.485903814262024,22.28441127694859,-10.364842454394692,Improvement then reversal
EG.KFS,23.61421824509073,33.557046979865774,-14.914243102162565,Improvement then reversal
EG.KN,22.598870056497173,47.31638418079096,-5.649717514124294,Improvement then reversal
EG.MN,15.494516550960862,-5.03068719187041,18.110473890733473,"Temporary decline, rebounded"
EG.MNF,7.4330708661417315,-14.645669291338582,-8.188976377952757,Relative persistent decline
EG.PTS,27.057497181510712,-6.576475009394964,31.94287861706125,"Temporary decline, rebounded"
EG.SHG,18.601561202458065,2.491280518186348,0.0,Relative persistent decline
EG.SHR,6.144583281784816,-18.866757392057405,-5.979628025897974,Relative persistent decline
EG.SIN,24.80314960629921,56.102362204724415,70.86614173228347,Relative persistent improvement
EG.SUZ,35.97650513950074,84.43465491923642,146.84287812041117,Relative persistent improvement
ER.MA,8.620689655172415,-32.327586206896555,-64.65517241379311,Relative persistent decline
ES.AN,-7.077766034084755,-6.218022537373865,-8.43968386679497,Improvement then reversal
ES.AR,-8.395786654304771,-2.704164413196322,-11.846815524479126,Improvement then reversal
ES.AS,-8.249603384452671,-15.159527586814736,-22.03419707385863,Relative persistent decline
ES.CB,-6.050919054686608,-5.280283137344445,-5.708414202534536,Relative persistent improvement
ES.CL,-7.219455215042425,-7.016661529226627,-11.275328931358395,Improvement then reversal
ES.CM,-4.456744420084102,-13.657765158322249,-21.744599791539372,Relative persistent decline
ES.CN,-12.179094015596249,-11.317503431759105,-15.479424048599551,Improvement then reversal
ES.CT,-5.699347721339652,-3.5598449489755555,-7.407354136252167,Improvement then reversal
ES.EX,-0.6598724246645649,9.53149057848816,-10.6312779529291,Improvement then reversal
ES.GA,-10.02047866935547,-5.666807359814911,-9.614031796651505,Relative persistent improvement
ES.IB,3.7509871018689127,-7.2387470386943935,7.2387470386943935,"Temporary decline, rebounded"
ES.MC,-6.421993277402782,-9.632989916104172,-15.166835187057634,Relative persistent decline
ES.MD,-6.23833500369079,-4.928554710708092,-6.526396648882862,Improvement then reversal
ES.NC,-6.783180481052085,-8.046374805329641,-16.26578992905347,Relative persistent decline
ES.PV,4.103365736896096,2.605311578981649,-1.7911517105498835,Relative persistent decline
ES.RI,25.870372918673457,34.74611256364387,22.705380487133617,Improvement then reversal
ES.VC,-5.082429657095823,-1.0788176158929812,-1.2386424478771265,Relative persistent improvement
ET.AA,2.5631485385919217,14.26268138410021,5.994460291868204,Relative persistent improvement
ET.AF,2.842170943040401e-15,-100.73260073260073,-45.78754578754578,Relative persistent decline
ET.AM,6.881184874500295,14.417720689429188,13.107018808571988,Relative persistent improvement
ET.BE,-10.204081632653063,-59.523809523809526,221.0884353741497,"Temporary decline, rebounded"
ET.DD,-9.101251422070535,-3.555176336746303,-46.92832764505119,Improvement then reversal
ET.OR,7.514394456914218,10.002927686152045,17.566116912267006,Relative persistent improvement
ET.SO,-20.2020202020202,-55.55555555555556,111.1111111111111,"Temporary decline, rebounded"
ET.TI,11.105042781722194,3.1858729291825965,-48.24321864190789,Relative persistent decline
FI.02,-3.054767619463234,-19.637791839406503,-3.2729653065677504,Relative persistent decline
FI.03,10.968921389396709,27.422303473491773,-18.281535648994517,Improvement then reversal
FI.04,43.956043956043956,-10.989010989010989,-32.96703296703297,Relative persistent decline
FI.05,47.16981132075472,-23.58490566037736,-70.75471698113208,Relative persistent decline
FI.06,-282.43021346469624,28.73563218390805,8.210180623973727,Relative persistent improvement
FI.07,14.925373134328359,74.62686567164178,-37.31343283582089,Improvement then reversal
FI.08,-15.050468637346793,-12.842465753424658,0.9012256669069936,Relative persistent improvement
FI.09,-50.31446540880502,31.446540880503143,-31.446540880503143,Relative persistent improvement
FI.10,11.20238984316654,24.271844660194173,11.202389843166541,Relative persistent improvement
FI.11,7.944036044581456,10.967512449608726,11.856770215793217,Relative persistent improvement
FI.12,2.249718785151856,33.745781777277834,36.55793025871766,Relative persistent improvement
FI.13,-37.75883069427528,-30.45066991473812,-42.63093788063338,Improvement then reversal
FI.14,-7.41421568627451,7.506127450980394,4.901960784313726,Relative persistent improvement
FI.15,-10.538922155688622,0.0,-4.790419161676646,Relative persistent improvement
FI.16,-2.123142250530787,53.07855626326963,21.231422505307854,Relative persistent improvement
FI.17,7.936507936507934,71.42857142857142,-222.2222222222222,Improvement then reversal
FI.18,2.235572188300177,11.57179436675202,15.264920228481387,Relative persistent improvement
FI.19,3.4425405175414845,-5.802034580126097,11.217266854910456,"Temporary decline, rebounded"
FJ.C,0.9395552771688067,-7.04666457876605,14.0933291575321,"Temporary decline, rebounded"
FJ.W,35.71428571428571,29.76190476190476,0.0,Relative persistent decline
FM.PNI,-8.438818565400844,-21.09704641350211,-42.19409282700422,Relative persistent decline
FR.20R,10.893246187363834,10.893246187363836,36.31082062454612,Relative persistent improvement
FR.ARA,-6.783769168372667,-14.629765537486964,-10.93611186218085,Relative persistent decline
FR.BFC,-8.767288942634721,-20.595571007482427,-26.830927367545915,Relative persistent decline
FR.BRE,-2.020695836388821,-20.206958363888212,-12.303430294141611,Relative persistent decline
FR.CVL,-1.6959500712299032,-9.666915406010448,-13.228410555593245,Relative persistent decline
FR.GES,-2.375296912114014,8.212462728053772,-30.474554000101076,Improvement then reversal
FR.HDF,-5.383034353546511,-1.7826931950056624,2.5167433341256413,Relative persistent improvement
FR.IDF,-10.761637248442394,-4.2371779311301445,-7.7952514709112135,Relative persistent improvement
FR.NAQ,4.029575807194393,-6.620017397533644,-4.7971140561837995,Relative persistent decline
FR.NOR,7.414045950790287,-3.394709684427788,-1.3578838737711152,Relative persistent decline
FR.OCC,9.059456879967788,-7.4563431110846,-5.21944017775922,Relative persistent decline
FR.PAC,5.542470667041207,-0.8103027290995917,1.2424641846193738,Relative persistent decline
FR.PDL,6.992405172228319,-0.3765141246584478,10.434820026248413,"Temporary decline, rebounded"
GA.1,17.88908765652952,32.79666070363745,44.72271914132379,Relative persistent improvement
GA.2,23.062730627306273,16.14391143911439,0.0,Relative persistent decline
GA.3,-62.211981566820285,-11.52073732718894,-69.12442396313365,Improvement then reversal
GB.ENG,-3.6680207423147464,-6.7857840000130505,-14.06636475002705,Relative persistent decline
GB.NIR,-1.1861478559088214,-5.286093705680617,-10.443258296588535,Relative persistent decline
GB.SCT,-6.364701106356769,-6.521018912121395,-4.922844330796474,"Temporary decline, rebounded"
GB.WLS,-9.16194354261817,-4.2989599955978655,-19.259340780278436,Improvement then reversal
GD.03,-38.15355628827131,-11.775788977861517,-49.45831370701836,Improvement then reversal
GE.AB,-9.404388714733546,-7.836990595611287,94.04388714733543,Relative persistent improvement
GE.AJ,7.092198581560284,8.865248226950355,5.910165484633571,Improvement then reversal
GE.IM,6.382978723404255,31.914893617021278,42.5531914893617,Relative persistent improvement
GE.SK,18.348623853211013,-68.80733944954129,229.3577981651376,"Temporary decline, rebounded"
GE.TB,2.9887738737425282,7.654176993730864,-2.91587694999271,Improvement then reversal
GH.AA,-4.148431801604668,8.091721371261853,-5.014587892049599,Improvement then reversal
GH.AH,-4.684418145956608,-9.040105193951348,-4.10913872452334,"Temporary decline, rebounded"
GH.BE,18.912529550827422,-41.37115839243499,-23.640661938534283,Relative persistent decline
GH.BO,58.11965811965812,119.65811965811966,21.367521367521366,Improvement then reversal
GH.CP,-3.150787696924231,-8.627156789197299,0.0,"Temporary decline, rebounded"
GH.EP,9.64630225080386,124.59807073954983,152.7331189710611,Relative persistent improvement
GH.NP,-1.7953321364452421,2.9922202274087377,26.929982046678635,Relative persistent improvement
GH.TV,51.32962275819418,74.21150278293135,12.368583797155226,Improvement then reversal
GH.UE,39.40886699507389,307.8817733990148,221.67487684729062,Relative persistent improvement
GH.WP,0.0,23.80952380952381,42.32804232804233,Relative persistent improvement
GL.SM,50.87209302325582,3.633720930232558,21.80232558139535,Relative persistent decline
GM.B,10.39411000433088,27.067994802944995,2.1654395842356,Improvement then reversal
GN.C,6.500541711809317,18.95991332611051,50.55976886962803,Relative persistent improvement
GQ.BN,-22.727272727272727,-28.409090909090907,28.409090909090907,"Temporary decline, rebounded"
GR.A,-22.53619803829986,-32.986921999065856,2.919196637085474,"Temporary decline, rebounded"
GR.B,-8.748437778968041,5.188805570433851,-7.811105159792894,Relative persistent improvement
GR.C,39.682539682539684,97.22222222222221,83.33333333333333,Relative persistent improvement
GR.D,-13.954402515723269,-22.847877358490567,-9.33569182389937,"Temporary decline, rebounded"
GR.E,2.349751468594667,7.4559421599638505,-3.1631269769543606,Improvement then reversal
GR.F,-2.0661157024793386,61.98347107438017,67.14876033057851,Relative persistent improvement
GR.G,-20.160353241924238,-14.960492679525913,-15.105740181268882,Relative persistent improvement
GR.H,-134.2062193126023,-98.19967266775777,24.54991816693944,Relative persistent improvement
GR.I,-2.2118053325913083,-5.44032763258346,-6.028953245289211,Relative persistent decline
GR.J,23.194168323392976,57.98542080848244,69.58250497017893,Relative persistent improvement
GR.K,-4.591368227731865,-13.774104683195594,-7.6522803795531065,Relative persistent decline
GR.M,-18.81720430107527,-1.3715163484748738,-10.149220978714068,Relative persistent improvement
GT.GU,-13.155949741315595,12.564671101256467,-7.390983000739098,Relative persistent improvement
GW.BS,1.65016501650165,49.5049504950495,-16.5016501650165,Improvement then reversal
GY.DE,48.220436280137775,-22.962112514351322,74.6268656716418,"Temporary decline, rebounded"
HK.HEA,36.42384105960265,-66.22516556291392,-16.55629139072848,Relative persistent decline
HK.HSO,-13.533579398413305,-6.628908404395232,-31.39451020321582,Improvement then reversal
HK.NST,3.1337047353760448,-3.9171309192200554,-27.419916434540394,Relative persistent decline
HK.NTM,10.649627263045794,-2.6624068157614476,-8.874689385871495,Relative persistent decline
HK.NTP,22.174969623329282,31.8955042527339,4.5565006075334145,Improvement then reversal
HK.NTW,28.871391076115486,-65.61679790026247,0.0,Relative persistent decline
HN.CR,22.16748768472906,73.89162561576354,36.94581280788177,Relative persistent improvement
HN.FM,-8.00474355173436,33.353098132226506,13.341239252890603,Relative persistent improvement
HR.01,-57.08245243128964,-36.99788583509514,-52.854122621564485,Relative persistent improvement
HR.02,-57.6923076923077,48.07692307692309,96.15384615384616,Relative persistent improvement
HR.04,-6.960556844547563,2.9002320185614856,-29.00232018561485,Improvement then reversal
HR.05,-85.52631578947368,-27.412280701754383,-21.929824561403507,Relative persistent improvement
HR.06,65.28189910979228,55.637982195845694,59.34718100890207,Relative persistent decline
HR.08,-8.113344635504966,6.054734802615646,5.449261322354081,Relative persistent improvement
HR.10,-27.777777777777782,-7.71604938271605,-46.2962962962963,Improvement then reversal
HR.11,28.846153846153847,-36.05769230769231,-24.038461538461537,Relative persistent decline
HR.12,-20.74688796680498,44.95159059474412,-34.57814661134164,Improvement then reversal
HR.13,9.975920192638458,-29.239766081871345,-8.599931200550396,Relative persistent decline
HR.14,5.758894292295879,-7.358587151266957,10.877911441003327,"Temporary decline, rebounded"
HR.15,-20.95808383233533,0.0,89.82035928143712,Relative persistent improvement
HR.16,0.0,26.595744680851062,-106.38297872340425,Improvement then reversal
HR.17,-1.7836533417269957,3.1476235442241105,1.0492078480747036,Relative persistent improvement
HR.18,43.126684636118604,20.21563342318059,13.477088948787063,Relative persistent decline
HR.19,23.54920100925147,25.231286795626573,0.0,Improvement then reversal
HR.20,-21.818181818181817,27.27272727272727,-54.54545454545454,Improvement then reversal
HR.21,-4.367232908384445,-5.137921068687582,-7.947721653126105,Relative persistent decline
HT.OU,27.054108216432866,20.04008016032064,10.02004008016032,Relative persistent decline
HU.BA,1.044022968505308,3.6975813467896286,15.660344527579605,Relative persistent improvement
HU.BE,-26.97495183044316,-14.450867052023122,-28.90173410404624,Improvement then reversal
HU.BK,31.5934065934066,-68.68131868131869,41.20879120879121,"Temporary decline, rebounded"
HU.BU,-5.086229329800572,-2.720541269428213,-1.6559816422606513,Relative persistent improvement
HU.BZ,28.32244008714597,15.561780267662616,26.455026455026452,Relative persistent decline
HU.CS,-3.012720374916313,0.27895559027002914,-0.278955590270029,Relative persistent improvement
HU.FE,7.7574047954866,56.41748942172073,7.052186177715091,Improvement then reversal
HU.GS,4.4233807266982605,37.91469194312796,126.3823064770932,Relative persistent improvement
HU.HB,0.798594473726242,-0.9316935526806156,-9.849331842623648,Relative persistent decline
HU.HE,8.519701810436635,13.312034078807242,-74.54739084132055,Improvement then reversal
HU.PE,13.535383257319404,38.2521700750331,-15.44799176107106,Improvement then reversal
HU.SO,21.46558105107328,-192.45003700962252,-77.720207253886,Relative persistent decline
HU.SZ,-4.958677685950411,-4.132231404958677,8.264462809917356,Relative persistent improvement
HU.VA,-8.849557522123893,36.87315634218289,29.49852507374631,Relative persistent improvement
HU.VE,-21.18270079435128,-38.98205354516034,-66.19593998234775,Relative persistent decline
ID.AC,8.087997411840828,10.514396635393076,19.613393723714008,Relative persistent improvement
ID.BA,-2.294893861158921,-0.528429507503699,-6.039194371470845,Improvement then reversal
ID.BB,21.24773960216998,33.90596745027125,15.822784810126583,Improvement then reversal
ID.BE,19.320937752627323,57.49797898140663,-13.33872271624899,Improvement then reversal
ID.BT,14.998585039147253,40.91595132534667,34.43071408357702,Relative persistent improvement
ID.GO,18.867924528301884,44.45890262415962,63.977445239644325,Relative persistent improvement
ID.JA,26.298044504383007,50.57316250842886,40.45853000674309,Relative persistent improvement
ID.JB,-6.41120408424746,-20.734159250170016,-19.637700442525848,Relative persistent decline
ID.JI,1.359932565327339,-1.4048890137679124,4.242764821579095,"Temporary decline, rebounded"
ID.JK,9.262508466830425,43.1502321747717,58.02329092437386,Relative persistent improvement
ID.JT,-3.6458115073544817,-8.590705275950215,11.985081506935423,"Temporary decline, rebounded"
ID.KB,5.754341912534003,26.94078259050011,21.97112366603892,Relative persistent improvement
ID.KI,13.533344203489321,-4.891570194032283,-6.929724441545736,Relative persistent decline
ID.KR,41.775456919060055,43.51610095735421,39.1644908616188,Improvement then reversal
ID.KS,17.966360856269112,43.48241590214067,4.7782874617737,Improvement then reversal
ID.KT,2.889414236931968,-7.551878119254008,-72.89204097714737,Relative persistent decline
ID.KU,51.34899912967798,-4.351610095735422,56.57093124456049,"Temporary decline, rebounded"
ID.LA,15.487770327698552,50.76022287279251,9.679856454811597,Improvement then reversal
ID.MA,14.043177530915951,57.63990777614755,8.383986585621463,Improvement then reversal
ID.MU,37.936913895993186,75.66069906223359,57.54475703324808,Relative persistent improvement
ID.NB,22.50527467375166,15.628662967883098,42.19739001328436,"Temporary decline, rebounded"
ID.NT,24.387028737147375,114.02583706828366,71.18375955707883,Relative persistent improvement
ID.PA,24.655244463017134,52.23568742164647,106.56080234015879,Relative persistent improvement
ID.PB,17.791732077446362,47.09576138147567,10.465724751439037,Improvement then reversal
ID.PD,55.61172901921132,50.556117290192105,20.222446916076844,Relative persistent decline
ID.PS,24.459078080903105,87.01787394167451,0.0,Improvement then reversal
ID.RI,9.520884520884522,44.20410670410671,50.01755001755002,Relative persistent improvement
ID.SA,-28.877327904697278,0.9424715373595713,14.702555982809319,Relative persistent improvement
ID.SB,12.91626888302353,-13.197057337002303,8.84483630033133,Relative persistent decline
ID.SG,24.733057310960994,58.019176291130975,21.791239921551536,Improvement then reversal
ID.SN,15.540626727326842,21.25940728772482,35.2906160976232,Relative persistent improvement
ID.SR,40.17857142857143,104.91071428571428,174.10714285714286,Relative persistent improvement
ID.SS,14.44759206798867,3.186968838526912,19.35788479697828,"Temporary decline, rebounded"
ID.ST,5.705538547175062,0.0,1.3915947676036737,Relative persistent decline
ID.SU,18.18181818181818,8.697244346791175,4.943696786597089,Relative persistent decline
ID.YO,-5.75310679727774,-28.556221369024122,-22.725369885296686,Relative persistent decline
IE.C,6.012978508066917,-7.739477287610882,-19.646365422396855,Relative persistent decline
IE.L,-5.708034057936546,14.793321600152215,9.798791799457737,Relative persistent improvement
IE.M,8.341363526860997,7.5283064321850155,18.21850156588774,"Temporary decline, rebounded"
IE.U,63.71911573472041,32.50975292587776,-84.52535760728217,Relative persistent decline
IL.D,-8.507754856196355,-9.223008583044722,-6.776087938563469,"Temporary decline, rebounded"
IL.HA,-4.99626975335157,-2.825944430628716,-5.086699975131689,Improvement then reversal
IL.JM,-6.217254628012574,-0.46571195715450003,-14.902782628943998,Improvement then reversal
IL.M,0.18554842813974445,8.946084928166252,1.3253459152838891,Relative persistent improvement
IL.TA,5.019706997843386,2.354924270593193,-2.045065813936194,Relative persistent decline
IL.Z,38.029002663509914,32.18407812962415,19.97632435631844,Relative persistent decline
IN.AN,32.773109243697476,-58.8235294117647,-88.23529411764706,Relative persistent decline
IN.AP,6.125109918432942,2.956426817065405,6.367688529063949,"Temporary decline, rebounded"
IN.AR,-0.9624639076034647,22.457491177414184,118.70388193776067,Relative persistent improvement
IN.AS,-5.312827682628451,-11.88395665851101,-9.087731562390772,Relative persistent decline
IN.BR,53.077240809582825,38.03524714305384,48.18945339391437,Relative persistent decline
IN.CG,18.20568428261614,9.131377696609976,16.550622075105583,Relative persistent decline
IN.CH,-11.35061682342597,-31.573898910234206,-28.77621166502358,Relative persistent decline
IN.DL,-14.544825910628514,-8.293307417721046,-17.9182163081466,Improvement then reversal
IN.GA,-1.2056115738711093,-27.67426567295046,2.740026304252521,"Temporary decline, rebounded"
IN.GJ,1.3696149231430965,6.3670115228759645,9.281687908903628,Relative persistent improvement
IN.HP,-10.823975104857258,-2.593244035538718,3.6079917016190857,Relative persistent improvement
IN.HR,-6.305089107636879,0.32168821977739176,15.19976838448176,Relative persistent improvement
IN.JH,-0.18089725036179444,-7.914254703328511,-11.758321273516644,Relative persistent decline
IN.JK,13.091442597974213,11.426797957283526,4.3732189713060405,Relative persistent decline
IN.KA,-6.094650814098367,-8.447194475534815,-6.039744050007391,"Temporary decline, rebounded"
IN.KL,7.735417159996844,4.820540577111736,2.1988430702614936,Relative persistent decline
IN.LA,35.71428571428571,-113.63636363636363,-16.233766233766232,Relative persistent decline
IN.MH,-4.12702141822311,-2.6723834136027254,-0.6656486158424371,Relative persistent improvement
IN.ML,-0.36724201248622845,-14.995715509854328,16.52589056188028,"Temporary decline, rebounded"
IN.MN,8.252902503846691,18.88375996642887,51.05609176108547,Relative persistent improvement
IN.MP,-4.2923850574712645,-7.722701149425287,2.334770114942529,"Temporary decline, rebounded"
IN.MZ,19.469026548672566,76.6961651917404,56.04719764011799,Relative persistent improvement
IN.NL,38.08982376350199,-17.055144968732233,39.79533826037522,"Temporary decline, rebounded"
IN.OD,13.24894675639095,4.241569285319405,4.09859503974684,Relative persistent decline
IN.PB,5.8847251056711425,12.39675593326662,8.812151807984707,Relative persistent improvement
IN.PY,-14.69440832249675,-27.19982661465106,-41.1790203727785,Relative persistent decline
IN.RJ,9.803921568627452,15.66017421943819,0.0,Improvement then reversal
IN.SK,34.959349593495936,5.081300813008131,-4.065040650406504,Relative persistent decline
IN.TN,5.240288432956705,-3.431737644909506,4.709245819291876,Relative persistent decline
IN.TR,15.345854328905176,-28.63032524049473,-36.646816307833255,Relative persistent decline
IN.TS,-4.584104185843047,0.9341365388646367,-9.067959572393303,Improvement then reversal
IN.UK,1.9139359777899294,12.566777436587724,8.097421444495856,Relative persistent improvement
IN.UP,-4.963413175605885,-3.18028116947365,0.5164559164102508,Relative persistent improvement
IN.WB,-15.363513504427516,-15.733313610661003,-19.733878396277795,Relative persistent decline
IQ.AN,11.57556270096463,66.72025723472669,80.38585209003216,Relative persistent improvement
IQ.AR,22.407628128724674,14.302741358760429,48.86769964243146,"Temporary decline, rebounded"
IQ.BA,18.086696562032884,41.85351270553065,35.874439461883405,Relative persistent improvement
IQ.BB,18.39748244977003,28.44347615589446,30.259017187121763,Relative persistent improvement
IQ.BG,12.44678128562455,26.929251099271802,33.15264174208408,Relative persistent improvement
IQ.DA,21.94133078941092,21.464345337467208,44.1211543047937,"Temporary decline, rebounded"
IQ.DI,24.33817250213493,16.01195559350982,72.5875320239112,"Temporary decline, rebounded"
IQ.DQ,52.25653206650831,66.80522565320665,207.83847980997623,Relative persistent improvement
IQ.KA,42.280285035629454,117.5771971496437,166.270783847981,Relative persistent improvement
IQ.KI,40.32997250229148,64.16131989000917,164.98625114573787,Relative persistent improvement
IQ.MA,42.96875,34.1796875,195.3125,"Temporary decline, rebounded"
IQ.MU,75.23939808481532,109.43912448700411,27.35978112175103,Improvement then reversal
IQ.NA,20.855807263574253,34.1603739661992,43.149946062567416,Relative persistent improvement
IQ.NI,4.779997548719205,34.62434121828656,37.38203211177841,Relative persistent improvement
IQ.QA,31.138153185397282,0.8947745168217607,30.422333571939873,Relative persistent decline
IQ.SD,17.86237188872621,46.120058565153734,62.957540263543194,Relative persistent improvement
IQ.SU,31.305585200996084,66.25755958733546,104.94485948061187,Relative persistent improvement
IQ.WA,38.297872340425535,143.61702127659575,148.93617021276594,Relative persistent improvement
IR.00,3.85686736661667,-16.070280694236125,-13.391900578530105,Relative persistent decline
IR.01,-0.12515644555694613,-14.080100125156445,-5.006257822277847,Relative persistent decline
IR.02,-0.6181955558608372,-12.449771611086309,-9.959817288869045,Relative persistent decline
IR.03,-12.296593843505349,-19.62331434192729,-28.896995532237572,Relative persistent decline
IR.04,1.9994668088509737,-10.330578512396693,-14.329512130098639,Relative persistent decline
IR.05,7.18439958946288,-7.52651385562778,-15.395141977420458,Relative persistent decline
IR.06,-4.427736006683375,-3.2372598162071844,-15.455304928989138,Improvement then reversal
IR.07,-7.283111593208332,-4.81482301374715,-24.350829035043056,Improvement then reversal
IR.08,-3.296848213108268,-2.1978988087388456,1.0989494043694228,Relative persistent improvement
IR.09,-3.321928707829408,-10.592377466581794,-11.935073201782306,Relative persistent decline
IR.10,-18.616938131115766,-20.242598555663243,-24.61937662175259,Relative persistent decline
IR.11,-4.389436569043679,-23.92602720011513,-27.344031085845867,Relative persistent decline
IR.12,14.699986636375787,14.36589603100361,-26.727248429774157,Relative persistent decline
IR.13,4.640923424763491,-6.247396917950854,-8.329862557267806,Relative persistent decline
IR.14,13.689866939611054,-8.955987717502559,-17.911975435005118,Relative persistent decline
IR.15,36.86374592372041,7.798100099248548,12.760527435133987,Relative persistent decline
IR.16,-1.975308641975309,3.703703703703704,3.7037037037037037,Relative persistent improvement
IR.17,4.453820909517112,14.650726676043131,-9.376465072667603,Improvement then reversal
IR.18,14.596670934699102,17.92573623559539,1.2804097311139564,Improvement then reversal
IR.19,9.906490139801871,-7.406721599851867,-6.943801499861124,Relative persistent decline
IR.20,9.369248787016897,-18.68272823601584,-15.894261335117953,Relative persistent decline
IR.21,1.6079238487265246,-5.466941085670183,-13.506560329302804,Relative persistent decline
IR.22,21.841240018788163,28.769375293565055,-17.613903240958194,Improvement then reversal
IR.23,-13.88429045935641,-16.31404128974378,-19.77176362529504,Relative persistent decline
IR.24,19.419924337957124,16.078184110970998,-23.329129886506934,Relative persistent decline
IR.25,30.52126200274348,16.718106995884774,14.574759945130314,Relative persistent decline
IR.26,9.396418306433784,-13.541896971036923,-40.34932566880389,Relative persistent decline
IR.27,12.144096336360853,14.797428309011124,-14.287172160424534,Improvement then reversal
IR.28,66.85348278622898,39.03122497998399,-2.00160128102482,Relative persistent decline
IR.29,24.30449403852033,6.87863038826047,-7.642922653622745,Relative persistent decline
IR.30,-12.796027501909853,4.774637127578304,-10.504201680672269,Relative persistent improvement
IS.1,7.806339694054566,8.67371077117174,17.347421542343476,Relative persistent improvement
IS.3,0.0,22.32142857142857,-44.642857142857146,Improvement then reversal
IS.5,-37.735849056603776,188.6792452830189,47.16981132075472,Relative persistent improvement
IS.6,18.84057971014493,54.34782608695652,43.47826086956522,Relative persistent improvement
IT.21,-5.848652657010609,0.5083184824600222,-8.133095719360355,Improvement then reversal
IT.23,11.475409836065571,-8.196721311475414,-32.786885245901644,Relative persistent decline
IT.25,-10.433143602070853,-6.435086583052058,-2.200384444527478,Relative persistent improvement
IT.32,4.621926418931411,5.084119060824552,16.638935108153078,Relative persistent improvement
IT.34,-2.9439643155840534,0.3624198494563703,-2.843601895734597,Relative persistent improvement
IT.36,-13.236709808535673,-9.158733554390844,-16.044496737618996,Improvement then reversal
IT.42,-5.762013004176138,-6.277422424274462,-7.929375693820373,Relative persistent decline
IT.45,-0.3755387701105279,-1.6856569794733924,7.254726240771561,"Temporary decline, rebounded"
IT.52,-5.328504914640455,-2.2633212622866012,-14.614588722193481,Improvement then reversal
IT.55,-16.526771284083207,-14.467441739221105,-10.687659663208384,Relative persistent improvement
IT.57,-10.193548387096774,1.5053763440860215,2.150537634408602,Relative persistent improvement
IT.62,-0.7668286553705723,10.070400413902696,8.80005173783699,Relative persistent improvement
IT.65,-0.6090398921129335,-5.437856179579763,-1.5225997302823338,Relative persistent decline
IT.67,11.892963330029733,14.246778989098118,21.06045589692765,Relative persistent improvement
IT.72,-8.390228763965244,-7.370544422769995,-6.760950523142402,Relative persistent improvement
IT.75,4.07368400135127,12.81720088230034,9.140949466446754,Relative persistent improvement
IT.77,4.471771939631078,8.850381963853177,-8.384572386808273,Improvement then reversal
IT.78,-11.36124552913949,2.8929097412160742,1.5779507679360403,Relative persistent improvement
IT.82,-8.164747871954011,-6.3170196301385,3.237472560445981,Relative persistent improvement
IT.88,-3.9435765205521007,0.4739875625663583,0.37919005005308665,Relative persistent improvement
JM.01,-19.995790359924225,-29.467480530414647,-9.471690170490422,"Temporary decline, rebounded"
JM.02,9.433962264150955,0.0,-141.50943396226415,Relative persistent decline
JO.AJ,68.75,0.0,156.25,"Temporary decline, rebounded"
JO.AM,5.362593845392294,0.30938041415724776,-2.268789703819817,Relative persistent decline
JO.AT,23.10654685494223,-16.046213093709884,12.836970474967906,Relative persistent decline
JO.AZ,6.051039200210471,33.5438042620363,43.40962904498816,Relative persistent improvement
JO.BA,13.570822731128075,23.32485156912638,33.92705682782019,Relative persistent improvement
JO.IR,3.6144578313253013,-24.956970740103273,-27.969018932874356,Relative persistent decline
JO.JA,17.031630170316298,121.654501216545,48.661800486618,Relative persistent improvement
JO.KA,9.671179883945843,20.95422308188266,35.46099290780142,Relative persistent improvement
JO.MA,2.5597269624573378,21.331058020477816,63.99317406143344,Relative persistent improvement
JO.MD,58.82352941176471,42.016806722689076,-21.008403361344538,Relative persistent decline
JO.MN,32.850241545893724,21.73913043478261,43.47826086956522,"Temporary decline, rebounded"
JP.01,-9.515735128500387,-0.72759942804358,-9.93331393068192,Improvement then reversal
JP.02,-0.19659884006684364,-4.669222451587536,1.474491300501327,"Temporary decline, rebounded"
JP.03,-11.366617119874093,-10.055084375273236,-11.366617119874093,Relative persistent improvement
JP.04,-15.415026328466302,-13.704091294164549,-15.116027972957259,Relative persistent improvement
JP.05,-7.0289550986151905,-12.85144775493076,-17.834662190516156,Relative persistent decline
JP.06,-4.636233951497861,-12.259272467902996,5.349500713266763,"Temporary decline, rebounded"
JP.07,17.697045295080688,22.413658688703514,14.812504872534497,Improvement then reversal
JP.08,-9.487583071003847,-5.301241692899616,-16.34094088842253,Improvement then reversal
JP.09,14.405113077679449,22.73844641101278,14.995083579154375,Relative persistent improvement
JP.10,-2.2063519712013004,-7.2577367473727,-10.451140916216687,Relative persistent decline
JP.11,10.494054186588206,1.9615054554370484,16.55020228025009,"Temporary decline, rebounded"
JP.12,11.495786784611278,2.0970755328478283,14.202920654287567,"Temporary decline, rebounded"
JP.13,-0.9872484542202804,-0.7937676013831401,-2.7120393047257285,Improvement then reversal
JP.14,3.927441229656419,9.182866184448462,5.085895117540687,Relative persistent improvement
JP.15,-6.584723441615452,-11.174076143347433,-13.967595179184292,Relative persistent decline
JP.16,-1.9838555205910517,0.0,8.893145437132302,Relative persistent improvement
JP.17,-8.344079496321019,-9.766365774103011,-5.120230600015171,"Temporary decline, rebounded"
JP.18,0.5421817393190199,10.301453047061374,-12.470180004337454,Improvement then reversal
JP.19,4.629093854877907,-15.044555028353198,-14.465918296493461,Relative persistent decline
JP.20,8.413945989520354,6.171906489318824,-10.580411124546552,Relative persistent decline
JP.21,-1.4174344436569808,-7.340285511795079,-18.22415713273261,Relative persistent decline
JP.22,3.083595947273898,5.675849683168988,7.285418996306462,Relative persistent improvement
JP.23,0.967224893605262,0.02302916413345868,-0.82904990880451,Relative persistent decline
JP.24,6.218112244897959,-3.7866709183673475,-1.5943877551020407,Relative persistent decline
JP.25,9.081196581196581,5.876068376068376,13.888888888888888,"Temporary decline, rebounded"
JP.26,-9.22272270409113,-8.445631537802925,-7.0263931802106985,Relative persistent improvement
JP.27,0.8365655182903643,2.179165423518606,3.10055751534191,Relative persistent improvement
JP.28,4.555173375476434,-0.1936723373927055,0.6197514796566577,Relative persistent decline
JP.29,0.3250975292587782,2.6007802340702213,-1.9505851755526658,Improvement then reversal
JP.30,6.494273231786515,9.151021372062818,0.0,Improvement then reversal
JP.31,-7.087697027398709,-4.760393525864805,-2.1157304559399135,Relative persistent improvement
JP.32,10.887248154173445,-5.944187210611938,5.631335252158678,Relative persistent decline
JP.33,-2.9507731593133775,-3.262874166548446,-4.96524329692155,Relative persistent decline
JP.34,-1.2551072182017253,-1.7357865783640882,-6.008492002029535,Relative persistent decline
JP.35,-12.959772267585587,-4.3074387594576375,-4.120158813394261,Relative persistent improvement
JP.36,-7.959641255605381,-11.210762331838566,0.2802690582959641,"Temporary decline, rebounded"
JP.37,6.181068961338019,23.63349896982184,-2.4239486122894194,Improvement then reversal
JP.38,-6.796269954164691,3.16105579263474,-5.926979611190137,Relative persistent improvement
JP.39,-5.213385063045587,15.155189136760427,-3.6372453928225026,Relative persistent improvement
JP.40,-7.9706048615036735,-11.362351611079706,-12.43640474844545,Relative persistent decline
JP.41,-12.221242282978455,-7.874511780269622,-22.678593927176514,Improvement then reversal
JP.42,-11.647058823529411,-1.9117647058823533,-16.176470588235297,Improvement then reversal
JP.43,-4.303489568715501,-0.3508279539713724,-2.806623631770979,Relative persistent improvement
JP.44,-6.636868481647028,21.332791548151157,14.899092509819857,Relative persistent improvement
JP.45,0.8227550540667611,3.232251998119417,-21.744240714621533,Improvement then reversal
JP.46,-1.9695090816252097,-8.935735648114377,1.0941717120140053,"Temporary decline, rebounded"
JP.47,16.99286906387498,11.568805947504172,-0.37930511303292364,Relative persistent decline
KE.02,31.645569620253163,174.05063291139237,94.93670886075948,Relative persistent improvement
KE.03,56.81818181818183,75.75757575757575,113.63636363636364,Relative persistent improvement
KE.06,72.42990654205609,5.841121495327105,93.45794392523365,"Temporary decline, rebounded"
KE.11,23.237800154918666,38.729666924864446,19.364833462432223,Improvement then reversal
KE.12,27.713625866050812,-17.32101616628176,46.18937644341801,"Temporary decline, rebounded"
KE.13,-38.834951456310684,42.4757281553398,-12.135922330097086,Relative persistent improvement
KE.14,35.128805620608894,-29.274004683840747,35.128805620608894,"Temporary decline, rebounded"
KE.15,106.38297872340426,212.7659574468085,177.3049645390071,Relative persistent improvement
KE.16,32.45749613601237,50.23183925811437,-30.91190108191654,Improvement then reversal
KE.17,-9.418282548476455,-11.0803324099723,-2.770083102493075,"Temporary decline, rebounded"
KE.18,37.333333333333336,60.0,26.666666666666668,Improvement then reversal
KE.20,-17.191977077363894,-28.65329512893983,-57.30659025787966,Relative persistent decline
KE.22,174.35897435897436,-12.820512820512828,179.48717948717947,"Temporary decline, rebounded"
KE.26,68.18181818181819,94.6969696969697,227.27272727272728,Relative persistent improvement
KE.27,54.85232067510549,84.38818565400844,0.0,Improvement then reversal
KE.28,2.038735983690114,22.93577981651376,61.16207951070337,Relative persistent improvement
KE.30,-2.9578506285432584,-7.002487283483093,-2.8009949133932377,"Temporary decline, rebounded"
KE.31,-11.670556852284097,-9.16972324108036,-10.00333444481494,Relative persistent improvement
KE.33,56.66666666666667,33.333333333333336,0.0,Relative persistent decline
KE.36,26.490066225165567,39.73509933774835,-79.47019867549669,Improvement then reversal
KE.38,55.846422338568935,82.89703315881326,43.63001745200698,Improvement then reversal
KE.41,15.765765765765769,73.1981981981982,90.0900900900901,Relative persistent improvement
KE.44,-1.0442773600668338,-5.221386800334169,-20.885547201336674,Relative persistent decline
KG.GB,9.379663184822,-4.2634832658281825,15.988062246855678,"Temporary decline, rebounded"
KG.O,19.490254872563717,29.985007496251875,0.0,Improvement then reversal
KH.12,12.497888870123289,-5.066711704104036,43.91150143556832,"Temporary decline, rebounded"
KH.17,-2.6041666666666665,52.083333333333336,65.10416666666667,Relative persistent improvement
KI.G,-19.801980198019802,74.25742574257426,0.0,Relative persistent improvement
KN.03,27.4869109947644,-29.450261780104707,111.2565445026178,"Temporary decline, rebounded"
KN.08,-9.708737864077671,-97.08737864077669,-194.17475728155338,Relative persistent decline
KP.01,31.986531986531986,54.71380471380472,218.85521885521885,Relative persistent improvement
KR.11,-7.29251560513714,-9.593962886173104,-5.445470784865271,"Temporary decline, rebounded"
KR.26,-12.082574377656346,-7.24802671523983,1.2143290831815423,Relative persistent improvement
KR.27,2.708549199251059,-1.7723727981676394,4.9081092872334615,"Temporary decline, rebounded"
KR.28,14.448829997180718,11.012827741753593,7.7530307301945305,Relative persistent decline
KR.29,-11.947191406053914,-14.243762863310076,-20.07931328748557,Relative persistent decline
KR.30,4.747678269529169,3.2423168669955302,-7.063618888811691,Relative persistent decline
KR.31,11.55356141334829,-9.394279304542906,-17.526640493550197,Relative persistent decline
KR.41,20.147469867327708,25.10529044987163,26.496515613340584,Relative persistent improvement
KR.42,0.6872327428222365,0.8590409285277951,6.299633475870496,Relative persistent improvement
KR.43,4.6283691805063985,34.826209274888825,33.80524548507124,Relative persistent improvement
KR.44,19.316568647333195,23.06834313526668,17.491381058608802,Improvement then reversal
KR.45,-5.49917512373144,1.937209418587212,-8.37374393840924,Improvement then reversal
KR.46,14.606940509915017,15.492209631728045,34.525495750708224,Relative persistent improvement
KR.47,-11.593903739636016,-6.450614098462173,-6.1925895345236865,Relative persistent improvement
KR.48,8.029128932872748,4.04568512121495,-7.002147325179721,Relative persistent decline
KR.49,12.284069097888676,0.9596928982725537,4.478566858605246,Relative persistent decline
KR.50,66.05922551252847,30.372057706909647,121.48823082763859,"Temporary decline, rebounded"
KW.FA,23.80952380952381,19.841269841269842,119.04761904761905,"Temporary decline, rebounded"
KW.HA,-39.56343792633015,-3.4106412005457027,-61.39154160982265,Improvement then reversal
KW.JA,16.877637130801688,84.38818565400844,-147.67932489451476,Improvement then reversal
KW.KU,8.55403849317322,-5.757525908866588,-13.708395021110928,Relative persistent decline
KZ.10,-12.010848508330106,21.309569934134053,15.497869043006585,Relative persistent improvement
KZ.11,13.850415512465371,13.850415512465375,69.25207756232686,Relative persistent improvement
KZ.15,5.012531328320803,-2.0885547201336667,37.59398496240601,"Temporary decline, rebounded"
KZ.23,31.141868512110726,60.55363321799308,121.10726643598616,Relative persistent improvement
KZ.27,-2.0618556701030926,67.01030927835052,-61.855670103092784,Improvement then reversal
KZ.31,10.989010989010989,32.967032967032964,10.989010989010989,Relative persistent improvement
KZ.33,11.49425287356322,-71.83908045977012,57.4712643678161,"Temporary decline, rebounded"
KZ.35,0.8865248226950353,8.865248226950355,-2.2163120567375887,Improvement then reversal
KZ.39,23.622047244094492,9.84251968503937,0.0,Relative persistent decline
KZ.43,19.10828025477707,79.61783439490445,79.61783439490446,Relative persistent improvement
KZ.55,0.0,-7.780082987551866,20.74688796680498,"Temporary decline, rebounded"
KZ.59,18.18181818181818,58.44155844155844,64.93506493506493,Relative persistent improvement
KZ.61,1.194743130227002,14.934289127837514,17.921146953405017,Relative persistent improvement
KZ.63,0.9756097560975612,-21.95121951219512,14.634146341463415,"Temporary decline, rebounded"
KZ.71,12.505719078847033,10.675613847796248,18.301052310507853,"Temporary decline, rebounded"
KZ.75,6.068472007857443,1.6661989616949626,15.960432159393852,"Temporary decline, rebounded"
KZ.79,10.015814443858725,6.589351607801793,39.53610964681076,"Temporary decline, rebounded"
LA.VT,20.066889632107024,63.7541806020067,62.709030100334445,Relative persistent improvement
LB.AS,9.005145797598626,-7.504288164665522,-2.1440823327615783,Relative persistent decline
LB.BA,10.865628395508875,-27.088615236025596,-55.535434021489806,Relative persistent decline
LB.JA,39.603960396039604,-148.5148514851485,-49.504950495049506,Relative persistent decline
LB.JL,9.910802775024777,-2.4777006937561943,-69.37561942517344,Relative persistent decline
LI.01,-28.846153846153847,168.26923076923077,-144.23076923076923,Improvement then reversal
LI.07,14.814814814814813,148.14814814814815,18.51851851851852,Relative persistent improvement
LI.11,9.584664536741213,55.91054313099041,-15.974440894568689,Improvement then reversal
LK.1,4.273674961057635,0.5991133122977992,-26.96009905340097,Relative persistent decline
LK.2,-9.535160905840286,-14.898688915375448,-47.67580452920143,Relative persistent decline
LK.3,9.159697331740343,6.969334926324175,-21.90362405416169,Relative persistent decline
LK.4,29.562251279135875,17.055144968732236,-19.89766913018761,Relative persistent decline
LK.5,30.155642023346303,24.31906614785992,-43.77431906614786,Relative persistent decline
LK.6,24.277456647398843,34.68208092485549,-23.12138728323699,Improvement then reversal
LK.7,23.630504833512354,16.11170784103115,64.4468313641246,"Temporary decline, rebounded"
LK.8,104.34782608695653,65.21739130434783,28.985507246376812,Relative persistent decline
LK.9,10.973936899862824,68.58710562414267,-6.858710562414266,Improvement then reversal
LR.MG,-35.71428571428571,-156.25,580.3571428571429,"Temporary decline, rebounded"
LR.MO,58.751529987760094,-15.29987760097919,-6.119951040391676,Relative persistent decline
LS.A,5.747126436781609,34.48275862068965,11.494252873563218,Relative persistent improvement
LT.KL,-1.6708437761069341,16.708437761069337,4.177109440267335,Relative persistent improvement
LT.KU,0.3794886390588682,0.11859019970589624,5.929509985294816,"Temporary decline, rebounded"
LT.PN,117.64705882352942,-18.38235294117647,-36.76470588235294,Relative persistent decline
LT.SA,-9.049773755656108,-79.18552036199094,-96.15384615384615,Relative persistent decline
LT.VL,-2.2546419098143238,1.4091511936339522,8.620689655172413,Relative persistent improvement
LU.ES,35.416666666666664,86.45833333333333,100.0,Relative persistent improvement
LU.GR,9.803921568627455,-98.03921568627452,49.01960784313726,"Temporary decline, rebounded"
LU.LU,27.2008434370058,41.11755403268318,40.06325777543489,Relative persistent improvement
LU.ME,74.38016528925621,0.0,-41.32231404958678,Relative persistent decline
LV.087,27.131782945736433,4.844961240310077,19.37984496124031,Relative persistent decline
LV.091,43.7956204379562,-36.496350364963504,-109.48905109489051,Relative persistent decline
LV.113,40.229885057471265,71.83908045977012,-57.4712643678161,Improvement then reversal
LV.DGV,-3.452243958573072,11.507479861910241,5.7537399309551205,Relative persistent improvement
LV.JEL,11.964107676969093,1.2462612163509472,7.477567298105684,Relative persistent decline
LV.LPX,5.649717514124293,14.124293785310737,14.124293785310734,Relative persistent improvement
LV.REZ,2.4125452352231607,3.0156815440289506,-48.25090470446321,Improvement then reversal
LV.RIX,-7.893164945814489,-0.2133287823193104,11.946411809881388,Relative persistent improvement
LV.VEN,18.93939393939394,0.0,-56.81818181818182,Relative persistent decline
LY.BA,20.318021201413426,62.9416961130742,26.501766784452297,Relative persistent improvement
LY.JA,14.893617021276594,15.957446808510639,10.638297872340425,Improvement then reversal
LY.JG,57.85123966942149,20.66115702479339,206.61157024793388,"Temporary decline, rebounded"
LY.MB,68.76790830945559,35.81661891117479,128.9398280802292,"Temporary decline, rebounded"
LY.MI,56.430446194225716,72.1784776902887,19.68503937007874,Improvement then reversal
LY.SB,51.44032921810699,77.1604938271605,-61.72839506172839,Improvement then reversal
LY.SR,67.48466257668711,107.36196319018404,0.0,Improvement then reversal
LY.TB,23.87740555951532,44.54739843193157,58.802565930149676,Relative persistent improvement
LY.ZA,32.67973856209151,-21.78649237472767,108.93246187363835,"Temporary decline, rebounded"
MA.01,16.708762385855838,42.257625801437726,47.600544006217206,Relative persistent improvement
MA.02,15.685431886549207,20.41254834550924,16.115169746454665,Relative persistent improvement
MA.03,-8.018214215006928,-12.992476737279747,-13.363690358344881,Relative persistent decline
MA.04,-3.4956018452193347,-1.4326237070571048,-15.758860777628149,Improvement then reversal
MA.05,43.66666666666667,46.66666666666667,85.0,Relative persistent improvement
MA.06,7.130573381989011,10.695860072983518,-0.20972274652908854,Improvement then reversal
MA.07,10.249940865725774,8.673026886383347,19.711424741780338,"Temporary decline, rebounded"
MA.09,34.09822003002359,47.17992708556723,35.384945314175425,Relative persistent improvement
MD.BA,-8.547008547008547,-42.735042735042754,-42.73504273504273,Relative persistent decline
MD.CU,-0.10168802115110828,-2.033760423022168,0.0,"Temporary decline, rebounded"
MD.SN,-12.396694214876032,-82.64462809917357,-20.66115702479339,Relative persistent decline
ME.16,3.9984006397441023,3.998400639744103,-3.9984006397441023,Improvement then reversal
MK.211,-3.72300819061802,33.50707371556217,33.50707371556217,Relative persistent improvement
MK.310,-5.319148936170213,-39.8936170212766,-79.78723404255318,Relative persistent decline
MK.501,-3.505696757230499,10.955302366345311,-13.146362839614374,Improvement then reversal
MK.609,5.305039787798409,-8.289124668435012,6.63129973474801,"Temporary decline, rebounded"
ML.2,-5.208333333333336,117.18750000000001,-52.083333333333336,Improvement then reversal
ML.BKO,16.84081130915796,19.668100799016596,8.60479409956976,Improvement then reversal
MM.04,2.747252747252746,-9.157509157509157,54.94505494505494,"Temporary decline, rebounded"
MM.06,-18.43422849340009,25.034137460172964,-10.24123805188894,Relative persistent improvement
MM.18,40.25617566331199,-16.010978956999082,-45.745654162854535,Relative persistent decline
MN.1,-11.908058709498754,-0.9231053263177328,23.07763315794332,Relative persistent improvement
MP.S,19.047619047619044,-119.04761904761904,95.23809523809523,"Temporary decline, rebounded"
MR.08,9.00900900900901,-22.522522522522525,45.04504504504505,"Temporary decline, rebounded"
MT.09,55.776892430278885,29.8804780876494,-239.0438247011952,Relative persistent decline
MT.21,19.607843137254907,73.52941176470588,-147.05882352941177,Improvement then reversal
MT.34,9.395088181968022,26.372177352892695,18.955002472391623,Relative persistent improvement
MT.39,45.977011494252885,258.62068965517244,-114.9425287356322,Improvement then reversal
MT.40,-118.14345991561181,-116.03375527426161,84.38818565400844,Relative persistent improvement
MT.60,34.88372093023256,-72.67441860465115,29.069767441860463,Relative persistent decline
MU.MO,-4.05040504050405,2.25022502250225,-22.5022502250225,Improvement then reversal
MU.PL,18.01801801801802,0.0,60.06006006006007,"Temporary decline, rebounded"
MU.PW,17.857142857142858,22.321428571428573,-89.28571428571429,Improvement then reversal
MV.26,-7.485029940119756,82.33532934131736,89.82035928143712,Relative persistent improvement
MW.C,-8.320493066255779,38.52080123266563,155.6240369799692,Relative persistent improvement
MW.N,16.05839416058394,-25.547445255474454,36.4963503649635,"Temporary decline, rebounded"
MW.S,6.01829561868079,-34.90611458834858,-134.8098218584497,Relative persistent decline
MX.AGU,1.4836795252225532,7.41839762611276,16.073194856577647,Relative persistent improvement
MX.BCN,-8.002724331687384,3.618253022305465,0.4256768261535842,Relative persistent improvement
MX.BCS,15.932521087160262,51.54639175257732,-65.60449859418932,Improvement then reversal
MX.CAM,10.8359133126935,1.4512383900928794,2.9024767801857587,Relative persistent decline
MX.CHH,6.192568917299241,-8.73951258489812,4.49460647223332,Relative persistent decline
MX.CHP,16.39344262295082,6.926806742091895,0.0,Relative persistent decline
MX.CMX,-6.356863779695725,-7.768104289417371,-3.1407429741579667,"Temporary decline, rebounded"
MX.COA,22.53349573690621,-0.38063337393422714,30.450669914738125,"Temporary decline, rebounded"
MX.COL,-5.014749262536872,-5.899705014749262,-13.274336283185841,Relative persistent decline
MX.DUR,11.782592170277459,15.203344735841885,49.41087039148612,Relative persistent improvement
MX.GRO,26.812313803376366,20.688513737173118,52.96259516716319,"Temporary decline, rebounded"
MX.GUA,9.976488530215416,-7.943064116413547,5.4012835991612125,Relative persistent decline
MX.HID,12.041218015514646,7.525761259696653,36.47099687391455,"Temporary decline, rebounded"
MX.JAL,10.491830471925024,5.909430206519035,9.745376130048934,Relative persistent decline
MX.MEX,-1.1408803179743858,-0.9200647725599882,-18.03326954217577,Improvement then reversal
MX.MIC,-3.328525463219793,-3.0511483412848106,14.423610340619106,Relative persistent improvement
MX.MOR,-14.464890597821114,-15.105740181268882,-5.492996429552321,"Temporary decline, rebounded"
MX.NAY,11.885110597556949,1.650709805216243,21.459227467811157,"Temporary decline, rebounded"
MX.NLE,6.395939086294416,11.082910321489003,1.8612521150592216,Improvement then reversal
MX.OAX,5.427841634738187,15.16602809706258,59.06768837803321,Relative persistent improvement
MX.PUE,6.300529690549206,-0.8363534987454697,-5.018120992472818,Relative persistent decline
MX.QUE,15.17706576728499,13.701517706576727,12.647554806070826,Relative persistent decline
MX.ROO,11.355034065102197,28.38758516275549,83.27024981074943,Relative persistent improvement
MX.SIN,0.0,2.9299736302373267,8.789920890711983,Relative persistent improvement
MX.SLP,-4.170914820650663,-12.04930948187969,1.8537399202891833,"Temporary decline, rebounded"
MX.SON,8.570315543435918,-1.3634592910011687,2.337358784573432,Relative persistent decline
MX.TAB,19.192587690271345,27.57555702625193,38.6057798367527,Relative persistent improvement
MX.TAM,-33.3894137440145,0.6470816617057074,15.529959880936973,Relative persistent improvement
MX.TLA,15.350877192982455,2.1929824561403506,19.736842105263158,"Temporary decline, rebounded"
MX.VER,5.537439241986094,5.537439241986094,31.378822371254543,Relative persistent improvement
MX.YUC,-3.22696306920043,-18.226365483446873,8.366200549778894,"Temporary decline, rebounded"
MX.ZAC,14.721919302071976,23.173391494002182,9.541984732824428,Improvement then reversal
MY.01,-30.40997146718727,-26.718225959853832,-30.785403213695748,Improvement then reversal
MY.02,-18.103367413938656,-35.87843541881625,-7.034987337022794,"Temporary decline, rebounded"
MY.03,-22.247254294564907,-44.70571669952126,-3.5201351731906505,"Temporary decline, rebounded"
MY.04,-9.047860646034163,-10.992727887705058,-11.838322340605446,Relative persistent decline
MY.05,24.738502407438155,17.84824838120538,36.526647849908684,"Temporary decline, rebounded"
MY.06,18.263183357522983,-21.165940977261734,1.2094823415578133,Relative persistent decline
MY.07,-16.17836742214852,-13.174866408697254,-29.297954671089,Improvement then reversal
MY.08,0.2994236095516136,-13.661202185792348,-33.31087656261696,Relative persistent decline
MY.09,-0.23108030040439012,10.398613518197575,-57.77007510109763,Improvement then reversal
MY.10,-12.102039690276065,-2.5289216678008497,-9.288039579923119,Relative persistent improvement
MY.11,20.22850721108822,4.682524817381532,10.769807079977523,Relative persistent decline
MY.12,19.08076323052922,19.50078003120125,21.600864034561383,Relative persistent improvement
MY.13,18.017100977198698,8.906758957654723,-8.65228013029316,Relative persistent decline
MY.14,-5.544509458615009,-14.571379878429813,-18.065102539339886,Relative persistent decline
MY.16,6.8359375,72.83528645833334,54.524739583333336,Relative persistent improvement
MZ.MPM,-20.590424212354254,-46.204415777722645,-53.33664103200198,Relative persistent decline
MZ.N,107.49185667752445,24.429967426710103,195.4397394136808,"Temporary decline, rebounded"
MZ.S,-74.235807860262,109.17030567685592,152.8384279475983,Relative persistent improvement
NA.KH,25.416301489921118,14.607069821793747,-8.76424189307625,Relative persistent decline
NC.S,30.22269353128314,23.86002120890774,-21.208907741251327,Relative persistent decline
NE.4,55.71030640668524,97.49303621169918,-83.56545961002786,Improvement then reversal
NE.7,61.797752808988754,0.0,393.2584269662921,"Temporary decline, rebounded"
NE.8,5.2312775330396475,9.636563876651984,-1.3766519823788548,Improvement then reversal
NG.AB,5.5528335783112865,-11.024007839294462,-27.76416789155643,Relative persistent decline
NG.AD,12.149848126898412,-1.6874789065136682,13.499831252109347,"Temporary decline, rebounded"
NG.AK,4.158380039775809,11.751943590670763,19.88790453805822,Relative persistent improvement
NG.AN,-0.7565011820330966,3.546099290780142,4.7281323877068555,Relative persistent improvement
NG.BA,-4.110996916752313,36.8276807125728,-18.842069201781435,Improvement then reversal
NG.BE,2.1101992966002343,-19.929660023446658,-33.99765533411489,Relative persistent decline
NG.BO,-8.813281410125025,-19.471203115392502,-32.79360524697684,Relative persistent decline
NG.BY,15.410016510731978,11.00715465052284,41.27682993946065,"Temporary decline, rebounded"
NG.CR,-0.4568296025582459,-7.708999543170398,-9.707629054362723,Relative persistent decline
NG.DE,10.356454720616572,34.922928709055874,32.51445086705202,Relative persistent improvement
NG.EB,25.992438563327035,17.722117202268432,-11.814744801512287,Relative persistent decline
NG.ED,1.6349887594522787,-4.342938892295115,-13.795217657878602,Relative persistent decline
NG.EK,17.337031900138697,18.080047553001783,15.851000594412524,Improvement then reversal
NG.EN,-1.284224585195459,-14.38331535418914,-16.694919607540967,Relative persistent decline
NG.FC,14.094495168868008,13.296693555535857,3.5457849481428956,Relative persistent decline
NG.GO,40.9670920080591,68.83814640698455,77.23304231027535,Relative persistent improvement
NG.IM,2.795248078266946,7.686932215234102,28.6512928022362,Relative persistent improvement
NG.JI,57.06134094151213,114.12268188302426,64.19400855920114,Relative persistent improvement
NG.KD,-5.862176488930464,-11.849080137199875,-37.10632990333645,Relative persistent decline
NG.KE,42.418772563176894,18.050541516245488,22.56317689530686,Relative persistent decline
NG.KN,15.417602613845213,6.6367163569532375,-2.552583214212784,Relative persistent decline
NG.KO,12.896292315959164,20.150456743686192,85.97528210639442,Relative persistent improvement
NG.KT,24.26837972876517,37.47323340471092,78.51534618129907,Relative persistent improvement
NG.KW,3.1394827328449693,-19.0611451637016,-22.79862460756466,Relative persistent decline
NG.LA,-2.8802115302894373,3.4232022286226926,-11.331979791302704,Improvement then reversal
NG.NA,21.216973578863087,-2.0016012810248194,92.07365892714171,"Temporary decline, rebounded"
NG.NI,8.179530201342281,1.5729865771812082,-44.04362416107382,Relative persistent decline
NG.OG,-0.30384054448225595,-10.482498784637823,-24.30724355858046,Relative persistent decline
NG.ON,11.266094420600856,-12.294349070100143,5.364806866952789,Relative persistent decline
NG.OS,-5.953511938691493,-17.10051301539046,-21.533979352713914,Relative persistent decline
NG.OY,-11.07886167350984,-14.158289678606826,-27.785643494265894,Relative persistent decline
NG.PL,-4.485023226013135,15.217043088258851,-17.61973410219446,Improvement then reversal
NG.RI,7.627836896129578,-0.23542706469535712,0.0,Relative persistent decline
NG.SO,1.575078753937697,-16.188309415470776,-28.001400070003502,Relative persistent decline
NG.TA,33.203125,40.69010416666667,211.58854166666669,Relative persistent improvement
NG.YO,38.88888888888889,152.77777777777777,-55.55555555555555,Improvement then reversal
NG.ZA,79.71014492753623,289.85507246376807,-108.69565217391305,Improvement then reversal
NI.AN,6.833712984054668,-34.16856492027335,22.779043280182233,"Temporary decline, rebounded"
NI.LE,1.4210854715202005e-15,0.0,8.460236886632826,"Temporary decline, rebounded"
NI.MN,-5.842827928717499,-37.24802804557406,-21.91060473269062,Relative persistent decline
NL.DR,-4.554326610279766,0.0,32.53090435914119,Relative persistent improvement
NL.FL,-14.551333872271622,26.27324171382377,28.294260307194826,Relative persistent improvement
NL.FR,23.36650800519256,31.371700562527046,36.78061445261792,Relative persistent improvement
NL.GE,-5.849407362675098,3.28585130190757,8.880679194344784,Relative persistent improvement
NL.GR,2.7993517290732677,8.997916272021214,-9.155774452232114,Improvement then reversal
NL.LI,-0.39198118490312445,4.899764811289058,1.679919363870534,Relative persistent improvement
NL.NB,9.202800361336946,11.785794941282745,18.631436314363146,Relative persistent improvement
NL.NH,0.1147666411629686,-2.1614384085692424,-4.590665646518746,Relative persistent decline
NL.OV,-2.3220547815372954,9.95166334944555,11.136385176760497,Relative persistent improvement
NL.UT,1.009765021739647,5.464610705885149,5.761600418161516,Relative persistent improvement
NL.ZE,74.01315789473685,-12.335526315789473,57.56578947368422,Relative persistent decline
NL.ZH,6.088039238616743,6.431996257747631,2.854843258786382,Improvement then reversal
NO.01,40.770101925254814,24.06568516421291,45.30011325028313,"Temporary decline, rebounded"
NO.02,-15.119575488842042,0.18172566693319725,-0.7269026677327906,Relative persistent improvement
NO.03,14.020437880955143,15.334853932294687,2.190693418899241,Improvement then reversal
NO.06,101.79000801496126,43.41437349719476,30.724018167245525,Relative persistent decline
NO.07,-101.62916989914662,-3.8789759503491084,-3.878975950349108,Relative persistent improvement
NO.08,-146.4245175936436,5.6753688989784346,11.350737797956869,Relative persistent improvement
NO.11,-2.2295360441660477,13.536468839579573,18.579467034717062,Relative persistent improvement
NO.15,10.072747621712368,15.38891997761612,0.0,Improvement then reversal
NO.18,38.52540684158087,29.890401859847227,74.72600464961806,"Temporary decline, rebounded"
NO.19,15.068015347052668,11.68468782699686,16.742239274502964,"Temporary decline, rebounded"
NO.20,14.354066985645934,95.69377990430623,-143.54066985645932,Improvement then reversal
NO.34,54.36643835616438,37.45719178082192,81.33561643835617,"Temporary decline, rebounded"
NO.42,31.928161636318286,34.92142678972313,13.719131953105514,Improvement then reversal
NO.46,11.439287388654478,13.674011564306923,10.470385997812159,Improvement then reversal
NO.50,8.786440677966102,7.932203389830509,6.915254237288135,Relative persistent decline
NP.P1,-15.214083894805478,-42.92545098891545,-31.514888067811345,Relative persistent decline
NP.P2,39.246467817896395,-133.43799058084772,-219.78021978021977,Relative persistent decline
NP.P3,5.544409207602529,13.807089077298125,6.040601471317929,Relative persistent improvement
NP.P4,1.3042060645582019,16.3025758069775,-14.672318226279753,Improvement then reversal
NP.P5,9.07715582450832,-7.564296520423602,-158.85022692889564,Relative persistent decline
NP.P6,63.58381502890173,158.95953757225433,115.60693641618496,Relative persistent improvement
NZ.AUK,2.8166160081053695,-1.2158054711246202,-5.065856129685917,Relative persistent decline
NZ.BOP,30.971574034789988,29.698769622401358,46.66949512091642,"Temporary decline, rebounded"
NZ.CAN,-12.435384765434508,-1.0972398322442212,-9.997074027114015,Relative persistent improvement
NZ.HKB,30.48780487804878,20.325203252032523,132.1138211382114,"Temporary decline, rebounded"
NZ.MWT,3.241633082179779,-8.980199754687225,-29.349921149465565,Relative persistent decline
NZ.NSN,62.5,33.482142857142854,-27.901785714285715,Relative persistent decline
NZ.NTL,29.220779220779217,162.33766233766232,97.40259740259741,Relative persistent improvement
NZ.OTA,-9.824005959586554,-11.75621566253841,-25.607598472855944,Relative persistent decline
NZ.STL,29.126213592233007,291.26213592233006,145.63106796116503,Relative persistent improvement
NZ.TKI,54.1871921182266,12.31527093596059,-24.63054187192118,Relative persistent decline
NZ.WGN,11.033468186833394,12.215625492565543,12.609677927809594,Relative persistent improvement
NZ.WKO,5.2356020942408374,15.155690272802428,11.711215210801875,Relative persistent improvement
OM.BJ,53.846153846153854,-19.230769230769234,-76.92307692307693,Relative persistent decline
OM.BS,39.70037453183521,91.76029962546818,26.217228464419478,Improvement then reversal
OM.BU,30.769230769230774,57.69230769230769,-57.69230769230769,Improvement then reversal
OM.DA,27.646129541864138,96.76145339652449,102.68562401263824,Relative persistent improvement
OM.MA,10.597106174852254,5.774064261938728,4.415460906188439,Relative persistent decline
OM.SJ,112.90322580645162,-120.96774193548386,-201.61290322580643,Relative persistent decline
OM.ZA,-31.496062992125985,0.0,-118.11023622047246,Improvement then reversal
OM.ZU,42.91845493562231,7.153075822603719,150.2145922746781,"Temporary decline, rebounded"
PA.10,58.25242718446602,72.81553398058252,72.81553398058252,Relative persistent improvement
PA.4,6.711409395973152,-25.167785234899327,-16.778523489932887,Relative persistent decline
PA.8,17.211505140348848,63.24361788148319,91.83319856763313,Relative persistent improvement
PE.AMA,38.91050583657587,-12.970168612191962,38.91050583657588,"Temporary decline, rebounded"
PE.ANC,-55.3956834532374,-46.76258992805756,-17.985611510791365,Relative persistent improvement
PE.APU,0.0,79.36507936507935,222.2222222222222,Relative persistent improvement
PE.ARE,40.2930402930403,26.455026455026456,73.26007326007327,"Temporary decline, rebounded"
PE.AYA,13.850415512465371,0.0,34.62603878116343,"Temporary decline, rebounded"
PE.CAJ,28.08988764044944,147.47191011235955,252.80898876404495,Relative persistent improvement
PE.CAL,11.261261261261263,26.276276276276278,60.06006006006007,Relative persistent improvement
PE.CUS,20.435967302452315,18.732970027247955,102.17983651226157,"Temporary decline, rebounded"
PE.HUC,9.216589861751151,46.08294930875576,-19.201228878648234,Improvement then reversal
PE.HUV,31.55818540433925,138.06706114398423,49.30966469428007,Relative persistent improvement
PE.ICA,-4.0983606557377055,66.59836065573771,30.73770491803279,Relative persistent improvement
PE.JUN,31.746031746031747,86.71369782480895,120.51734273956497,Relative persistent improvement
PE.LAL,10.989010989010989,22.275022275022273,123.25512325512327,Relative persistent improvement
PE.LAM,14.501510574018127,19.637462235649547,24.169184290030213,Relative persistent improvement
PE.LIM,19.73001038421599,38.94080996884735,-46.72897196261682,Improvement then reversal
PE.LMA,4.4681797952826,24.343569203382287,24.477080551846907,Relative persistent improvement
PE.LOR,-18.273471959672342,3.1505986137366104,15.752993068683052,Relative persistent improvement
PE.MDD,-10.81081081081081,175.67567567567568,243.24324324324326,Relative persistent improvement
PE.MOQ,80.45977011494253,57.4712643678161,0.0,Relative persistent decline
PE.PAS,27.303754266211605,17.064846416382252,-34.129692832764505,Relative persistent decline
PE.PIU,16.096579476861166,50.30181086519114,150.90543259557342,Relative persistent improvement
PE.PUN,8.349389852280027,41.74694926140013,80.28259473346179,Relative persistent improvement
PE.SAM,46.318289786223275,71.25890736342042,77.19714964370546,Relative persistent improvement
PE.TAC,26.61596958174905,42.77566539923954,76.04562737642586,Relative persistent improvement
PE.TUM,16.85393258426966,28.08988764044944,-84.26966292134831,Improvement then reversal
PE.UCA,18.050541516245488,189.53068592057764,198.55595667870037,Relative persistent improvement
PF.V,14.350453172205437,-28.323262839879153,-18.882175226586103,Relative persistent decline
PG.EHG,-17.045454545454543,17.755681818181817,28.409090909090907,Relative persistent improvement
PG.MPL,32.69230769230769,19.23076923076923,76.92307692307693,"Temporary decline, rebounded"
PG.MPM,-13.333333333333332,-44.44444444444444,-22.22222222222222,Relative persistent decline
PG.NCD,-6.8493150684931505,19.97716894977169,22.831050228310506,Relative persistent improvement
PH.00,-0.40566579899259664,6.338528109259323,26.368276934518782,Relative persistent improvement
PH.01,-22.395326192794546,-2.43427458617332,121.71372930866602,Relative persistent improvement
PH.02,33.70786516853932,101.82584269662921,147.47191011235955,Relative persistent improvement
PH.03,-2.9695619896065333,64.95916852264291,85.37490720118782,Relative persistent improvement
PH.05,-3.7664783427495294,65.91337099811676,131.82674199623352,Relative persistent improvement
PH.06,14.74460242232754,18.430753027909425,57.92522380200106,Relative persistent improvement
PH.07,9.939083039435719,-13.62616223148445,43.28310355883296,"Temporary decline, rebounded"
PH.08,-1.203369434416366,7.521058965102286,39.109506618531896,Relative persistent improvement
PH.09,-3.597122302158273,44.96402877697841,107.91366906474819,Relative persistent improvement
PH.10,-2.6315789473684204,32.89473684210526,13.157894736842104,Relative persistent improvement
PH.11,7.2,72.0,96.0,Relative persistent improvement
PH.12,1.282873636946762,-27.261064785118666,6.414368184733803,"Temporary decline, rebounded"
PH.13,23.09058614564832,79.92895204262878,53.285968028419184,Relative persistent improvement
PH.14,-16.6270783847981,83.1353919239905,142.51781472684087,Relative persistent improvement
PH.15,20.5761316872428,33.43621399176954,102.88065843621399,Relative persistent improvement
PH.40,3.6945812807881766,2.3091133004926103,20.782019704433495,"Temporary decline, rebounded"
PH.41,29.661016949152543,105.9322033898305,21.1864406779661,Improvement then reversal
PK.BA,52.56693687054777,9.211495946941783,114.22254974207812,"Temporary decline, rebounded"
PK.GB,48.87218045112782,42.29323308270676,65.78947368421052,"Temporary decline, rebounded"
PK.IS,-7.471264367816093,-18.59605911330049,-15.024630541871922,Relative persistent decline
PK.JK,51.06526885356781,54.10889414947582,28.74535001690903,Improvement then reversal
PK.KP,15.93167701863354,33.92857142857143,22.981366459627328,Relative persistent improvement
PK.PB,13.406683663866122,30.30834516863161,35.42033846101196,Relative persistent improvement
PK.SD,-2.7204456969716717,1.9955365142456878,0.8145046996921173,Relative persistent improvement
PL.02,-4.0371087776531756,-5.760016311550616,0.10194719135487817,"Temporary decline, rebounded"
PL.04,-3.9217433931993404,-4.456526583181068,6.907616203930656,"Temporary decline, rebounded"
PL.06,-3.1063196637865778,-2.0230233104492417,-0.9136234305254639,Relative persistent improvement
PL.08,25.151148730350663,29.02055622732769,20.556227327690447,Improvement then reversal
PL.10,-1.835407163486194,-3.5088666360765473,-2.024346136198008,Relative persistent decline
PL.12,1.7102650336887777,-0.22956577633406416,2.6400064278417372,"Temporary decline, rebounded"
PL.14,0.8299903167796374,3.1876439702406367,5.352836100970126,Relative persistent improvement
PL.16,16.65080875356803,-1.9822391373295272,9.514747859181732,Relative persistent decline
PL.18,10.680576254346747,4.139758238118894,10.349395595297235,Relative persistent decline
PL.20,3.7804536544385328,-1.9252310277233269,-7.000840100812097,Relative persistent decline
PL.22,5.202700727793529,3.653581971765118,15.78347411802531,"Temporary decline, rebounded"
PL.24,0.39718790960003164,6.801842951900545,9.929697740000794,Relative persistent improvement
PL.26,6.709451575262544,32.81796966161027,-0.7292882147024504,Improvement then reversal
PL.28,6.224234095869372,-3.2333683614905833,1.6166841807452916,Relative persistent decline
PL.30,-3.7026011238045617,-1.3954526848509654,-3.814237338592639,Improvement then reversal
PL.32,-4.397141857792435,0.37475640833458246,1.7488632388947185,Relative persistent improvement
PT.01,-6.044159368447021,2.004440606882941,-27.753793018379177,Improvement then reversal
PT.02,28.19548872180451,-37.59398496240601,93.98496240601503,"Temporary decline, rebounded"
PT.03,4.909824510232852,11.423849107967527,0.48612123863691603,Improvement then reversal
PT.04,19.502681618722573,15.845928815212092,41.44319843978547,"Temporary decline, rebounded"
PT.05,-0.16820857863751043,-14.718250630782169,-54.66778805719091,Relative persistent decline
PT.06,-10.256725218032184,-7.4468738484215695,-43.14580518363837,Improvement then reversal
PT.07,8.27559661277906,0.48113933795227126,-21.17013086989992,Relative persistent decline
PT.08,-7.339948348511622,0.0,10.873997553350549,Relative persistent improvement
PT.09,49.74489795918367,19.132653061224488,-89.28571428571428,Relative persistent decline
PT.10,15.215852795470628,53.07855626326963,-24.76999292285916,Improvement then reversal
PT.11,-1.439017452269799,5.459063300035139,-4.977996419189131,Improvement then reversal
PT.12,31.446540880503143,102.20125786163521,15.723270440251572,Improvement then reversal
PT.13,4.122479004474959,5.440446269846136,-10.421136516888371,Improvement then reversal
PT.14,35.1123595505618,-22.823033707865168,14.044943820224718,Relative persistent decline
PT.15,15.875946095624883,-1.3845301827579837,-35.997784751707584,Relative persistent decline
PT.16,55.056179775280896,50.561797752808985,-50.561797752808985,Relative persistent decline
PT.17,-11.014389767276604,4.885414816130752,-13.323858589447504,Improvement then reversal
PT.18,2.1111893033075306,9.67628430682618,-7.037297677691767,Improvement then reversal
PT.20,-2.4356297842727903,23.486430062630482,27.835768963117605,Relative persistent improvement
PT.30,9.85869208018403,1.643115346697338,26.28984554715741,"Temporary decline, rebounded"
PW.150,17.699115044247787,-11.061946902654867,-44.24778761061947,Relative persistent decline
PY.10,99.601593625498,59.760956175298816,99.601593625498,"Temporary decline, rebounded"
PY.11,27.118644067796613,35.781544256120526,6.5913370998116765,Improvement then reversal
PY.12,46.51162790697675,255.8139534883721,209.30232558139537,Relative persistent improvement
PY.7,23.157894736842103,-63.157894736842096,-73.68421052631578,Relative persistent decline
PY.ASU,22.428460943542145,62.35498839907193,56.071152358855365,Relative persistent improvement
QA.DA,30.169596477347,15.222401871409405,15.996422305548867,Relative persistent decline
RO.AB,5.281690140845072,48.41549295774648,0.0,Improvement then reversal
RO.AG,-2.5141420490257698,-23.570081709616595,-56.56819610307982,Relative persistent decline
RO.AR,14.673913043478262,13.586956521739133,-8.152173913043478,Relative persistent decline
RO.B,1.9355238301693973,0.1548419064135519,-10.451828682914744,Relative persistent decline
RO.BC,8.294930875576037,-6.912442396313366,4.608294930875576,Relative persistent decline
RO.BH,15.654019633855134,-1.9899177500663305,22.552401167418417,"Temporary decline, rebounded"
RO.BV,3.981420039814201,6.635700066357001,27.6487502764875,Relative persistent improvement
RO.CJ,2.6451294350003525,3.703181209000493,0.8817098116667842,Improvement then reversal
RO.CS,-53.29153605015674,-164.576802507837,-78.36990595611286,Relative persistent decline
RO.CT,0.8066684592632427,12.772250605001346,26.888948642108094,Relative persistent improvement
RO.DB,4.901960784313726,-8.753501400560223,-17.50700280112045,Relative persistent decline
RO.DJ,9.311606252078485,9.145327569005653,9.145327569005653,Relative persistent decline
RO.GJ,6.666666666666666,0.0,0.0,Relative persistent decline
RO.GL,9.125475285171103,23.447401774397974,30.418250950570343,Relative persistent improvement
RO.HD,25.050100200400802,25.050100200400802,35.07014028056112,Relative persistent improvement
RO.IF,46.16805170821792,33.08710372422284,18.467220683287167,Relative persistent decline
RO.IS,-2.0168588715933184,-5.300718829187568,-13.704297460826394,Relative persistent decline
RO.MS,6.821282401091405,13.642564802182811,-4.872344572208146,Improvement then reversal
RO.PH,1.2484394506866423,12.484394506866417,-18.726591760299627,Improvement then reversal
RO.SB,11.516946363935507,12.3395853899309,16.45278051990787,Relative persistent improvement
RO.SV,16.642891107941036,24.964336661911556,16.642891107941036,Relative persistent improvement
RO.TL,26.4026402640264,8.25082508250825,-16.5016501650165,Relative persistent decline
RO.TM,4.206730769230769,3.171741452991453,8.346688034188034,"Temporary decline, rebounded"
RS.VO,3.22160283790632,3.619778469557663,3.0768116991240135,Improvement then reversal
RU.AD,-1.058201058201059,7.936507936507937,79.36507936507937,Relative persistent improvement
RU.AL,-34.34065934065934,10.302197802197805,-13.736263736263735,Relative persistent improvement
RU.ALT,9.384064152874934,-22.60706364101689,-13.64954785872718,Relative persistent decline
RU.AMU,15.209125475285171,24.952471482889734,14.258555133079849,Improvement then reversal
RU.ARK,4.857906242409522,-21.253339810541654,-1.2144765606023804,Relative persistent decline
RU.AST,5.880780539962577,-18.711574445335472,-6.682705159048383,Relative persistent decline
RU.BA,1.0732230840528807,-5.731986926191521,-35.61149324357286,Relative persistent decline
RU.BEL,7.562389715149988,5.986891857827073,-14.494580287370809,Relative persistent decline
RU.BRY,10.373443983402488,18.153526970954356,-33.71369294605809,Improvement then reversal
RU.BU,-7.105427357601002e-16,-9.31098696461825,-24.829298572315334,Relative persistent decline
RU.CE,17.692307692307693,9.615384615384615,46.15384615384615,"Temporary decline, rebounded"
RU.CHE,-3.0546238620028747,-2.8449928126497364,-8.68471490177288,Improvement then reversal
RU.CU,23.68932038834951,32.03883495145631,-13.592233009708737,Improvement then reversal
RU.DA,-4.643206256109482,-6.720430107526882,-21.383186705767354,Relative persistent decline
RU.IN,5.347593582887701,26.737967914438503,26.737967914438503,Relative persistent improvement
RU.IRK,2.747387528823039,-6.991120051022912,-0.9812098317225139,Relative persistent decline
RU.IVA,-10.799136069114471,-3.599712023038157,-14.398848092152626,Improvement then reversal
RU.KAM,-8.9086859688196,-22.271714922049,-37.11952487008167,Relative persistent decline
RU.KB,-7.105427357601002e-16,-1.2632642748863052,5.053057099545225,"Temporary decline, rebounded"
RU.KC,26.272577996715928,30.78817733990148,20.525451559934318,Improvement then reversal
RU.KDA,20.602327173169062,14.54483230663929,-18.822724161533195,Relative persistent decline
RU.KEM,3.263449367088608,-11.37262658227848,-5.4390822784810124,Relative persistent decline
RU.KGD,9.609012591119946,-1.6567263088137838,21.53744201457919,"Temporary decline, rebounded"
RU.KGN,5.115089514066497,-7.992327365728901,-44.75703324808184,Relative persistent decline
RU.KHA,-13.712861001454394,-6.752545190110119,-37.39871182214835,Improvement then reversal
RU.KHM,18.295218295218298,-16.632016632016633,-16.632016632016633,Relative persistent decline
RU.KIR,14.567821301392039,28.326319197151186,0.0,Improvement then reversal
RU.KK,15.904572564612327,9.940357852882704,39.761431411530815,"Temporary decline, rebounded"
RU.KL,14.749262536873156,18.436578171091444,-51.62241887905605,Improvement then reversal
RU.KLU,-2.890173410404624,-7.707129094412331,-55.8766859344894,Relative persistent decline
RU.KO,7.164179104477613,7.46268656716418,-20.895522388059703,Improvement then reversal
RU.KOS,-1.4210854715202005e-15,59.45945945945947,21.62162162162162,Relative persistent improvement
RU.KR,5.65262076053443,23.766700924974305,-1.2846865364850977,Improvement then reversal
RU.KRS,-4.178957718780728,-3.072763028515241,-82.35004916420844,Improvement then reversal
RU.KYA,-5.839032088374539,-7.101525512887953,-14.466070489216202,Relative persistent decline
RU.LEN,-10.355987055016183,3.236245954692558,-54.20711974110033,Improvement then reversal
RU.LIP,7.593457943925235,16.063084112149536,-8.761682242990656,Improvement then reversal
RU.MAG,-5.725190839694656,28.625954198473284,-19.083969465648856,Improvement then reversal
RU.ME,-11.349306431273643,-42.55989911727616,-9.457755359394703,"Temporary decline, rebounded"
RU.MO,8.447984552256818,-3.017137340091721,-16.895969104513636,Relative persistent decline
RU.MOS,-9.759282486555213,-15.03410594319685,-42.61095170186079,Relative persistent decline
RU.MOW,-2.12299214634304,1.8583756181118902,-0.3231957596716331,Relative persistent improvement
RU.MUR,15.220700152207002,10.78132927447996,8.878741755454083,Relative persistent decline
RU.NGR,-84.98402555910543,-27.156549520766774,-115.01597444089457,Improvement then reversal
RU.NIZ,12.710706150341686,3.4168564920273354,-7.972665148063782,Relative persistent decline
RU.NVS,7.115941577652518,1.0510416991062255,-8.174768770826198,Relative persistent decline
RU.OMS,13.464297538902992,-14.623110032005297,-19.86535702461097,Relative persistent decline
RU.ORE,35.981227185816095,2.607335303320007,7.822005909960022,Relative persistent decline
RU.ORL,26.97495183044316,9.633911368015415,-62.62042389210019,Relative persistent decline
RU.PER,13.429997623009271,9.805086760161636,-16.638935108153078,Relative persistent decline
RU.PNZ,9.166302924487123,9.275425578350067,7.638585770405937,Improvement then reversal
RU.PRI,15.865084322298566,-2.02998126171143,-2.4984384759525295,Relative persistent decline
RU.PSK,-1.1111111111111114,25.0,-50.0,Improvement then reversal
RU.ROS,4.363694065376071,1.0909235163440179,6.34719136781974,"Temporary decline, rebounded"
RU.RYA,9.439050701186623,12.135922330097086,8.090614886731391,Improvement then reversal
RU.SA,35.69553805774278,25.8092738407699,13.99825021872266,Relative persistent decline
RU.SAK,-27.63157894736842,82.23684210526315,13.157894736842104,Relative persistent improvement
RU.SAM,12.381104203198893,13.815824432754132,-11.42462405016207,Improvement then reversal
RU.SAR,-4.382303839732889,-9.390651085141904,-7.6516416249304395,Relative persistent decline
RU.SE,20.097772949483975,24.443237370994023,24.443237370994026,Relative persistent improvement
RU.SMO,4.478566858605245,23.992322456813817,9.596928982725528,Relative persistent improvement
RU.SPE,10.417348668368943,-0.545601361820999,-7.893033034343787,Relative persistent decline
RU.STA,5.759007678676904,-9.598346131128174,-28.056704075605435,Relative persistent decline
RU.SVE,11.918951132300357,0.7945967421533572,1.1918951132300357,Relative persistent decline
RU.TA,6.754908931794563,-5.401192364491605,-2.0510857080347864,Relative persistent decline
RU.TAM,17.102137767220903,-6.532066508313539,-1.187648456057007,Relative persistent decline
RU.TOM,3.0973700512473945,-8.799346736498283,-7.743425128118488,Relative persistent decline
RU.TUL,3.021148036253776,7.552870090634441,-34.52740612861459,Improvement then reversal
RU.TVE,1.5708451146716926,9.425070688030159,9.425070688030159,Relative persistent improvement
RU.TY,44.77611940298507,62.189054726368155,0.0,Improvement then reversal
RU.TYU,25.849549811211155,22.50943944234679,2.1783328492593665,Relative persistent decline
RU.UD,-2.502887947631882,8.182518290335002,-24.066230265691182,Improvement then reversal
RU.ULY,-1.1788977306218686,9.578544061302683,-10.31535514294135,Improvement then reversal
RU.VGG,6.608695652173914,18.47826086956522,-2.608695652173913,Improvement then reversal
RU.VLA,2.604166666666667,0.0,-42.317708333333336,Relative persistent decline
RU.VLG,-1.857585139318885,6.191950464396286,-49.53560371517028,Improvement then reversal
RU.VOR,1.0422094841063052,4.280503238293754,-5.583265093426636,Improvement then reversal
RU.YAN,31.446540880503143,-31.44654088050314,62.893081761006286,"Temporary decline, rebounded"
RU.YAR,11.287839917906618,11.971951428082775,20.52334530528476,Relative persistent improvement
RU.YEV,37.41496598639456,34.013605442176875,-34.013605442176875,Relative persistent decline
RU.ZAB,15.659955257270695,0.0,7.457121551081283,Relative persistent decline
RW.01,-0.9765625,-14.6484375,56.966145833333336,"Temporary decline, rebounded"
RW.03,89.36170212765958,127.65957446808511,255.3191489361702,Relative persistent improvement
RW.05,23.270440251572325,24.371069182389935,53.45911949685535,Relative persistent improvement
SA.01,12.28050040169861,21.40479742912889,14.346378973946974,Relative persistent improvement
SA.02,22.74106152848386,30.753781459863177,29.70773447143246,Relative persistent improvement
SA.03,52.31219920485457,51.78907721280602,48.12722326846621,Relative persistent decline
SA.04,25.239077442340147,26.720420026251638,24.376523532720796,Improvement then reversal
SA.05,43.10344827586207,53.62870890136327,72.17321571772253,Relative persistent improvement
SA.06,65.21739130434783,88.18703855619358,96.39048400328137,Relative persistent improvement
SA.07,46.211714132187,95.37882858678131,88.66200967221924,Relative persistent improvement
SA.08,42.772861356932154,49.7787610619469,206.4896755162242,Relative persistent improvement
SA.09,35.01649327581832,71.68231413346867,97.69094138543515,Relative persistent improvement
SA.10,18.979833926453143,80.0711743772242,100.83036773428233,Relative persistent improvement
SA.11,65.13761467889908,151.37614678899084,160.55045871559633,Relative persistent improvement
SA.12,91.26984126984128,200.06613756613757,171.95767195767198,Relative persistent improvement
SA.14,62.21937139191789,34.07633098139833,50.5131494547787,Relative persistent decline
SC.05,70.06369426751593,47.77070063694268,95.54140127388536,"Temporary decline, rebounded"
SC.16,12.944983818770229,40.453074433656965,-48.543689320388346,Improvement then reversal
SD.DS,5.649717514124296,-84.7457627118644,-28.248587570621467,Relative persistent decline
SD.GD,45.45454545454545,68.18181818181819,45.45454545454545,Relative persistent improvement
SD.GZ,-4.032258064516129,33.60215053763441,-30.241935483870964,Improvement then reversal
SD.KA,-11.834319526627219,14.792899408284022,-29.58579881656805,Improvement then reversal
SD.KH,-2.3973150071919447,-6.992168770976506,-21.176282563528847,Relative persistent decline
SD.KN,20.134228187919465,41.946308724832214,16.778523489932887,Improvement then reversal
SD.NR,-8.47457627118644,105.9322033898305,84.7457627118644,Relative persistent improvement
SD.NW,78.2608695652174,-108.69565217391306,43.47826086956522,Relative persistent decline
SE.AB,3.5072951739618405,4.0849673202614385,5.81798375916023,Relative persistent improvement
SE.AC,4.040857559771018,4.489841733078909,3.08676619149175,Improvement then reversal
SE.BD,0.7839448102853563,-8.231420507996237,14.111006585136407,"Temporary decline, rebounded"
SE.C,-7.105427357601002e-16,7.986738999397227,-6.730962427164958,Improvement then reversal
SE.D,48.32713754646841,-37.17472118959108,0.0,Relative persistent decline
SE.E,5.6205847470736865,6.187799721549013,7.219099675140515,Relative persistent improvement
SE.F,28.05001689760054,13.518080432578573,16.897600540723218,Relative persistent decline
SE.G,-2.4630541871921166,0.0,110.83743842364531,Relative persistent improvement
SE.H,33.55704697986577,11.185682326621922,22.371364653243845,Relative persistent decline
SE.K,-9.33125972006221,-42.76827371695179,-38.88024883359253,Relative persistent decline
SE.M,4.604445135219149,7.285514454460678,2.4285048181535593,Improvement then reversal
SE.N,15.58891454965358,33.1986143187067,63.51039260969978,Relative persistent improvement
SE.O,16.36664119560002,14.61624580171663,-5.420006041973949,Relative persistent decline
SE.S,24.496644295302012,0.0,28.523489932885905,"Temporary decline, rebounded"
SE.T,27.121001390820584,23.470097357440892,-1.7385257301808066,Relative persistent decline
SE.U,13.309352517985612,12.589928057553957,52.15827338129497,"Temporary decline, rebounded"
SE.W,22.39245727754862,32.41013553329405,53.03476723629936,Relative persistent improvement
SE.X,38.14884302689181,26.5791119449656,28.142589118198874,Relative persistent decline
SE.Y,-7.285974499089254,13.661202185792352,-45.537340619307834,Improvement then reversal
SE.Z,22.831050228310506,-79.90867579908677,182.64840182648405,"Temporary decline, rebounded"
SI.011,-52.11267605633803,17.605633802816904,-14.084507042253522,Relative persistent improvement
SI.040,76.43312101910828,111.46496815286625,-191.0828025477707,Improvement then reversal
SI.050,-13.056379821958458,-23.738872403560833,44.51038575667656,"Temporary decline, rebounded"
SI.052,-28.44638949671772,-65.64551422319475,120.35010940919035,"Temporary decline, rebounded"
SI.061,-1.6677043493729435,-2.8906875389131006,0.0,"Temporary decline, rebounded"
SI.070,-0.2359325232983366,10.02713224017931,-3.53898784947505,Improvement then reversal
SI.080,47.61904761904761,14.88095238095238,0.0,Relative persistent decline
SI.084,-5.411255411255409,8.116883116883116,-37.87878787878788,Improvement then reversal
SI.085,21.791767554479417,18.15980629539952,60.53268765133173,"Temporary decline, rebounded"
SI.094,-45.45454545454545,-47.34848484848486,94.6969696969697,"Temporary decline, rebounded"
SI.112,12.269938650306749,46.012269938650306,30.67484662576687,Relative persistent improvement
SI.133,24.5398773006135,-46.012269938650306,0.0,Relative persistent decline
SJ.21,-44.642857142857146,0.0,44.642857142857146,Relative persistent improvement
SK.BC,5.8031569173630455,8.704735376044567,-2.321262766945218,Improvement then reversal
SK.BL,-4.528819762122598,-3.43092406221409,1.3723696248856359,Relative persistent improvement
SK.KI,3.630974434975917,0.9262689885142641,17.043349388662467,"Temporary decline, rebounded"
SK.NI,1.664447403462051,-4.993342210386151,-0.8322237017310253,Relative persistent decline
SK.PV,-6.1108686163247485,8.729812309035356,-26.18943692710607,Improvement then reversal
SK.TA,6.185567010309278,-1.718213058419244,1.7182130584192439,Relative persistent decline
SK.TC,39.60396039603961,86.63366336633663,61.88118811881188,Relative persistent improvement
SK.ZI,7.632398753894082,0.3894080996884735,-1.557632398753894,Relative persistent decline
SL.S,16.94915254237288,84.7457627118644,56.497175141242934,Relative persistent improvement
SL.W,49.16067146282974,47.961630695443645,-35.97122302158273,Relative persistent decline
SM.07,83.89261744966443,25.167785234899327,-167.78523489932886,Relative persistent decline
SN.DB,98.0392156862745,264.70588235294116,137.25490196078434,Relative persistent improvement
SN.DK,-2.162712295655493,-4.611665924559507,0.0,"Temporary decline, rebounded"
SN.SL,24.131274131274132,62.741312741312754,62.74131274131274,Relative persistent improvement
SN.TH,32.57328990228014,65.14657980456026,114.00651465798046,Relative persistent improvement
SN.ZG,62.59314456035768,44.70938897168406,29.80625931445604,Relative persistent decline
SO.BN,28.680688336520074,253.34608030592736,372.848948374761,Relative persistent improvement
SO.BR,166.66666666666669,344.2028985507246,1195.6521739130435,Relative persistent improvement
SO.WO,42.85714285714286,89.28571428571429,-35.714285714285715,Improvement then reversal
SR.PM,35.65891472868217,23.25581395348837,-7.751937984496124,Relative persistent decline
SS.EC,-46.54186167446698,-50.702028081123245,-44.20176807072283,"Temporary decline, rebounded"
SV.LI,24.038461538461537,48.07692307692308,96.15384615384615,Relative persistent improvement
SV.SM,0.0,-26.041666666666668,156.25,"Temporary decline, rebounded"
SV.SS,7.5392038600723765,18.0940892641737,48.25090470446321,Relative persistent improvement
SY.DI,-12.643224022125642,11.85302252074279,11.85302252074279,Relative persistent improvement
SY.HI,-17.964071856287426,-29.94011976047905,179.64071856287424,"Temporary decline, rebounded"
SY.HL,-53.94470667565745,20.22926500337154,-3.3715441672285906,Relative persistent improvement
SY.LA,40.49844236760125,51.92107995846314,31.152647975077883,Improvement then reversal
SY.RD,-11.933174224343675,-59.66587112171838,95.4653937947494,"Temporary decline, rebounded"
SY.TA,40.98360655737705,-20.491803278688526,204.91803278688525,"Temporary decline, rebounded"
SZ.HH,26.16279069767442,-14.534883720930232,0.0,Relative persistent decline
SZ.MA,42.42424242424242,63.63636363636364,-24.242424242424242,Improvement then reversal
TD.ND,32.5,56.25,200.0,Relative persistent improvement
TD.OD,87.4125874125874,0.0,17.48251748251748,Relative persistent decline
TG.K,64.77732793522267,156.8825910931174,40.48582995951417,Improvement then reversal
TG.M,1.2004801920768304,-3.001200480192077,4.001600640256102,"Temporary decline, rebounded"
TH.10,3.6049645511819137,6.115564863612175,6.4374366985391305,Relative persistent improvement
TH.11,56.680161943319845,70.8502024291498,60.72874493927126,Relative persistent improvement
TH.12,9.56175298804781,36.52058432934927,9.296148738379815,Improvement then reversal
TH.13,14.996894134350873,27.06540065666874,30.171266305794656,Relative persistent improvement
TH.14,71.42857142857142,153.0612244897959,357.1428571428571,Relative persistent improvement
TH.16,102.73972602739725,34.246575342465746,102.73972602739727,"Temporary decline, rebounded"
TH.20,32.76955602536998,43.16420014094433,89.8520084566596,Relative persistent improvement
TH.21,142.19474497681605,119.78361669242658,85.00772797527048,Relative persistent decline
TH.22,23.4375,195.3125,136.71875,Relative persistent improvement
TH.30,18.50616872290764,30.426808936312106,25.841947315771925,Relative persistent improvement
TH.32,64.22018348623854,206.42201834862385,45.871559633027516,Improvement then reversal
TH.34,14.392324093816631,17.32409381663113,-21.321961620469082,Improvement then reversal
TH.40,-16.174010039040713,-25.44617958728388,-31.0234244283324,Relative persistent decline
TH.41,60.75949367088608,75.9493670886076,50.63291139240506,Improvement then reversal
TH.42,69.3069306930693,173.26732673267327,198.01980198019803,Relative persistent improvement
TH.44,21.81400688863376,7.175660160734788,30.137772675086108,"Temporary decline, rebounded"
TH.46,146.85314685314682,157.34265734265733,69.93006993006992,Improvement then reversal
TH.47,67.44868035190615,102.63929618768327,146.62756598240466,Relative persistent improvement
TH.48,95.41984732824429,76.33587786259542,95.41984732824429,"Temporary decline, rebounded"
TH.50,3.070680484728848,4.523770356966606,3.83835060591106,Relative persistent improvement
TH.52,38.27751196172248,83.73205741626795,47.84688995215311,Relative persistent improvement
TH.53,76.92307692307693,96.15384615384616,160.25641025641028,Relative persistent improvement
TH.56,73.20872274143302,75.93457943925233,50.62305295950156,Improvement then reversal
TH.57,26.881720430107528,114.24731182795699,72.58064516129033,Relative persistent improvement
TH.60,44.025157232704395,110.06289308176099,94.33962264150942,Relative persistent improvement
TH.65,14.415481832543444,-7.4052132701421804,-13.823064770932069,Relative persistent decline
TH.67,58.82352941176471,220.58823529411768,49.01960784313726,Improvement then reversal
TH.70,82.70676691729322,112.78195488721803,263.1578947368421,Relative persistent improvement
TH.73,86.25730994152046,43.859649122807014,102.3391812865497,"Temporary decline, rebounded"
TH.76,89.96539792387543,69.20415224913495,155.70934256055364,"Temporary decline, rebounded"
TH.80,60.21505376344086,118.27956989247312,43.01075268817205,Improvement then reversal
TH.83,49.80842911877394,86.20689655172413,76.62835249042145,Relative persistent improvement
TH.84,40.49844236760124,140.18691588785046,31.152647975077883,Improvement then reversal
TH.90,4.505519261094841,-9.574228429826537,-13.141097844859953,Relative persistent decline
TH.95,74.82993197278913,127.55102040816328,102.04081632653062,Relative persistent improvement
TJ.DU,-33.66619115549215,-1.4265335235378025,-1.4265335235378032,Relative persistent improvement
TL.DI,24.63054187192118,172.41379310344826,418.7192118226601,Relative persistent improvement
TM.S,23.364485981308412,-186.9158878504673,116.82242990654207,"Temporary decline, rebounded"
TN.11,0.7419655727974224,-9.857542610022895,-11.023488510133129,Relative persistent decline
TN.12,-4.68975468975469,-5.411255411255412,-45.093795093795094,Relative persistent decline
TN.13,2.2153300841825434,7.753655294638902,17.722640673460347,Relative persistent improvement
TN.14,-7.631055076310554,20.73656270736563,6.635700066357001,Relative persistent improvement
TN.21,-20.990764063811923,-35.68429890848027,-16.79261125104954,"Temporary decline, rebounded"
TN.32,40.94488188976378,86.61417322834646,-15.748031496062993,Improvement then reversal
TN.41,50.40322580645161,105.84677419354838,-10.080645161290322,Improvement then reversal
TN.51,1.8358729575913344,0.4589682393978336,-5.507618872774004,Relative persistent decline
TN.52,-6.839131727624145,-1.486767766874814,-11.150758251561106,Improvement then reversal
TN.61,-1.8513501309491556,-5.870134561546103,-8.579427436105844,Relative persistent decline
TN.71,30.848329048843187,73.90745501285348,51.41388174807198,Relative persistent improvement
TN.81,15.308075009567546,36.35667814772292,66.97282816685801,Relative persistent improvement
TN.82,8.771929824561402,14.619883040935672,-14.619883040935672,Improvement then reversal
TO.04,17.857142857142854,22.321428571428573,111.60714285714286,Relative persistent improvement
TR.01,3.6141575274177464,-16.045613160518446,-32.40279162512463,Relative persistent decline
TR.02,17.999307718933885,6.057459328487367,24.229837313949464,"Temporary decline, rebounded"
TR.03,-11.93407842394393,6.156469028225043,9.471490812653911,Relative persistent improvement
TR.04,24.87046632124352,88.08290155440415,31.088082901554404,Relative persistent improvement
TR.05,38.638985005767005,76.41291810841983,60.55363321799308,Relative persistent improvement
TR.06,-26.691140445910417,-29.689408419992134,-33.81245816570865,Relative persistent decline
TR.07,11.559561128526646,12.571839080459771,14.041274817136886,Relative persistent improvement
TR.08,11.226944667201284,6.014434643143544,-4.0096230954290295,Relative persistent decline
TR.09,12.633935710858788,7.19654565808412,-5.597313289620982,Relative persistent decline
TR.10,22.703161468279227,60.47103755569701,80.62805007426267,Relative persistent improvement
TR.11,43.758043758043755,53.08880308880309,61.13256113256113,Relative persistent improvement
TR.12,45.45454545454545,0.0,11.507479861910241,Relative persistent decline
TR.13,42.25352112676056,18.779342723004692,65.72769953051643,"Temporary decline, rebounded"
TR.14,4.554865424430642,23.29192546583851,-22.77432712215321,Improvement then reversal
TR.15,31.013094417643003,54.272915230875256,60.30323914541696,Relative persistent improvement
TR.16,1.547303271441203,2.5788387857353374,0.0,Improvement then reversal
TR.17,4.895960832313341,17.97735618115055,3.059975520195838,Improvement then reversal
TR.18,38.06015960712093,49.10988336402701,89.01166359729895,Relative persistent improvement
TR.19,48.30339321357285,26.946107784431142,35.92814371257485,Relative persistent decline
TR.20,8.810055209679314,-18.20744743333725,-22.906143545166216,Relative persistent decline
TR.21,-23.090799759470837,-24.052916416115455,-19.242333132892362,"Temporary decline, rebounded"
TR.22,-0.7369196757553425,-10.132645541635961,-25.792188651436994,Relative persistent decline
TR.23,-6.934649741419841,-24.97649271274095,-11.753643629525154,Relative persistent decline
TR.24,37.11558854718982,16.790385295157304,44.18522446094027,"Temporary decline, rebounded"
TR.25,-22.37278565883266,-16.05617898228527,-28.58352741901334,Improvement then reversal
TR.26,-3.7713612256923987,4.124926340601061,-38.30288744843842,Improvement then reversal
TR.27,-11.479752743787056,-1.26151129052605,6.9383120978932755,Relative persistent improvement
TR.28,69.77626090254077,57.8308684110732,-7.58437618505878,Relative persistent decline
TR.29,11.634349030470913,-1.3850415512465375,-36.011080332409975,Relative persistent decline
TR.30,111.38014527845039,84.74576271186443,84.74576271186442,Relative persistent decline
TR.31,8.798283261802576,19.84978540772532,20.3862660944206,Relative persistent improvement
TR.32,-19.208715596330276,-1.4334862385321099,-58.772935779816514,Improvement then reversal
TR.33,18.556701030927833,10.91570648878108,13.947847180109157,Relative persistent decline
TR.34,10.40355782316799,8.456093797156248,7.573471212267885,Relative persistent decline
TR.35,-9.237210016899677,-4.5609924719618995,-4.609002919035182,Relative persistent improvement
TR.36,3.9398280802292263,-8.954154727793698,-8.954154727793698,Relative persistent decline
TR.37,45.107311749727174,20.91669698072026,72.75372862859223,"Temporary decline, rebounded"
TR.38,-12.372286079182633,-1.3968710089399745,-24.744572158365262,Improvement then reversal
TR.39,39.90790483499616,36.454336147352265,80.58326937835764,"Temporary decline, rebounded"
TR.40,69.43268416596105,4.233700254022015,8.46740050804403,Relative persistent decline
TR.41,0.5096097845078624,6.188118811881187,10.192195690157252,Relative persistent improvement
TR.42,3.6607687614399027,4.4488509253609925,-7.372381533455359,Improvement then reversal
TR.43,-2.9620853080568725,31.101895734597154,65.16587677725117,Relative persistent improvement
TR.44,-10.75268817204301,2.240143369175627,-48.64311315924219,Improvement then reversal
TR.45,2.1922428330522763,13.069139966273188,-9.27487352445194,Improvement then reversal
TR.46,7.848392036753447,-12.442572741194487,2.871362940275651,Relative persistent decline
TR.47,36.28601921024547,114.72785485592314,85.37886872998934,Relative persistent improvement
TR.48,32.04014668982821,39.085118702953096,19.301293186643502,Improvement then reversal
TR.49,68.66197183098592,33.01056338028169,-4.401408450704226,Relative persistent decline
TR.50,32.34649122807018,56.19517543859649,63.04824561403509,Relative persistent improvement
TR.51,19.060585432266848,37.44043567052417,27.22940776038121,Relative persistent improvement
TR.52,41.682455475558925,23.683213338385755,32.20917014020463,Relative persistent decline
TR.53,44.917257683215134,16.417126346204363,6.566850538481744,Relative persistent decline
TR.54,-5.591439313602622,-9.640412609659695,14.942639544972526,"Temporary decline, rebounded"
TR.55,-8.861560719775749,8.590288452843838,15.82421557102812,Relative persistent improvement
TR.56,69.76744186046511,50.12028869286287,64.15396952686447,Relative persistent decline
TR.57,51.05513955071477,13.614703880190605,30.63308373042886,Relative persistent decline
TR.58,1.4233187047799785,-7.413118254062389,26.094176254299608,"Temporary decline, rebounded"
TR.59,30.53874963987323,9.363295880149812,30.250648228176317,Relative persistent decline
TR.60,-17.429193899782135,3.0259017187121753,50.835148874364556,Relative persistent improvement
TR.61,-11.649677553567715,-9.361348034116913,4.1605991262741835,Relative persistent improvement
TR.62,56.08465608465608,-2.6455026455026456,105.82010582010581,"Temporary decline, rebounded"
TR.63,28.056569343065696,3.421532846715329,27.37226277372263,Relative persistent decline
TR.64,71.71314741035856,48.69411243913236,50.90748118636565,Relative persistent decline
TR.65,-7.769504694075754,4.046617028164455,-7.283910650696019,Relative persistent improvement
TR.66,61.459159397303736,14.869151467089615,67.40681998413957,"Temporary decline, rebounded"
TR.67,1.9826517967781914,-9.293680297397769,0.0,Relative persistent decline
TR.68,36.462093862815884,7.220216606498194,9.025270758122744,Relative persistent decline
TR.69,55.71847507331379,0.0,53.763440860215056,Relative persistent decline
TR.70,61.80871828236825,99.21925829538063,61.808718282368254,Relative persistent improvement
TR.71,9.180628873077806,-11.475786091347258,-49.34588019279321,Relative persistent decline
TR.72,33.36045565500407,48.82017900732302,61.025223759153775,Relative persistent improvement
TR.73,39.02439024390244,128.0487804878049,207.3170731707317,Relative persistent improvement
TR.74,38.257173219978746,9.298618490967055,7.970244420828906,Relative persistent decline
TR.75,24.077046548956663,16.051364365971107,96.30818619582665,"Temporary decline, rebounded"
TR.76,78.78787878787878,124.24242424242425,121.21212121212122,Relative persistent improvement
TR.77,41.46341463414634,56.91056910569106,20.32520325203252,Improvement then reversal
TR.78,28.75586854460094,4.401408450704225,4.401408450704226,Relative persistent decline
TR.79,32.05128205128206,61.431623931623946,21.367521367521366,Improvement then reversal
TR.80,41.04104104104104,100.1001001001001,120.12012012012012,Relative persistent improvement
TR.81,12.78898180029513,2.4594195769798324,15.986227250368913,"Temporary decline, rebounded"
TT.ARI,26.28120893561104,-42.70696452036793,-85.41392904073588,Relative persistent decline
TT.POS,34.412955465587046,101.21457489878543,30.36437246963563,Improvement then reversal
TT.SFO,40.34582132564841,0.0,-172.91066282420746,Relative persistent decline
TT.TUP,17.804154302670625,-24.109792284866472,-21.018793273986155,Relative persistent decline
TZ.01,-8.038585209003216,16.077170418006432,26.12540192926045,Relative persistent improvement
TZ.02,8.678737094119409,14.028131078856802,22.0709262307347,Relative persistent improvement
TZ.03,58.530510585305116,56.039850560398506,84.05977584059777,"Temporary decline, rebounded"
TZ.04,-12.903225806451616,96.7741935483871,64.51612903225806,Relative persistent improvement
TZ.09,10.273972602739725,11.007827788649706,-14.677103718199607,Improvement then reversal
TZ.14,-21.739130434782613,312.50000000000006,298.91304347826093,Relative persistent improvement
TZ.15,38.46153846153847,45.546558704453446,40.48582995951417,Relative persistent improvement
TZ.16,0.6458557588805164,2.1528525296017227,20.45209903121636,Relative persistent improvement
TZ.18,4.198152812762386,50.37783375314862,29.387069689336695,Relative persistent improvement
TZ.25,4.484304932735427,-11.210762331838565,-22.42152466367713,Relative persistent decline
TZ.26,-26.143790849673206,16.339869281045754,32.67973856209151,Relative persistent improvement
UA.05,8.035831906204717,1.3173494928204446,-21.736266631537347,Relative persistent decline
UA.07,-7.105427357601002e-16,13.008876645240282,-6.1218243036424855,Improvement then reversal
UA.09,-42.41435562805873,-46.22077215878194,19.032082653616094,"Temporary decline, rebounded"
UA.12,-1.573122085510422,-6.741951795044665,-12.641159615708746,Relative persistent decline
UA.14,-8.141664970486465,3.053124363932424,-10.177081213108082,Improvement then reversal
UA.18,17.970797454137024,-18.719580681392735,-22.46349681767128,Relative persistent decline
UA.21,5.672149744753261,24.815655133295515,8.508224617129892,Relative persistent improvement
UA.23,7.41962077493817,-0.883288187492639,-5.299729124955835,Relative persistent decline
UA.26,4.913294797687861,5.057803468208093,18.78612716763006,Relative persistent improvement
UA.30,-3.5935413378657275,0.7688883493181174,-16.672736837845495,Improvement then reversal
UA.32,24.80705622932745,-42.723263506063944,-99.22822491730982,Relative persistent decline
UA.35,18.221574344023328,-72.8862973760933,-142.12827988338194,Relative persistent decline
UA.40,-162.32227488151656,103.67298578199052,53.317535545023695,Relative persistent improvement
UA.43,-31.64315669081204,30.499428135722454,102.93556995806328,Relative persistent improvement
UA.46,1.617161716171617,8.58085808580858,-3.1353135313531353,Improvement then reversal
UA.48,16.186340307935254,5.921831819976313,11.843663639952625,Relative persistent decline
UA.51,7.184305056645482,3.626692456479691,-14.506769825918763,Relative persistent decline
UA.53,23.19854847071021,-24.300155520995332,-3.8880248833592534,Relative persistent decline
UA.56,4.127579737335835,42.21388367729831,13.133208255159476,Relative persistent improvement
UA.59,13.87671633070406,14.241893076248903,5.842827928717499,Improvement then reversal
UA.61,10.53709937070101,5.122201082979657,1.4634860237084737,Relative persistent decline
UA.63,6.57076527651107,-0.051819915429897945,-17.100572091866347,Relative persistent decline
UA.65,7.896221094190636,21.150592216582062,-62.04173716864072,Improvement then reversal
UA.68,8.408595453129866,19.464341326689503,46.714419184054805,Relative persistent improvement
UA.71,8.358208955223882,23.134328358208954,31.34328358208955,Relative persistent improvement
UA.74,52.41935483870967,254.53629032258064,-35.28225806451613,Improvement then reversal
UA.77,-2.1218551076083663,6.820248560169748,1.515610791148833,Relative persistent improvement
UG.C,-2.763094666025949,-1.4015697581291047,-7.808745795290727,Improvement then reversal
UG.E,45.51045510455104,116.8511685116851,178.35178351783517,Relative persistent improvement
UG.N,19.455252918287936,55.93385214007782,68.0933852140078,Relative persistent improvement
UG.W,12.023217247097843,45.605306799336645,8.291873963515755,Improvement then reversal
US.AK,2.284781721746226,-12.851897184822521,-7.751937984496124,Relative persistent decline
US.AL,-4.759787923800024,-4.174301482148085,15.884030315186866,Relative persistent improvement
US.AR,-12.017107526381851,-7.9029333829203665,8.716470642926875,Relative persistent improvement
US.AZ,-1.5116148264806792,-7.628381798751335,-16.76837842398335,Relative persistent decline
US.CA,5.288944556813002,4.529903559747369,1.411860513492341,Relative persistent decline
US.CO,8.124248890196943,4.7672479336816025,6.070193510411301,Relative persistent decline
US.CT,-5.370186363670841,-0.3602879269411935,2.806453325647191,Relative persistent improvement
US.DC,-7.202449695465283,-0.8505887032236115,-0.09584098064491395,Relative persistent improvement
US.DE,15.607256209416766,7.789069097050343,-7.861864135340535,Relative persistent decline
US.FL,0.9788955162808264,-1.1252577076218504,1.070175162493508,"Temporary decline, rebounded"
US.GA,-4.262784989612266,-6.169820379701964,-8.839669925827542,Relative persistent decline
US.HI,-0.301568154402895,-20.020774695081087,-24.46052807934593,Relative persistent decline
US.IA,-18.442052519253966,-21.37074324951285,-24.067458476384893,Relative persistent decline
US.ID,10.593125642515531,11.062441335538372,10.503732177177847,Improvement then reversal
US.IL,-6.406618523744319,-5.531923755772725,-11.011782346785235,Improvement then reversal
US.IN,-9.103498376807647,-12.088810188653545,-16.004903630048357,Relative persistent decline
US.KS,-6.1464145914882975,-13.53377196635296,-13.158990588823187,Relative persistent decline
US.KY,-5.53029027005783,-11.229015776767167,-14.878445904216496,Relative persistent decline
US.LA,-14.070728863755145,-9.782506733848813,-16.348846870267877,Improvement then reversal
US.MA,0.44425558216796723,-1.2642846607151639,-1.3169631882449622,Relative persistent decline
US.MD,-1.0108930815233308,-5.5091311043298345,-11.431594660217105,Relative persistent decline
US.ME,-0.3611122256550175,-1.203707418850058,-1.8055611282750872,Relative persistent decline
US.MI,-6.030172632739991,-11.311109014781543,-18.866966119282765,Relative persistent decline
US.MN,-3.1166793948275506,-2.0984265241112645,4.678459135723475,Relative persistent improvement
US.MO,-7.461138463240582,-7.347043204071472,1.7632903689771533,Relative persistent improvement
US.MS,-5.777348079326527,-11.79050628433985,-5.305727827952932,"Temporary decline, rebounded"
US.MT,-8.2904990880451,-5.526999392030067,-6.079699331233074,Relative persistent improvement
US.NC,-1.966185962667907,2.153355236378438,-2.0897540268651507,Improvement then reversal
US.ND,-14.59076961613125,3.6007264074143657,-11.584945832550567,Relative persistent improvement
US.NE,-3.334533260074648,5.96805668706542,2.652469638695743,Relative persistent improvement
US.NH,-2.4450664350287936,-1.7694559727182053,10.295016568542291,Relative persistent improvement
US.NJ,8.85966412766771,5.773120151333729,1.911795779962368,Relative persistent decline
US.NM,2.5375144888944585,9.280724288086212,-3.8375990727107547,Improvement then reversal
US.NV,8.578572802462011,13.464127716868628,-9.617234083477591,Improvement then reversal
US.NY,-3.1931393121065597,-3.6493020709789254,-7.704082149844398,Relative persistent decline
US.OH,-6.233362078662217,-12.497969080024497,-8.092434979315861,Relative persistent decline
US.OK,-10.374212671359762,-15.702464757670391,-7.76301628469098,"Temporary decline, rebounded"
US.OR,7.738014549726628,-0.9884325154760292,-5.139849080475352,Relative persistent decline
US.PA,-5.415615372820163,-3.223580579059621,-5.994117401062214,Improvement then reversal
US.RI,1.8037669365325726,-0.31461051218591385,-2.726624438944586,Relative persistent decline
US.SC,0.8290746982711754,-9.378058062411656,-0.20387082744373167,Relative persistent decline
US.SD,3.1461596334040083,-8.378359893304152,9.917242322686548,"Temporary decline, rebounded"
US.TN,2.8439572372248145,1.5189317062450716,0.0,Relative persistent decline
US.TX,2.285699334287733,-2.9388897818213082,-0.616746345310672,Relative persistent decline
US.UT,2.797400063470422,-0.23507563558574962,7.698727065433304,"Temporary decline, rebounded"
US.VA,0.3496205720330438,0.549083590692921,0.02241157513032331,Improvement then reversal
US.VT,-4.382841176792856,-0.9587465074234376,-0.547855147099107,Relative persistent improvement
US.WA,11.197621441252593,11.283181108425488,18.502278026138477,Relative persistent improvement
US.WI,-5.592801568816237,-3.0441831323936483,-1.2743092182112947,Relative persistent improvement
US.WV,6.051114116893286,3.4704919199829143,-1.601765501530576,Relative persistent decline
US.WY,-8.526453869698296,-15.85045911674683,14.210756449497158,"Temporary decline, rebounded"
UY.MA,101.1378002528445,164.3489254108723,353.9823008849558,Relative persistent improvement
UY.MO,10.618617729761727,13.966997188101226,14.059493858221103,Relative persistent improvement
UY.TA,37.06823925863522,12.636899747262007,0.0,Relative persistent decline
UZ.AN,24.0,65.0,90.0,Relative persistent improvement
UZ.BU,16.06425702811245,10.040160642570282,87.01472556894244,"Temporary decline, rebounded"
UZ.FA,31.847133757961785,138.00424628450105,318.4713375796178,Relative persistent improvement
UZ.JI,34.146341463414636,97.5609756097561,-121.95121951219512,Improvement then reversal
UZ.NG,29.821073558648113,79.52286282306163,9.940357852882704,Improvement then reversal
UZ.NW,30.92783505154639,90.20618556701032,77.31958762886599,Relative persistent improvement
UZ.QA,36.91275167785235,151.00671140939596,50.335570469798654,Relative persistent improvement
UZ.QR,12.578616352201257,39.30817610062893,110.062893081761,Relative persistent improvement
UZ.SA,6.419400855920114,39.229671897289585,17.83166904422254,Relative persistent improvement
UZ.SU,12.903225806451612,161.29032258064515,225.80645161290323,Relative persistent improvement
UZ.TK,-3.1714336054501673,8.956363422799082,25.254008339695776,Relative persistent improvement
UZ.XO,3.1055900621117956,31.05590062111801,46.58385093167701,Relative persistent improvement
VE.A,-46.930158510417385,-32.53270575205925,-43.60766941233474,Relative persistent improvement
VE.D,-70.52631578947368,-52.63157894736842,-68.42105263157895,Relative persistent improvement
VE.E,-51.85185185185185,0.0,259.25925925925924,Relative persistent improvement
VE.F,-16.949152542372882,0.0,127.11864406779661,Relative persistent improvement
VE.G,-25.41757443718228,-33.587509077705164,-76.25272331154686,Relative persistent decline
VE.I,-17.341040462427745,-62.62042389210019,-77.07129094412332,Relative persistent decline
VE.K,-30.72289156626506,-42.168674698795186,-9.036144578313253,"Temporary decline, rebounded"
VE.L,-34.2902711323764,-51.834130781499205,-70.44125465178097,Relative persistent decline
VE.M,-60.45548654244307,-47.61904761904762,-62.11180124223603,Improvement then reversal
VE.R,-67.0391061452514,-54.46927374301676,-92.17877094972067,Improvement then reversal
VE.S,-46.24277456647398,-7.22543352601156,-115.60693641618496,Improvement then reversal
VE.V,-38.56111186810192,-37.47104510151247,-69.49175637007767,Improvement then reversal
VI.C,28.368794326241137,155.1418439716312,-62.05673758865248,Improvement then reversal
VN.05,0.0,216.21621621621622,297.2972972972973,Relative persistent improvement
VN.21,59.23344947735192,174.21602787456447,-104.52961672473867,Improvement then reversal
VN.22,32.57328990228014,-21.71552660152009,-16.286644951140065,Relative persistent decline
VN.26,-12.738853503184712,-41.401273885350314,19.108280254777068,"Temporary decline, rebounded"
VN.31,26.347889729202244,17.07733593559405,3.6594291290558676,Relative persistent decline
VN.32,-16.666666666666668,104.16666666666666,-83.33333333333333,Improvement then reversal
VN.33,69.86899563318778,152.83842794759823,152.8384279475983,Relative persistent improvement
VN.34,-3.4572169403630086,-21.6076058772688,-8.643042350907518,Relative persistent decline
VN.35,22.911051212938002,23.584905660377355,87.6010781671159,Relative persistent improvement
VN.37,75.47169811320755,110.06289308176099,314.4654088050314,Relative persistent improvement
VN.39,23.62204724409449,-70.86614173228347,141.73228346456693,"Temporary decline, rebounded"
VN.40,21.834061135371183,305.6768558951965,-174.67248908296946,Improvement then reversal
VN.41,-24.793388429752063,82.64462809917356,-13.774104683195592,Relative persistent improvement
VN.43,20.512820512820518,-38.46153846153845,205.1282051282051,"Temporary decline, rebounded"
VN.44,20.842379504993488,32.204371110146184,28.22405557967868,Relative persistent improvement
VN.45,-25.806451612903224,56.45161290322581,145.16129032258067,Relative persistent improvement
VN.46,57.971014492753625,24.154589371980677,24.154589371980677,Relative persistent decline
VN.51,80.85106382978722,10.638297872340424,53.191489361702125,Relative persistent decline
VN.57,77.82101167315174,340.46692607003894,330.73929961089493,Relative persistent improvement
VN.61,12.582781456953644,40.28697571743929,83.88520971302428,Relative persistent improvement
VN.66,17.80415430267062,44.510385756676556,118.69436201780414,Relative persistent improvement
VN.69,44.0340909090909,60.36931818181817,85.22727272727272,Relative persistent improvement
VN.70,17.54385964912281,71.2719298245614,153.50877192982458,Relative persistent improvement
VN.CT,44.21891989851396,171.25770206596593,190.28633562885105,Relative persistent improvement
VN.DN,85.95098377632033,122.54055919917155,32.79254401104591,Improvement then reversal
VN.HN,30.72768560381334,35.85237617888341,29.970745279351892,Improvement then reversal
VN.HP,44.52054794520548,17.12328767123288,-59.93150684931507,Relative persistent decline
VN.SG,38.77662479519388,37.74284153858157,57.1506592806429,"Temporary decline, rebounded"
VU.SEE,22.371364653243845,0.0,11.185682326621922,Relative persistent decline
WS.TU,16.16628175519631,-28.86836027713626,34.64203233256352,"Temporary decline, rebounded"
YE.AD,5.136106831022086,100.15408320493069,92.44992295839755,Relative persistent improvement
YE.AM,-27.027027027027025,225.22522522522524,-90.0900900900901,Improvement then reversal
YE.DH,12.738853503184712,69.00212314225053,95.54140127388534,Relative persistent improvement
YE.HD,64.32748538011695,73.09941520467837,73.09941520467837,Relative persistent improvement
YE.HU,20.512820512820518,243.5897435897436,102.56410256410255,Relative persistent improvement
YE.IB,12.135922330097086,36.40776699029126,97.08737864077669,Relative persistent improvement
YE.SA,6.8965517241379315,16.227180527383368,14.198782961460447,Relative persistent improvement
YE.TA,44.052863436123346,154.18502202643174,132.15859030837004,Relative persistent improvement
ZA.EC,-11.183929334663057,-22.61718193474854,-26.71320700954552,Relative persistent decline
ZA.FS,-3.4147903105324935,15.473268594600363,8.003414790310533,Relative persistent improvement
ZA.GP,1.612073400788887,-6.173898130680843,-2.4009603841536613,Relative persistent decline
ZA.KZN,-6.47324910310404,-22.227421619092183,-41.140227733582904,Relative persistent decline
ZA.LP,-22.171253822629968,-16.24617737003058,-28.6697247706422,Improvement then reversal
ZA.MP,115.46840958605665,141.61220043572985,-43.57298474945534,Improvement then reversal
ZA.NC,77.70270270270271,168.9189189189189,152.02702702702703,Relative persistent improvement
ZA.NW,9.491338002211574,0.691116844821231,-7.371913011426464,Relative persistent decline
ZA.WC,0.8647878726218334,-9.410926849119951,-8.223963102384102,Relative persistent decline
ZM.02,-3.4013605442176895,136.0544217687075,17.006802721088437,Relative persistent improvement
ZM.08,30.728709394205442,21.94907813871817,8.77963125548727,Relative persistent decline
ZM.09,4.168245547555893,15.473032714412023,34.73537956296577,Relative persistent improvement
ZW.BU,16.383112791430378,18.90359168241966,91.36735979836169,Relative persistent improvement
ZW.HA,-3.419972640218878,-17.783857729138166,-25.3077975376197,Relative persistent decline
ZW.MA,39.5778364116095,6.596306068601585,-79.155672823219,Relative persistent decline
ZW.MC,10.736196319018402,-3.8343558282208585,23.006134969325153,"Temporary decline, rebounded"
ZW.MI,22.00956937799043,40.66985645933014,62.20095693779904,Relative persistent improvement
ZW.MV,-2.635046113306982,36.23188405797101,-13.175230566534914,Improvement then reversal
ZW.MW,12.178619756427604,-27.063599458728007,-40.59539918809201,Relative persistent decline
