area,pre,shock,post,class
AD.06,-14.778325123152708,221.67487684729062,32.84072249589491,Relative persistent improvement
AE.AJ,43.57418643132929,57.915057915057915,110.31439602868174,Relative persistent improvement
AE.AZ,41.19742823211434,49.0396822146689,80.47012572177402,Relative persistent improvement
AE.DU,40.812751795410755,29.120686635137506,89.47860103929467,"Temporary decline, rebounded"
AE.RK,56.372549019607845,3.063725490196081,132.76143790849673,"Temporary decline, rebounded"
AE.SH,18.33460656990069,32.467532467532465,41.507512095747394,Relative persistent improvement
AF.HER,128.71287128712873,-306.9306930693069,19.801980198019802,Relative persistent decline
AF.KAB,23.138832997987926,10.060362173038227,-0.8383635144198524,Relative persistent decline
AF.KAN,21.390374331550802,-80.21390374331551,53.475935828877006,"Temporary decline, rebounded"
AF.NAN,75.47169811320755,23.58490566037736,204.40251572327043,"Temporary decline, rebounded"
AG.04,31.94888178913738,135.78274760383385,37.27369542066028,Relative persistent improvement
AG.06,93.5251798561151,238.3093525179856,458.63309352517985,Relative persistent improvement
AL.02,0.0,33.574380165289256,-5.1652892561983474,Improvement then reversal
AL.03,4.444444444444445,-16.666666666666664,33.333333333333336,"Temporary decline, rebounded"
AL.05,-43.47826086956522,0.0,14.492753623188406,Relative persistent improvement
AL.06,-31.872509960159363,-19.920318725099598,-6.6401062416998675,Relative persistent improvement
AL.10,-5.2493438320209975,0.0,17.497812773403325,Relative persistent improvement
AL.11,-7.216914006911975,-10.418784305753201,4.57410042691604,"Temporary decline, rebounded"
AL.12,3.7735849056603774,-28.30188679245283,-22.012578616352197,Relative persistent decline
AM.AG,-22.085889570552148,-9.202453987730062,-10.224948875255624,Relative persistent improvement
AM.ER,-10.079870157604748,50.2925725024559,-5.125357707256654,Relative persistent improvement
AO.LUA,-24.826579043446515,27.38225629791895,-24.339783375927954,Relative persistent improvement
AR.A,3.8417210910487896,-23.05032654629274,2.5611473940325262,Relative persistent decline
AR.B,-8.28846270191784,-6.201222094500574,-6.688581012496555,Relative persistent improvement
AR.C,-2.4152326919474403,-6.824203173923515,-20.49491083933239,Relative persistent decline
AR.D,-6.442861987114277,1.6954899966090204,23.171696620323274,Relative persistent improvement
AR.E,1.8581604211830296,2.322700526478786,7.742335088262621,Relative persistent improvement
AR.F,49.25053533190578,10.70663811563169,57.102069950035684,"Temporary decline, rebounded"
AR.G,8.849557522123893,-2.7654867256637186,60.84070796460176,"Temporary decline, rebounded"
AR.H,23.4375,29.296875,32.552083333333336,Relative persistent improvement
AR.J,-5.820721769499418,-13.09662398137369,15.036864571206829,"Temporary decline, rebounded"
AR.K,-7.105427357601002e-16,29.013539651837526,19.34235976789168,Relative persistent improvement
AR.L,16.420361247947454,-33.86699507389163,0.6841817186644773,Relative persistent decline
AR.M,9.691487643353252,-6.460991762235503,-3.4997038712108974,Relative persistent decline
AR.N,23.145961265942372,17.71374586679263,11.021886317115415,Relative persistent decline
AR.P,-29.644268774703555,-39.52569169960474,32.93807641633729,"Temporary decline, rebounded"
AR.Q,-1.3888888888888888,-19.09722222222222,17.939814814814813,"Temporary decline, rebounded"
AR.R,9.931719428926133,1.5518311607697086,23.794744465135526,"Temporary decline, rebounded"
AR.S,7.752766935785703,8.287440517564026,13.990625389866153,Relative persistent improvement
AR.T,-5.629272215520707,-5.361211633829246,0.22338381807621843,Relative persistent improvement
AR.U,9.635974304068524,8.02997858672377,6.542945515108257,Relative persistent decline
AR.V,106.91823899371067,70.75471698113206,52.410901467505234,Relative persistent decline
AR.W,-1.5100037750094373,6.60626651566629,-1.2583364791745317,Relative persistent improvement
AR.X,3.136762860727729,-11.532216399734295,2.7062267818043146,Relative persistent decline
AR.Y,25.84269662921348,-5.617977528089887,13.10861423220974,Relative persistent decline
AR.Z,-5.524861878453036,44.889502762430936,-18.416206261510126,Improvement then reversal
AS.E,-2.842170943040401e-15,10.683760683760696,178.06267806267806,Relative persistent improvement
AT.1,36.86635944700461,46.082949308755765,15.36098310291859,Improvement then reversal
AT.2,9.953872299101723,3.6416605972323373,14.97127134417739,"Temporary decline, rebounded"
AT.3,47.681331747919145,50.535077288941736,64.20927467300832,Relative persistent improvement
AT.4,6.643558636626229,29.426632004621606,12.87791257461968,Relative persistent improvement
AT.5,8.56401384083045,6.4878892733564015,-4.3252595155709335,Relative persistent decline
AT.6,-1.4208992606507238,-0.602075957902849,0.5217991635158025,Relative persistent improvement
AT.7,-2.6483604557967735,0.5227027215388371,4.065465611968731,Relative persistent improvement
AT.8,4.872766648619383,16.24255549539794,61.360765204836675,Relative persistent improvement
AT.9,-4.007192794803826,-7.053279387372306,1.123874188097785,"Temporary decline, rebounded"
AU.ACT,-23.170931758530184,-19.855916447944008,-11.050051035287256,Relative persistent improvement
AU.NSW,4.169893139228743,-5.468870992721078,-4.626761654018894,Relative persistent decline
AU.NT,19.779556092405258,3.0197795560924057,10.56922844632342,Relative persistent decline
AU.QLD,7.795379761864377,-3.086943247735676,-1.7865825389825527,Relative persistent decline
AU.SA,12.730516170883144,-54.327680474469474,-27.74302659623761,Relative persistent decline
AU.TAS,7.725321888412017,-9.15593705293276,-4.387219837863615,Relative persistent decline
AU.VIC,8.780308749859223,4.098172611276336,3.9348018625655743,Relative persistent decline
AU.WA,5.158467584027656,-2.531970345563313,9.250131662457969,"Temporary decline, rebounded"
AZ.ABS,16.80672268907563,-147.05882352941177,98.03921568627452,"Temporary decline, rebounded"
AZ.BA,-18.89323644494131,-5.4499720514253776,-1.2111049003167507,Relative persistent improvement
AZ.GA,13.88888888888889,52.083333333333336,98.37962962962962,Relative persistent improvement
AZ.NX,21.42857142857143,35.714285714285715,309.5238095238095,Relative persistent improvement
AZ.SM,0.0,26.455026455026456,167.54850088183426,Relative persistent improvement
AZ.SMI,35.39823008849557,44.24778761061947,88.49557522123894,Relative persistent improvement
BA.BIH,0.6505529700245207,-4.8791472751839065,-1.6680845385244123,Relative persistent decline
BA.SRP,17.52577319587629,1.4727540500736378,-3.927344133529701,Relative persistent decline
BB.08,-19.620667102681487,55.591890124264225,5.4501853063004155,Relative persistent improvement
BD.A,21.779713752333542,28.00248911014313,-6.222775357809584,Improvement then reversal
BD.B,-3.0596634370219276,-2.913965178116121,-4.128117335664506,Improvement then reversal
BD.C,-5.40997102564925,-8.874063144839678,-9.479922877619897,Relative persistent decline
BD.D,-11.317704122877931,-11.837394618316202,-48.31196827963198,Relative persistent decline
BD.E,3.7375415282392033,-21.283222591362126,-28.89673311184939,Relative persistent decline
BD.F,21.997836278398847,64.91164803461955,30.051688904916457,Relative persistent improvement
BD.G,0.7178750897343861,10.768126346015793,8.973438621679827,Relative persistent improvement
BD.H,-6.862257583291894,-16.65837891596221,-41.43875352229405,Relative persistent decline
BE.BRU,-7.1188733196492775,0.6229014154693118,1.4435493120399927,Relative persistent improvement
BE.VLG,-3.3061285057130143,3.8284611960231487,-3.5217885937577287,Improvement then reversal
BE.WAL,-7.709052817650621,-7.529011244414619,-8.729288399321298,Improvement then reversal
BF.01,-31.91489361702127,-66.48936170212765,-17.73049645390071,"Temporary decline, rebounded"
BF.03,-6.45513228475316,7.0460950995545035,1.060702488104979,Relative persistent improvement
BF.06,53.097345132743364,110.61946902654867,117.99410029498524,Relative persistent improvement
BF.09,5.427408412483041,-2.2614201718679325,23.36800844263531,"Temporary decline, rebounded"
BG.01,-16.28222523744912,-30.529172320217096,57.6662143826323,"Temporary decline, rebounded"
BG.02,8.149010477299186,-8.731082654249127,7.760962359332557,Relative persistent decline
BG.03,-6.544502617801046,-3.6812827225130893,-7.635253054101223,Improvement then reversal
BG.04,10.403120936280883,-22.756827048114435,2.1673168617251837,Relative persistent decline
BG.07,-2.881844380403458,-14.40922190201729,24.01536983669548,"Temporary decline, rebounded"
BG.15,-7.105427357601002e-16,25.03953610964681,-25.478826216833596,Improvement then reversal
BG.16,-1.6541544725792086,-6.0440259575009545,-3.3931373796496587,Relative persistent decline
BG.18,6.362672322375398,10.60445387062566,8.837044892188052,Relative persistent improvement
BG.22,-8.950109340126698,-8.059607277318124,11.497621570439842,Relative persistent improvement
BG.23,-50.63291139240506,126.58227848101265,-126.58227848101264,Improvement then reversal
BG.24,13.024602026049205,-10.85383502170767,9.044862518089724,Relative persistent decline
BG.27,-1.5408320493066257,11.55624036979969,12.840267077555213,Relative persistent improvement
BH.13,10.3991006183249,15.45812254075323,-1.405283867341203,Improvement then reversal
BH.14,-15.1356993736952,43.05845511482255,-14.787752261656228,Relative persistent improvement
BH.15,44.37869822485207,130.67061143984222,50.95332018408942,Relative persistent improvement
BH.17,-6.578947368421052,-131.57894736842107,-120.6140350877193,Relative persistent decline
BI.BM,-5.265467310223782,-50.460728389644586,-21.208132221734676,Relative persistent decline
BJ.AQ,168.31683168316832,383.66336633663366,-16.501650165016503,Improvement then reversal
BJ.BO,22.123893805309734,15.802781289506953,-11.588706278971765,Relative persistent decline
BJ.LI,-2.4050422955714055,-8.915242992204346,-19.903798308177144,Relative persistent decline
BJ.OU,-33.088235294117645,-73.52941176470588,-6.127450980392157,"Temporary decline, rebounded"
BJ.PL,46.97986577181208,151.00671140939596,22.371364653243848,Improvement then reversal
BM.GC,-59.1715976331361,-44.37869822485207,-19.723865877712033,Relative persistent improvement
BM.HC,60.24096385542168,45.18072289156626,-90.36144578313251,Relative persistent decline
BN.BM,15.877287405812703,35.656620021528525,33.638320775026905,Relative persistent improvement
BO.C,-13.452914798206276,15.69506726457399,16.442451420029897,Relative persistent improvement
BO.H,30.56768558951965,-10.91703056768559,46.094129063561375,"Temporary decline, rebounded"
BO.L,-8.193091231178034,-15.500442869796279,-24.726896958960733,Relative persistent decline
BO.S,-4.317789291882555,-43.17789291882556,59.0097869890616,"Temporary decline, rebounded"
BR.AC,21.85294787161393,12.519918051445481,7.58782912208817,Relative persistent decline
BR.AL,13.61858069628089,-3.7141583717129696,18.488255005860115,"Temporary decline, rebounded"
BR.AM,6.010428690841062,17.31481112924412,24.678581379612307,Relative persistent improvement
BR.AP,21.613832853025936,19.21229586935639,16.01024655779699,Relative persistent decline
BR.BA,5.710235104162565,2.3628559051707168,2.6910303364444275,Relative persistent decline
BR.CE,2.8993181968623816,-7.0497120540146945,1.8534454226517507,Relative persistent decline
BR.DF,-5.716187830718196,-6.1121887948944575,-3.2330513500380698,"Temporary decline, rebounded"
BR.ES,6.758624927037571,2.3808792356609625,8.601886270775092,"Temporary decline, rebounded"
BR.GO,8.140127888274293,-8.434349378211918,3.824879369189126,Relative persistent decline
BR.MA,19.975899147200597,7.763255469039674,14.831294030404154,Relative persistent decline
BR.MG,-1.5286193698472954,-6.513333176148823,-2.128540253643406,Relative persistent decline
BR.MS,19.581090050888708,-0.5531381370307544,17.393121419967056,Relative persistent decline
BR.MT,13.32832738877417,0.5631687629059507,3.8170327263625565,Relative persistent decline
BR.PA,11.245595779250417,5.613669970973218,5.598456773219905,Relative persistent decline
BR.PB,-5.927151176815189,-8.011992143078672,-10.797523461640074,Relative persistent decline
BR.PE,4.336703617980265,5.816786453892069,4.304218946684533,Improvement then reversal
BR.PI,7.3135470703291094,-4.996173143974827,6.448961079456869,Relative persistent decline
BR.PR,1.10408211983767,-3.49128670327047,-2.3772578976684966,Relative persistent decline
BR.RJ,-4.76843031741257,-2.673886159296768,-3.3299785965316233,Relative persistent improvement
BR.RN,4.09982174688057,-1.5597147950089125,-2.9337492572786688,Relative persistent decline
BR.RO,27.493337073923406,47.34184317576098,19.170524150184693,Improvement then reversal
BR.RR,23.9656912209889,12.613521695257317,29.01109989909183,"Temporary decline, rebounded"
BR.RS,-8.024552800607776,-12.086470060087022,-9.870617215737735,Relative persistent decline
BR.SC,4.087319066984911,0.35853676026183423,1.1951225342061145,Relative persistent decline
BR.SE,4.204484783769354,-7.508008542445275,-17.463071720946786,Relative persistent decline
BR.SP,-5.170410226205448,-2.44352823190436,-0.73491565715256,Relative persistent improvement
BR.TO,17.652886607223273,17.562820859227237,19.06391665916119,"Temporary decline, rebounded"
BS.NP,2.656042496679947,19.9203187250996,4.426737494466578,Relative persistent improvement
BT.15,9.930486593843096,35.99801390268123,-31.446540880503147,Improvement then reversal
BW.CE,91.87279151943463,41.224970553592456,13.741656851197485,Relative persistent decline
BW.GA,-7.90273556231003,-9.878419452887538,19.756838905775073,"Temporary decline, rebounded"
BW.LO,43.16546762589928,71.94244604316546,47.96163069544364,Relative persistent improvement
BW.NW,-15.15151515151515,189.3939393939394,-138.88888888888889,Improvement then reversal
BY.BR,3.220611916264089,12.07729468599034,8.051529790660226,Relative persistent improvement
BY.HM,-9.05627381175442,-15.536193866716633,-3.278995690462807,"Temporary decline, rebounded"
BY.HO,-16.979675842552098,-11.577051710830977,-9.861932938856018,Relative persistent improvement
BY.HR,9.953161592505854,1.463700234192037,-1.9516003122560497,Relative persistent decline
BY.MA,-4.801097393689986,-17.146776406035663,-19.433013260173755,Relative persistent decline
BY.MI,22.388059701492534,74.62686567164178,-49.75124378109453,Improvement then reversal
BY.VI,-10.005002501250626,-7.503751875937969,-10.838752709688178,Improvement then reversal
BZ.BZ,21.62162162162162,-67.56756756756756,45.04504504504504,"Temporary decline, rebounded"
BZ.CY,-25.97402597402597,-24.35064935064935,16.233766233766232,Relative persistent improvement
CA.AB,-2.712318956519089,-9.104553800675033,-14.742520170967518,Relative persistent decline
CA.BC,-1.4672489082969433,-0.8384279475982532,4.751091703056768,Relative persistent improvement
CA.MB,-12.930083811204236,-15.57675341861491,-12.544111160123512,"Temporary decline, rebounded"
CA.NB,-9.544787077826726,8.769782998857888,3.1272094414532003,Relative persistent improvement
CA.NL,2.226551628165878,-5.566379070414696,-19.598292977085073,Relative persistent decline
CA.NS,-2.5511717591219227,-0.4449718184514981,3.213685355483042,Relative persistent improvement
CA.NT,23.172905525846705,40.10695187165775,41.592394533571,Relative persistent improvement
CA.NU,-6.7340067340067336,42.08754208754209,2.3684757858670005e-15,Relative persistent improvement
CA.ON,-4.010012925912544,-5.6946653604169075,-5.603091292206333,Relative persistent decline
CA.PE,5.508630187293426,3.6724201248622848,23.870730811604844,"Temporary decline, rebounded"
CA.QC,-5.68343616516374,-0.2966302800189844,1.1469704160734062,Relative persistent improvement
CA.SK,-0.06647610184138805,2.326663564448581,-12.353475592191273,Improvement then reversal
CA.YT,72.21006564551422,-54.704595185995615,61.99854121079505,Relative persistent decline
CD.HK,11.433597185576078,16.490765171503956,-0.7329228965112881,Improvement then reversal
CD.KE,17.391304347826086,21.73913043478261,14.492753623188406,Improvement then reversal
CD.KN,9.472259810554803,10.148849797023004,16.288277452012228,Relative persistent improvement
CD.NK,-16.853932584269664,-18.726591760299627,-53.05867665418227,Relative persistent decline
CD.SK,20.59732234809475,18.022657054582908,56.64263645726056,"Temporary decline, rebounded"
CD.TO,2.610966057441253,3.263707571801567,-17.40644038294169,Improvement then reversal
CF.BGF,7.070707070707071,30.303030303030305,28.619528619528623,Relative persistent improvement
CG.BZV,18.675352877307272,20.62975027144408,24.249004705030767,Relative persistent improvement
CH.AG,9.924416694051923,3.9434768320736113,3.0671486471683647,Relative persistent decline
CH.BE,7.480977855453015,14.706195784223876,18.116328139985935,Relative persistent improvement
CH.BL,14.566642388929349,6.372906045156591,16.690944403981547,"Temporary decline, rebounded"
CH.BS,7.508507841619101,16.340457712876102,8.942986957643853,Relative persistent improvement
CH.FR,11.128958237723726,4.302432308398348,17.592167661006574,"Temporary decline, rebounded"
CH.GE,-5.197112715158245,6.163242642976124,26.355728299093098,Relative persistent improvement
CH.GR,13.075060532687653,37.530266343825666,41.96933010492332,Relative persistent improvement
CH.JU,32.6508024349751,17.293857221914777,28.5925106068991,Relative persistent decline
CH.LU,33.7520811260784,49.19025276222188,45.91090257807375,Relative persistent improvement
CH.NE,-8.784510577267838,3.1373252061670858,11.055336440779252,Relative persistent improvement
CH.SG,3.8295243977764057,25.633106856084,12.559192917438745,Relative persistent improvement
CH.SH,1.8867924528301898,56.60377358490566,47.16981132075472,Relative persistent improvement
CH.SO,41.301627033792236,-21.90237797246558,18.77346683354192,Relative persistent decline
CH.SZ,109.45273631840796,12.437810945273629,33.16749585406302,Relative persistent decline
CH.TG,26.353276353276357,46.2962962962963,64.1025641025641,Relative persistent improvement
CH.TI,25.415226842046593,16.1631925091963,27.681789469772976,"Temporary decline, rebounded"
CH.VD,1.1772080294760658,3.401672552706814,2.114897542132326,Relative persistent improvement
CH.VS,57.45554035567716,27.359781121751027,51.67958656330749,Relative persistent decline
CH.ZG,44.50724125750618,-105.96962204168139,38.85552808194984,Relative persistent decline
CH.ZH,7.830593570329581,11.478662239857478,3.225632304909979,Improvement then reversal
CI.AB,-5.453741463174962,-10.072225224782589,-8.352577015673367,Relative persistent decline
CI.LC,-5.434782608695652,13.58695652173913,39.85507246376812,Relative persistent improvement
CI.SM,72.55520504731861,67.03470031545741,35.48895899053628,Relative persistent decline
CI.SV,122.0196353436185,80.64516129032258,81.81393174380553,Relative persistent decline
CI.VB,45.85537918871252,33.06878306878307,73.4861845972957,"Temporary decline, rebounded"
CL.AI,104.31654676258992,89.92805755395683,17.98561151079137,Relative persistent decline
CL.AN,0.852514919011082,-11.508951406649615,-11.366865586814436,Relative persistent decline
CL.AP,4.983388704318937,85.8250276854928,41.52823920265781,Relative persistent improvement
CL.AR,11.791518034086405,3.468093539437178,14.36781609195402,"Temporary decline, rebounded"
CL.AT,95.9264126149803,59.13272010512485,39.42181340341656,Relative persistent decline
CL.BI,1.8929282143377175,0.12134155220113563,16.01708489054992,"Temporary decline, rebounded"
CL.CO,7.042253521126762,11.737089201877934,44.60093896713615,Relative persistent improvement
CL.LI,221.05263157894734,271.9298245614035,333.3333333333333,Relative persistent improvement
CL.LL,18.97642323174238,-1.4376078205865461,22.043319915660337,"Temporary decline, rebounded"
CL.LR,-16.2506118453255,-2.2026431718061676,-33.61070321422745,Improvement then reversal
CL.MA,33.76623376623377,6.493506493506491,43.290043290043286,"Temporary decline, rebounded"
CL.ML,24.57782979434877,-0.8359806052499581,18.948893718999056,Relative persistent decline
CL.NB,51.72413793103449,86.20689655172416,402.29885057471273,Relative persistent improvement
CL.RM,-0.921112203956099,-9.09403150515979,-13.27026056546922,Relative persistent decline
CL.TA,13.182674199623353,-28.248587570621467,75.32956685499057,"Temporary decline, rebounded"
CL.VS,9.784735812133073,-8.408757338551858,-12.944390084801043,Relative persistent decline
CM.AD,4.335260115606936,-19.86994219653179,-42.750481695568396,Relative persistent decline
CM.CE,-10.308204914618909,-14.056643065389421,-9.978481188393724,"Temporary decline, rebounded"
CM.EN,35.245335176226675,103.66275051831376,43.76871688551025,Relative persistent improvement
CM.LT,-4.0241448692152915,14.084507042253524,14.084507042253518,Relative persistent improvement
CM.NW,74.1389375364857,109.4570928196147,64.2148277875073,Improvement then reversal
CM.OU,2.566923359002567,-19.710304363769712,-24.752475247524757,Relative persistent decline
CM.SW,1.893939393939394,-14.88095238095238,11.724386724386724,"Temporary decline, rebounded"
CN.AH,1.9273745742697936,16.760839652194278,32.57832297267844,Relative persistent improvement
CN.BJ,-8.414481704964583,-8.402585945256357,-10.802635843145728,Improvement then reversal
CN.CQ,-0.05854987917434036,6.6267817792776,15.77298260181469,Relative persistent improvement
CN.FJ,11.445797897110365,15.578662287689026,36.47786410463796,Relative persistent improvement
CN.GD,22.328413752273015,40.04552466440269,28.645972188769235,Relative persistent improvement
CN.GS,-11.482219445476343,1.801132462035505,15.53476748505623,Relative persistent improvement
CN.GX,13.824125100089493,40.83062502943808,53.83244626568069,Relative persistent improvement
CN.GZ,45.939431544280836,87.7025511299907,120.79485160171508,Relative persistent improvement
CN.HA,13.42670030901823,21.177671306665154,33.1320462298831,Relative persistent improvement
CN.HB,1.0899987521042325,-4.673242313344081,-10.326974158370707,Relative persistent decline
CN.HE,-6.458669722381375,12.370435960206262,15.321978575273016,Relative persistent improvement
CN.HI,26.006711409395972,79.59811441355066,127.2371364653244,Relative persistent improvement
CN.HL,-16.67707744628533,-19.408667717659654,-16.343271496607407,"Temporary decline, rebounded"
CN.HN,11.228412511778785,11.184632960581727,8.255572511445227,Relative persistent decline
CN.JL,-10.751459846657303,-27.113837800788886,-10.303482353046581,"Temporary decline, rebounded"
CN.JS,7.176866899367182,3.441907563927358,10.290662867632479,"Temporary decline, rebounded"
CN.JX,26.067475251349173,29.46662105042434,40.20851037217704,Relative persistent improvement
CN.LN,-11.554583854126895,-21.561858218222884,-9.86660986500227,"Temporary decline, rebounded"
CN.NM,9.706467079873699,21.854169103028884,52.3817877051417,Relative persistent improvement
CN.NX,24.39218178928969,68.13125695216908,114.14799512686055,Relative persistent improvement
CN.QH,35.31949312483149,65.38150444863845,87.17533926485127,Relative persistent improvement
CN.SC,11.64164992317693,17.260568096757673,17.613494596120763,Relative persistent improvement
CN.SD,18.681727730960734,16.127858584218906,12.575764784686674,Relative persistent decline
CN.SH,1.453581468170658,-0.14233355869480124,-4.388618059756372,Relative persistent decline
CN.SN,9.732220350232296,-1.8188083933221013,-8.950451830295604,Relative persistent decline
CN.SX,15.389333407677938,9.374390141905268,45.001719219009914,"Temporary decline, rebounded"
CN.TJ,-3.2767615193771036,-19.58255098484888,-17.779465281064656,Relative persistent decline
CN.XJ,-4.005493247882811,9.098191805905243,80.75837338826581,Relative persistent improvement
CN.XZ,25.89250686543743,70.61592781482935,44.461880476003664,Relative persistent improvement
CN.YN,-1.1393166660266014,25.026562720022532,58.587332676199374,Relative persistent improvement
CN.ZJ,8.835564715536254,26.580301134365463,49.06223788869713,Relative persistent improvement
CO.AMA,42.5531914893617,10.638297872340425,92.19858156028369,"Temporary decline, rebounded"
CO.ANT,-4.230407657465174,-2.3502264763695413,-6.48092755604934,Improvement then reversal
CO.ATL,24.91103202846975,8.035816783377339,-11.09708031990204,Relative persistent decline
CO.BOL,-10.912265386294195,-2.5461952568019792,-7.032348804500703,Relative persistent improvement
CO.BOY,15.410245730945439,15.618492294877136,-25.452357813873846,Improvement then reversal
CO.CAL,-7.234108049869169,-17.700477143296908,-0.7695859627520395,"Temporary decline, rebounded"
CO.CAQ,3.8647342995169085,19.32367149758454,-19.32367149758454,Improvement then reversal
CO.CAU,-4.468980021030495,-0.6572029442691907,-8.762705923589204,Improvement then reversal
CO.CES,9.09090909090909,150.0,178.78787878787878,Relative persistent improvement
CO.CHO,20.710059171597635,59.1715976331361,69.03353057199212,Relative persistent improvement
CO.COR,15.665796344647521,35.90078328981723,55.12039454598201,Relative persistent improvement
CO.CUN,20.377807526401906,6.693440428380188,5.2060092220734795,Relative persistent decline
CO.DC,-0.3689372034559979,-4.8047635798920645,-6.79244851324027,Relative persistent decline
CO.HUI,2.27169468423444,-6.815084052703318,-13.630168105406634,Relative persistent decline
CO.LAG,29.60969044414536,-3.3647375504710633,4.486316733961417,Relative persistent decline
CO.MAG,6.676204101096803,-5.960896518836433,-6.358289620092195,Relative persistent decline
CO.MET,3.5014005602240887,22.75910364145658,-17.507002801120446,Improvement then reversal
CO.NAR,5.724508050089446,8.050089445438282,12.522361359570661,Relative persistent improvement
CO.NSA,10.611876270038383,1.1289230074508918,-11.665537743659215,Relative persistent decline
CO.QUI,-10.688328345446772,-14.96365968362548,9.263217899387202,"Temporary decline, rebounded"
CO.RIS,-10.696582311505349,-24.132533263762067,0.0,"Temporary decline, rebounded"
CO.SAN,0.0906371793709777,-4.758451916976344,4.985044865403789,"Temporary decline, rebounded"
CO.SUC,14.139827179890023,12.76512175962294,5.891594658287505,Relative persistent decline
CO.TOL,10.706638115631694,4.461099214846539,-6.542945515108257,Relative persistent decline
CO.VAC,4.485852311939269,-6.161885043872621,2.1361201485425085,Relative persistent decline
CR.A,23.913043478260867,-16.30434782608696,12.681159420289854,Relative persistent decline
CR.C,-3.334444814938313,6.668889629876626,-25.008336112037345,Improvement then reversal
CR.G,80.0,60.0,53.333333333333336,Relative persistent decline
CR.H,2.3369946249123634,-14.606216405702266,-17.13796058269066,Relative persistent decline
CR.L,-19.230769230769234,-32.05128205128206,-117.52136752136754,Relative persistent decline
CR.SJ,-9.923447689254322,-15.999027907165136,-6.143086664776486,"Temporary decline, rebounded"
CU.01,16.613076098606644,18.086816720257236,-12.951053947838515,Improvement then reversal
CU.03,-19.033840450301785,-22.435969889459052,-35.0385423966363,Relative persistent decline
CU.04,22.792022792022795,-2.0350020350020355,-37.30837064170397,Relative persistent decline
CU.05,-27.861771058315334,7.559395248380131,-26.277897768178548,Relative persistent improvement
CU.06,0.8384572386808273,1.397428731134712,-25.619526737469723,Improvement then reversal
CU.07,-8.586147681740126,25.75844304522038,19.080328181644727,Relative persistent improvement
CU.08,-8.891523414344991,-37.04801422643746,-33.5901995653033,Relative persistent decline
CU.09,1.2496875781054733,-18.120469882529367,-19.161876197617264,Relative persistent decline
CU.10,-1.5965939329430547,17.29643427354976,-43.4628348412276,Improvement then reversal
CU.11,-27.810511430591568,-11.784115012962527,-16.49776101814754,Relative persistent improvement
CU.12,-11.92368839427663,-11.92368839427663,-14.5733969263381,Improvement then reversal
CU.13,-48.28511209043878,-0.4790189691511779,-22.034872580954204,Relative persistent improvement
CU.14,28.85482416591524,-9.017132551848512,-4.508566275924256,Relative persistent decline
CU.16,-39.5882818685669,-39.58828186856691,-51.46476642913698,Relative persistent decline
CV.PR,16.166281755196305,34.64203233256351,50.03849114703619,Relative persistent improvement
CV.SV,-39.603960396039604,123.76237623762376,-66.00660066006601,Improvement then reversal
CY.01,21.438263229308006,21.573948439620082,15.287200361827226,Improvement then reversal
CY.02,14.540922309929371,20.772746157041965,24.927295388450357,Relative persistent improvement
CY.03,35.19061583577712,-21.994134897360702,73.31378299120233,"Temporary decline, rebounded"
CY.04,-31.170483460559797,-67.58905852417303,-51.95080576759967,Relative persistent decline
CY.05,113.74407582938389,118.48341232227487,173.77567140600317,Relative persistent improvement
CY.06,82.61405672009866,80.14796547472257,73.98273736128237,Relative persistent decline
CZ.10,-10.364653067653776,-3.0912814050563124,-3.8985587146570055,Relative persistent improvement
CZ.20,22.983870967741932,9.072580645161288,56.4516129032258,"Temporary decline, rebounded"
CZ.31,10.524031680590213,-7.3234241076272095,-4.158981591985824,Relative persistent decline
CZ.32,5.4932981762250055,20.874533069655016,16.113674650260016,Relative persistent improvement
CZ.41,7.352941176470585,-18.382352941176478,12.254901960784315,"Temporary decline, rebounded"
CZ.42,44.95456719273075,-22.71640363462458,29.491471385302088,Relative persistent decline
CZ.51,5.112781954887217,17.293233082706767,20.050125313283207,Relative persistent improvement
CZ.52,33.349101229895936,20.104068117313147,58.34121728161463,"Temporary decline, rebounded"
CZ.53,-17.95918367346939,-38.775510204081634,-10.544217687074829,"Temporary decline, rebounded"
CZ.63,17.462165308498253,17.462165308498253,67.90842064415988,Relative persistent improvement
CZ.64,-0.08529875890305796,-2.61227449140615,-0.7108229908588163,Relative persistent decline
CZ.71,1.0517799352750814,6.472491909385113,0.13484358144552303,Improvement then reversal
CZ.72,18.74125874125874,-1.3986013986013983,2.331002331002331,Relative persistent decline
CZ.80,4.01491253226269,-12.546601663320907,7.766943886817704,"Temporary decline, rebounded"
DE.BB,5.529086524322099,10.440562319863538,1.1273846636472362,Improvement then reversal
DE.BE,-0.9668990080105748,8.077890446670624,-3.6615690282256996,Improvement then reversal
DE.BW,-5.333605109389863,-3.474409813586332,-8.848163658599859,Improvement then reversal
DE.BY,-3.825753709697068,1.2840309352683787,3.2320265849276715,Relative persistent improvement
DE.HB,-11.915060951631931,-7.766417616987809,-0.7864726700747148,Relative persistent improvement
DE.HE,-1.3965115142374347,-1.0124708478221405,0.17456393927967936,Relative persistent improvement
DE.HH,12.161506701841972,3.6969560742467085,7.275609554117523,Relative persistent decline
DE.MV,3.4193529532103932,-7.9638776046994195,2.0944754556701835,Relative persistent decline
DE.NI,-4.990499736739692,-7.1156590283023915,-3.917109885106589,"Temporary decline, rebounded"
DE.NW,1.0542850296850457,-0.7454540613934666,2.1431804265062167,"Temporary decline, rebounded"
DE.RP,4.7332832456799405,10.74380165289256,10.618582519408966,Relative persistent improvement
DE.SH,1.7805526650479824,7.2262689328246035,7.939260800863298,Relative persistent improvement
DE.SL,-6.972159446073952,-10.097610232245035,-6.090622044846213,"Temporary decline, rebounded"
DE.SN,1.0151020369075778,5.051569098761767,0.41497882011945003,Improvement then reversal
DE.ST,-0.6718624025799513,5.576457941413597,-4.299919376511691,Improvement then reversal
DE.TH,-3.920441180314158,5.815321084132668,5.96778268558933,Relative persistent improvement
DJ.DJ,43.20987654320989,30.8641975308642,-46.2962962962963,Relative persistent decline
DK.81,7.426823940585409,13.78877238968982,-8.009319935925442,Improvement then reversal
DK.82,-4.204470015490154,-3.017562212074272,5.364555043687595,Relative persistent improvement
DK.83,8.475906451106576,9.613875372782923,8.829069219902683,Relative persistent improvement
DK.84,4.488608678961123,8.213120321289885,5.2662404457109675,Relative persistent improvement
DK.85,33.35960073548726,29.55082742316785,31.301987566762985,Relative persistent decline
DM.04,-93.02325581395348,-77.51937984496124,-116.27906976744185,Improvement then reversal
DO.01,25.098601649336683,39.440659734671925,1.7927572606669055,Improvement then reversal
DO.02,38.46153846153847,-38.46153846153847,205.1282051282051,"Temporary decline, rebounded"
DO.13,-38.123167155425215,-139.29618768328447,-122.18963831867057,Relative persistent decline
DO.25,47.02194357366771,86.20689655172414,7.8369905956112875,Improvement then reversal
DZ.01,9.140767824497257,68.55575868372942,48.750761730652044,Relative persistent improvement
DZ.02,25.094102885821833,10.97867001254705,13.592639063153493,Relative persistent decline
DZ.03,6.9333333333333345,10.666666666666666,13.333333333333334,Relative persistent improvement
DZ.04,24.596464258262877,24.980784012298237,-8.967460927491674,Improvement then reversal
DZ.05,-6.497589603856634,-17.81597149444561,-0.34933277440089433,"Temporary decline, rebounded"
DZ.06,-6.62251655629139,-7.791195948578108,-13.309959745487598,Relative persistent decline
DZ.07,-13.322884012539182,-14.367816091954023,-19.59247648902821,Relative persistent decline
DZ.08,15.286624203821656,-22.29299363057325,-11.67728237791932,Relative persistent decline
DZ.09,-0.5011275369581562,-6.264094211976948,1.6704251231938525,"Temporary decline, rebounded"
DZ.10,50.670640834575266,48.435171385991055,-7.45156482861401,Relative persistent decline
DZ.11,114.28571428571426,71.42857142857142,158.7301587301587,"Temporary decline, rebounded"
DZ.12,32.20338983050847,10.593220338983052,14.124293785310735,Relative persistent decline
DZ.13,-3.899220155968807,-18.37132573485303,-18.74625074985003,Relative persistent decline
DZ.14,30.792917628945343,48.1139337952271,41.05722350526046,Relative persistent improvement
DZ.15,0.8393956351426975,-0.6994963626189152,0.0,Relative persistent decline
DZ.16,1.3130428927344964,3.4509460642380994,0.8416941620092923,Improvement then reversal
DZ.17,60.5060506050605,35.75357535753575,106.34396773010634,"Temporary decline, rebounded"
DZ.18,8.318478906714201,13.368983957219248,10.893246187363834,Relative persistent improvement
DZ.19,5.117102932493604,-16.236961228104704,-10.496621399986878,Relative persistent decline
DZ.20,30.105777054515862,30.512611879576887,14.917276918904259,Improvement then reversal
DZ.21,24.630541871921185,10.55594651653765,44.56955195871452,"Temporary decline, rebounded"
DZ.22,-19.784524975514202,-30.852105778648383,-35.91250408096637,Relative persistent decline
DZ.23,-24.769992922859164,-24.416135881104033,-22.175041283321537,Relative persistent improvement
DZ.24,9.216589861751151,-3.840245775729647,-12.800819252432154,Relative persistent decline
DZ.25,-8.740871874308477,-17.979641513609206,-7.191856605443682,"Temporary decline, rebounded"
DZ.26,21.712907117008445,75.39203860072377,54.28226779252111,Relative persistent improvement
DZ.27,-8.537490720118782,14.847809948032666,7.423904974016334,Relative persistent improvement
DZ.28,37.18535469107551,71.51029748283753,14.302059496567503,Improvement then reversal
DZ.29,27.167630057803468,15.895953757225431,1.9267822736030826,Relative persistent decline
DZ.30,17.358171041490262,6.350550381033023,-9.87863392605137,Relative persistent decline
DZ.31,-3.6414080110976244,-7.369516212935668,-18.78504132709092,Relative persistent decline
DZ.34,91.93245778611633,150.093808630394,137.58599124452783,Relative persistent improvement
DZ.35,1.0917030567685586,-1.8195050946142648,-8.49102377486657,Relative persistent decline
DZ.38,141.1042944785276,168.7116564417178,163.59918200408998,Relative persistent improvement
DZ.39,90.27777777777777,-52.08333333333333,0.0,Relative persistent decline
DZ.40,61.87624750499002,159.68063872255487,136.39387890884896,Relative persistent improvement
DZ.41,80.95238095238093,63.492063492063494,97.88359788359787,"Temporary decline, rebounded"
DZ.42,-4.651162790697674,0.0,15.503875968992247,Relative persistent improvement
DZ.43,54.64480874316939,327.8688524590164,264.1165755919854,Relative persistent improvement
DZ.44,62.3608017817372,83.51893095768374,81.66295471417966,Relative persistent improvement
DZ.46,78.87323943661973,77.46478873239437,131.45539906103286,"Temporary decline, rebounded"
DZ.47,49.32735426008968,145.73991031390133,209.2675635276532,Relative persistent improvement
DZ.48,50.45871559633028,286.697247706422,321.10091743119267,Relative persistent improvement
EC.A,19.746121297602258,40.84391161259991,0.0,Improvement then reversal
EC.B,-7.194244604316549,152.87769784172662,173.86091127098322,Relative persistent improvement
EC.C,9.787928221859707,-12.234910277324635,65.25285481239804,"Temporary decline, rebounded"
EC.E,29.98236331569665,74.95590828924162,64.66784244562022,Relative persistent improvement
EC.F,68.18181818181817,22.727272727272727,18.939393939393938,Relative persistent decline
EC.G,17.233843271932564,17.015298157976897,119.36725986054739,"Temporary decline, rebounded"
EC.H,20.411495754408882,15.92096668843893,31.297626823426953,"Temporary decline, rebounded"
EC.I,67.621776504298,5.730659025787967,3.820439350525311,Relative persistent decline
EC.L,19.711679905854663,72.81553398058253,57.36981465136805,Relative persistent improvement
EC.M,31.158357771261002,42.460899315738025,76.16487455197132,Relative persistent improvement
EC.N,143.93939393939394,113.63636363636364,31.56565656565657,Relative persistent decline
EC.O,29.009304871373836,-1.368363437328954,80.277321656632,"Temporary decline, rebounded"
EC.P,18.291924177692977,0.9332614376373964,27.79045169853582,"Temporary decline, rebounded"
EC.R,18.206338503034388,25.28658125421443,88.7839964036862,Relative persistent improvement
EC.T,36.570247933884296,72.31404958677686,43.388429752066116,Relative persistent improvement
EC.W,2.336448598130841,5.841121495327101,-3.894080996884734,Improvement then reversal
EC.X,25.34562211981567,28.801843317972352,96.00614439324119,Relative persistent improvement
EC.Y,22.085889570552148,-12.269938650306749,67.48466257668711,"Temporary decline, rebounded"
EE.37,4.965243296921549,6.493010465205103,11.458253762126652,Relative persistent improvement
EE.50,15.228426395939085,0.0,25.380710659898472,"Temporary decline, rebounded"
EE.79,-4.3978936404143285,7.088710144088884,3.2791312231159466,Relative persistent improvement
EG.ALX,-7.090951711204875,0.14650726676043124,-14.699562431629943,Improvement then reversal
EG.ASN,42.287694974003465,-6.065857885615251,-6.932409012131715,Relative persistent decline
EG.AST,-8.073224661901579,-16.58353473543477,-20.48302223136388,Relative persistent decline
EG.BH,15.631784628745114,28.224055579678677,5.065856129685918,Improvement then reversal
EG.BNS,8.583087097228084,13.718868720979316,9.380423057079874,Relative persistent improvement
EG.C,2.481003466489164,3.2849523249682306,0.25933834144486073,Improvement then reversal
EG.DK,-5.445856333123401,-3.7046641721927904,-17.782388026525393,Improvement then reversal
EG.DT,25.661914460285136,13.238289205702646,42.76985743380856,"Temporary decline, rebounded"
EG.FYM,19.656966660242823,-0.4817883985353628,-12.847690627609687,Relative persistent decline
EG.GH,2.6645352591003756e-16,-2.2443090734209687,-0.7481030244736567,Relative persistent decline
EG.GZ,-1.6576218932787126,-7.549042380218341,-17.913578422056577,Relative persistent decline
EG.IS,-15.934627170582226,-3.8304392236976517,-6.979911474293497,Relative persistent improvement
EG.KB,19.485903814262024,22.28441127694859,-19.578035747189976,Improvement then reversal
EG.KFS,23.61421824509073,33.557046979865774,4.971414367387521,Improvement then reversal
EG.KN,22.598870056497173,47.31638418079096,-1.4124293785310738,Improvement then reversal
EG.MN,15.494516550960862,-5.03068719187041,-14.421303283361842,Relative persistent decline
EG.MNF,7.4330708661417315,-14.645669291338582,-8.818897637795276,Relative persistent decline
EG.PTS,27.057497181510712,-6.576475009394964,21.92158336464988,Relative persistent decline
EG.SHG,18.601561202458065,2.491280518186348,-0.27680894646515003,Relative persistent decline
EG.SHR,6.144583281784816,-18.866757392057405,-6.32328480899556,Relative persistent decline
EG.SIN,24.80314960629921,56.102362204724415,28.871391076115486,Relative persistent improvement
EG.SUZ,35.97650513950074,84.43465491923642,141.94811551639745,Relative persistent improvement
ER.MA,8.620689655172415,-32.327586206896555,-44.89942528735633,Relative persistent decline
ES.AN,-7.077766034084755,-6.218022537373865,-9.09698011810299,Improvement then reversal
ES.AR,-8.395786654304771,-2.704164413196322,-10.21573222763055,Improvement then reversal
ES.AS,-8.249603384452671,-15.159527586814736,-14.336917562724013,Relative persistent decline
ES.CB,-6.050919054686608,-5.280283137344445,-11.511968641777981,Improvement then reversal
ES.CL,-7.219455215042425,-7.016661529226627,-5.27263583121076,Relative persistent improvement
ES.CM,-4.456744420084102,-13.657765158322249,-19.40840311972109,Relative persistent decline
ES.CN,-12.179094015596249,-11.317503431759105,-8.129131497220518,Relative persistent improvement
ES.CT,-5.699347721339652,-3.5598449489755555,-5.261858358923464,Relative persistent improvement
ES.EX,-0.6598724246645649,9.53149057848816,-8.065107412566903,Improvement then reversal
ES.GA,-10.02047866935547,-5.666807359814911,-9.19716320926282,Relative persistent improvement
ES.IB,3.7509871018689127,-7.2387470386943935,13.709748179345445,"Temporary decline, rebounded"
ES.MC,-6.421993277402782,-9.632989916104172,-13.071716812869491,Relative persistent decline
ES.MD,-6.23833500369079,-4.928554710708092,-2.8156025389433346,Relative persistent improvement
ES.NC,-6.783180481052085,-8.046374805329641,-2.537924669781392,"Temporary decline, rebounded"
ES.PV,4.103365736896096,2.605311578981649,1.6554583991445895,Relative persistent decline
ES.RI,25.870372918673457,34.74611256364387,45.869455529562856,Relative persistent improvement
ES.VC,-5.082429657095823,-1.0788176158929812,-0.9722677279035509,Relative persistent improvement
ET.AA,2.5631485385919217,14.26268138410021,2.480466327669602,Improvement then reversal
ET.AF,2.842170943040401e-15,-100.73260073260073,-12.21001221001221,Relative persistent decline
ET.AM,6.881184874500295,14.417720689429188,9.174913166000392,Relative persistent improvement
ET.BE,-10.204081632653063,-59.523809523809526,79.36507936507938,"Temporary decline, rebounded"
ET.DD,-9.101251422070535,-3.555176336746303,-36.0257868790292,Improvement then reversal
ET.OR,7.514394456914218,10.002927686152045,-23.258839985686866,Improvement then reversal
ET.SO,-20.2020202020202,-55.55555555555556,121.2121212121212,"Temporary decline, rebounded"
ET.TI,11.105042781722194,3.1858729291825965,-17.294738758419808,Relative persistent decline
FI.02,-3.054767619463234,-19.637791839406503,3.2729653065677504,"Temporary decline, rebounded"
FI.03,10.968921389396709,27.422303473491773,-13.71115173674589,Improvement then reversal
FI.04,43.956043956043956,-10.989010989010989,-29.304029304029303,Relative persistent decline
FI.05,47.16981132075472,-23.58490566037736,23.58490566037737,Relative persistent decline
FI.06,-282.43021346469624,28.73563218390805,27.367268746579096,Relative persistent improvement
FI.07,14.925373134328359,74.62686567164178,-37.31343283582089,Improvement then reversal
FI.08,-15.050468637346793,-12.842465753424658,-0.6008171112713291,Relative persistent improvement
FI.09,-50.31446540880502,31.446540880503143,62.89308176100628,Relative persistent improvement
FI.10,11.20238984316654,24.271844660194173,-4.978839930296241,Improvement then reversal
FI.11,7.944036044581456,10.967512449608726,2.56896688008853,Improvement then reversal
FI.12,2.249718785151856,33.745781777277834,25.309336332958377,Relative persistent improvement
FI.13,-37.75883069427528,-30.45066991473812,36.54080389768575,Relative persistent improvement
FI.14,-7.41421568627451,7.506127450980394,1.838235294117647,Relative persistent improvement
FI.15,-10.538922155688622,0.0,-9.181636726546907,Relative persistent improvement
FI.16,-2.123142250530787,53.07855626326963,21.231422505307854,Relative persistent improvement
FI.17,7.936507936507934,71.42857142857142,-55.55555555555555,Improvement then reversal
FI.18,2.235572188300177,11.57179436675202,8.58446589193093,Relative persistent improvement
FI.19,3.4425405175414845,-5.802034580126097,16.116762722572492,"Temporary decline, rebounded"
FJ.C,0.9395552771688067,-7.04666457876605,9.395552771688065,"Temporary decline, rebounded"
FJ.W,35.71428571428571,29.76190476190476,-59.52380952380952,Relative persistent decline
FM.PNI,-8.438818565400844,-21.09704641350211,14.064697609001406,"Temporary decline, rebounded"
FR.20R,10.893246187363834,10.893246187363836,-10.893246187363836,Improvement then reversal
FR.ARA,-6.783769168372667,-14.629765537486964,-5.946862889000477,"Temporary decline, rebounded"
FR.BFC,-8.767288942634721,-20.595571007482427,-19.23093072666045,Relative persistent decline
FR.BRE,-2.020695836388821,-20.206958363888212,-10.728156658247102,Relative persistent decline
FR.CVL,-1.6959500712299032,-9.666915406010448,-7.51871198245257,Relative persistent decline
FR.GES,-2.375296912114014,8.212462728053772,-27.408567914961,Improvement then reversal
FR.HDF,-5.383034353546511,-1.7826931950056624,-3.262445062755461,Relative persistent improvement
FR.IDF,-10.761637248442394,-4.2371779311301445,-7.356964239615,Relative persistent improvement
FR.NAQ,4.029575807194393,-6.620017397533644,1.0233843319858775,Relative persistent decline
FR.NOR,7.414045950790287,-3.394709684427788,2.082088606449043,Relative persistent decline
FR.OCC,9.059456879967788,-7.4563431110846,-3.7778805096161974,Relative persistent decline
FR.PAC,5.542470667041207,-0.8103027290995917,1.0804036387994556,Relative persistent decline
FR.PDL,6.992405172228319,-0.3765141246584478,9.143914455990878,"Temporary decline, rebounded"
GA.1,17.88908765652952,32.79666070363745,12.919896640826872,Improvement then reversal
GA.2,23.062730627306273,16.14391143911439,0.0,Relative persistent decline
GA.3,-62.211981566820285,-11.52073732718894,0.0,Relative persistent improvement
GB.ENG,-3.6680207423147464,-6.7857840000130505,-8.973401865401872,Relative persistent decline
GB.NIR,-1.1861478559088214,-5.286093705680617,-4.383589902271731,Relative persistent decline
GB.SCT,-6.364701106356769,-6.521018912121395,-6.4860223884427475,Relative persistent decline
GB.WLS,-9.16194354261817,-4.2989599955978655,-12.587354867110548,Improvement then reversal
GD.03,-38.15355628827131,-11.775788977861517,-9.420631182289211,Relative persistent improvement
GE.AB,-9.404388714733546,-7.836990595611287,36.57262277951933,Relative persistent improvement
GE.AJ,7.092198581560284,8.865248226950355,-5.91016548463357,Improvement then reversal
GE.IM,6.382978723404255,31.914893617021278,-10.638297872340425,Improvement then reversal
GE.SK,18.348623853211013,-68.80733944954129,91.74311926605503,"Temporary decline, rebounded"
GE.TB,2.9887738737425282,7.654176993730864,12.270982164552658,Relative persistent improvement
GH.AA,-4.148431801604668,8.091721371261853,-8.88949671772429,Improvement then reversal
GH.AH,-4.684418145956608,-9.040105193951348,-17.121411352180584,Relative persistent decline
GH.BE,18.912529550827422,-41.37115839243499,-11.820330969267141,Relative persistent decline
GH.BO,58.11965811965812,119.65811965811966,19.943019943019944,Improvement then reversal
GH.CP,-3.150787696924231,-8.627156789197299,-14.753688422105526,Relative persistent decline
GH.EP,9.64630225080386,124.59807073954983,117.89924973204715,Relative persistent improvement
GH.NP,-1.7953321364452421,2.9922202274087377,11.968880909634947,Relative persistent improvement
GH.TV,51.32962275819418,74.21150278293135,31.95217480931767,Improvement then reversal
GH.UE,39.40886699507389,307.8817733990148,147.7832512315271,Relative persistent improvement
GH.WP,0.0,23.80952380952381,49.382716049382715,Relative persistent improvement
GL.SM,50.87209302325582,3.633720930232558,58.139534883720934,"Temporary decline, rebounded"
GM.B,10.39411000433088,27.067994802944995,-2.1654395842356,Improvement then reversal
GN.C,6.500541711809317,18.95991332611051,41.53123871433731,Relative persistent improvement
GQ.BN,-22.727272727272727,-28.409090909090907,123.10606060606058,"Temporary decline, rebounded"
GR.A,-22.53619803829986,-32.986921999065856,14.7905962945664,"Temporary decline, rebounded"
GR.B,-8.748437778968041,5.188805570433851,-11.865440695113968,Improvement then reversal
GR.C,39.682539682539684,97.22222222222221,52.910052910052904,Relative persistent improvement
GR.D,-13.954402515723269,-22.847877358490567,-10.973532494758908,"Temporary decline, rebounded"
GR.E,2.349751468594667,7.4559421599638505,-10.2425064015665,Improvement then reversal
GR.F,-2.0661157024793386,61.98347107438017,18.939393939393938,Relative persistent improvement
GR.G,-20.160353241924238,-14.960492679525913,-13.169106824695946,Relative persistent improvement
GR.H,-134.2062193126023,-98.19967266775777,-2.3684757858670005e-15,Relative persistent improvement
GR.I,-2.2118053325913083,-5.44032763258346,-2.1880224795526915,"Temporary decline, rebounded"
GR.J,23.194168323392976,57.98542080848244,43.074884029158376,Relative persistent improvement
GR.K,-4.591368227731865,-13.774104683195594,2.9605947323337506e-16,"Temporary decline, rebounded"
GR.M,-18.81720430107527,-1.3715163484748738,-6.949016165606028,Relative persistent improvement
GT.GU,-13.155949741315595,12.564671101256467,0.4927322000492727,Relative persistent improvement
GW.BS,1.65016501650165,49.5049504950495,-27.502750275027505,Improvement then reversal
GY.DE,48.220436280137775,-22.962112514351322,36.356678147722924,Relative persistent decline
HK.HEA,36.42384105960265,-66.22516556291392,-16.55629139072848,Relative persistent decline
HK.HSO,-13.533579398413305,-6.628908404395232,-16.475047021056948,Improvement then reversal
HK.NST,3.1337047353760448,-3.9171309192200554,-29.451021355617456,Relative persistent decline
HK.NTM,10.649627263045794,-2.6624068157614476,26.624068157614488,"Temporary decline, rebounded"
HK.NTP,22.174969623329282,31.8955042527339,27.845281490481977,Relative persistent improvement
HK.NTW,28.871391076115486,-65.61679790026247,126.85914260717409,"Temporary decline, rebounded"
HN.CR,22.16748768472906,73.89162561576354,20.525451559934318,Improvement then reversal
HN.FM,-8.00474355173436,33.353098132226506,16.80007905919557,Relative persistent improvement
HR.01,-57.08245243128964,-36.99788583509514,-31.71247357293869,Relative persistent improvement
HR.02,-57.6923076923077,48.07692307692309,21.367521367521366,Relative persistent improvement
HR.04,-6.960556844547563,2.9002320185614856,-25.1353441608662,Improvement then reversal
HR.05,-85.52631578947368,-27.412280701754383,47.51461988304093,Relative persistent improvement
HR.06,65.28189910979228,55.637982195845694,34.619188921859546,Relative persistent decline
HR.08,-8.113344635504966,6.054734802615646,2.4218939210462582,Relative persistent improvement
HR.10,-27.777777777777782,-7.71604938271605,-25.7201646090535,Relative persistent improvement
HR.11,28.846153846153847,-36.05769230769231,-88.14102564102564,Relative persistent decline
HR.12,-20.74688796680498,44.95159059474412,-18.44167819271554,Relative persistent improvement
HR.13,9.975920192638458,-29.239766081871345,-10.319917440660475,Relative persistent decline
HR.14,5.758894292295879,-7.358587151266957,1.7063390495691493,Relative persistent decline
HR.15,-20.95808383233533,0.0,14.970059880239518,Relative persistent improvement
HR.16,0.0,26.595744680851062,-70.92198581560284,Improvement then reversal
HR.17,-1.7836533417269957,3.1476235442241105,3.6722274682614624,Relative persistent improvement
HR.18,43.126684636118604,20.21563342318059,19.46690625935909,Relative persistent decline
HR.19,23.54920100925147,25.231286795626573,2.8034763106251757,Improvement then reversal
HR.20,-21.818181818181817,27.27272727272727,-12.12121212121212,Relative persistent improvement
HR.21,-4.367232908384445,-5.137921068687582,-5.432281129914475,Relative persistent decline
HT.OU,27.054108216432866,20.04008016032064,-13.360053440213761,Relative persistent decline
HU.BA,1.044022968505308,3.6975813467896286,-11.745258395684706,Improvement then reversal
HU.BE,-26.97495183044316,-14.450867052023122,-22.4791265253693,Relative persistent improvement
HU.BK,31.5934065934066,-68.68131868131869,27.472527472527474,Relative persistent decline
HU.BU,-5.086229329800572,-2.720541269428213,0.8279908211303256,Relative persistent improvement
HU.BZ,28.32244008714597,15.561780267662616,-1.5561780267662637,Relative persistent decline
HU.CS,-3.012720374916313,0.27895559027002914,-4.463289444320464,Improvement then reversal
HU.FE,7.7574047954866,56.41748942172073,-5.876821814762575,Improvement then reversal
HU.GS,4.4233807266982605,37.91469194312796,106.89836756187468,Relative persistent improvement
HU.HB,0.798594473726242,-0.9316935526806156,-5.0577650002661985,Relative persistent decline
HU.HE,8.519701810436635,13.312034078807242,-21.299254526091584,Improvement then reversal
HU.PE,13.535383257319404,38.2521700750331,-29.915158648423326,Improvement then reversal
HU.SO,21.46558105107328,-192.45003700962252,-27.14038983469035,Relative persistent decline
HU.SZ,-4.958677685950411,-4.132231404958677,41.32231404958677,Relative persistent improvement
HU.VA,-8.849557522123893,36.87315634218289,19.665683382497537,Relative persistent improvement
HU.VE,-21.18270079435128,-38.98205354516034,-9.806805923310778,"Temporary decline, rebounded"
ID.AC,8.087997411840828,10.514396635393076,-3.9091987490563986,Improvement then reversal
ID.BA,-2.294893861158921,-0.528429507503699,-9.461404515304325,Improvement then reversal
ID.BB,21.24773960216998,33.90596745027125,22.60397830018083,Relative persistent improvement
ID.BE,19.320937752627323,57.49797898140663,-40.21827000808407,Improvement then reversal
ID.BT,14.998585039147253,40.91595132534667,35.53123919127127,Relative persistent improvement
ID.GO,18.867924528301884,44.45890262415962,49.51926552447048,Relative persistent improvement
ID.JA,26.298044504383007,50.57316250842886,11.425788566719113,Improvement then reversal
ID.JB,-6.41120408424746,-20.734159250170016,-7.95035300224384,Relative persistent decline
ID.JI,1.359932565327339,-1.4048890137679124,3.568418094970497,"Temporary decline, rebounded"
ID.JK,9.262508466830425,43.1502321747717,33.67690303064924,Relative persistent improvement
ID.JT,-3.6458115073544817,-8.590705275950215,7.01225048540977,"Temporary decline, rebounded"
ID.KB,5.754341912534003,26.94078259050011,27.89983957592244,Relative persistent improvement
ID.KI,13.533344203489321,-4.891570194032283,8.01674004021958,Relative persistent decline
ID.KR,41.775456919060055,43.51610095735421,98.63649550333623,Relative persistent improvement
ID.KS,17.966360856269112,43.48241590214067,19.75025484199796,Relative persistent improvement
ID.KT,2.889414236931968,-7.551878119254008,-35.898782943700205,Relative persistent decline
ID.KU,51.34899912967798,-4.351610095735422,4.351610095735423,Relative persistent decline
ID.LA,15.487770327698552,50.76022287279251,20.776277268863915,Relative persistent improvement
ID.MA,14.043177530915951,57.63990777614755,25.501292531265282,Relative persistent improvement
ID.MU,37.936913895993186,75.66069906223359,48.309178743961354,Relative persistent improvement
ID.NB,22.50527467375166,15.628662967883098,27.610637909926805,"Temporary decline, rebounded"
ID.NT,24.387028737147375,114.02583706828366,42.402671588013,Relative persistent improvement
ID.PA,24.655244463017134,52.23568742164647,90.54185819752054,Relative persistent improvement
ID.PB,17.791732077446362,47.09576138147567,18.315018315018317,Relative persistent improvement
ID.PD,55.61172901921132,50.556117290192105,82.57499157398045,"Temporary decline, rebounded"
ID.PS,24.459078080903105,87.01787394167451,0.0,Improvement then reversal
ID.RI,9.520884520884522,44.20410670410671,17.476892476892477,Relative persistent improvement
ID.SA,-28.877327904697278,0.9424715373595713,-0.5026514865917718,Relative persistent improvement
ID.SB,12.91626888302353,-13.197057337002303,-0.5147788322944157,Relative persistent decline
ID.SG,24.733057310960994,58.019176291130975,-10.714026294762839,Improvement then reversal
ID.SN,15.540626727326842,21.25940728772482,18.495684340320594,Relative persistent improvement
ID.SR,40.17857142857143,104.91071428571428,86.30952380952381,Relative persistent improvement
ID.SS,14.44759206798867,3.186968838526912,6.767390620081837,Relative persistent decline
ID.ST,5.705538547175062,0.0,27.13609796827164,"Temporary decline, rebounded"
ID.SU,18.18181818181818,8.697244346791175,7.354511886233941,Relative persistent decline
ID.YO,-5.75310679727774,-28.556221369024122,-17.7816052084953,Relative persistent decline
IE.C,6.012978508066917,-7.739477287610882,-7.0449088130817,Relative persistent decline
IE.L,-5.708034057936546,14.793321600152215,8.609618037387625,Relative persistent improvement
IE.M,8.341363526860997,7.5283064321850155,19.52340801413314,"Temporary decline, rebounded"
IE.U,63.71911573472041,32.50975292587776,-60.68487212830514,Relative persistent decline
IL.D,-8.507754856196355,-9.223008583044722,-6.8388294935501674,"Temporary decline, rebounded"
IL.HA,-4.99626975335157,-2.825944430628716,-4.408473311780797,Relative persistent improvement
IL.JM,-6.217254628012574,-0.46571195715450003,-10.633756355027748,Improvement then reversal
IL.M,0.18554842813974445,8.946084928166252,1.1928113237555003,Relative persistent improvement
IL.TA,5.019706997843386,2.354924270593193,-0.681688604645398,Relative persistent decline
IL.Z,38.029002663509914,32.18407812962415,23.922264969912206,Relative persistent decline
IN.AN,32.773109243697476,-58.8235294117647,-79.83193277310924,Relative persistent decline
IN.AP,6.125109918432942,2.956426817065405,-2.501591922132266,Relative persistent decline
IN.AR,-0.9624639076034647,22.457491177414184,18.714575981178484,Relative persistent improvement
IN.AS,-5.312827682628451,-11.88395665851101,-6.835216901627248,Relative persistent decline
IN.BR,53.077240809582825,38.03524714305384,44.28840240488321,Relative persistent decline
IN.CG,18.20568428261614,9.131377696609976,12.365407297492675,Relative persistent decline
IN.CH,-11.35061682342597,-31.573898910234206,-23.624914515111954,Relative persistent decline
IN.DL,-14.544825910628514,-8.293307417721046,-15.846836239495147,Improvement then reversal
IN.GA,-1.2056115738711093,-27.67426567295046,7.672073651907058,"Temporary decline, rebounded"
IN.GJ,1.3696149231430965,6.3670115228759645,1.6601393007795107,Relative persistent improvement
IN.HP,-10.823975104857258,-2.593244035538718,-9.470978216750101,Relative persistent improvement
IN.HR,-6.305089107636879,0.32168821977739176,10.615711252653929,Relative persistent improvement
IN.JH,-0.18089725036179444,-7.914254703328511,-12.512059816690787,Relative persistent decline
IN.JK,13.091442597974213,11.426797957283526,-5.830958628408054,Relative persistent decline
IN.KA,-6.094650814098367,-8.447194475534815,-5.462519094179179,"Temporary decline, rebounded"
IN.KL,7.735417159996844,4.820540577111736,6.671703332844701,Relative persistent decline
IN.LA,35.71428571428571,-113.63636363636363,-27.056277056277054,Relative persistent decline
IN.MH,-4.12702141822311,-2.6723834136027254,-8.118302726548938,Improvement then reversal
IN.ML,-0.36724201248622845,-14.995715509854328,-3.6724201248622834,Relative persistent decline
IN.MN,8.252902503846691,18.88375996642887,31.93919895556488,Relative persistent improvement
IN.MP,-4.2923850574712645,-7.722701149425287,-5.986590038314176,Relative persistent decline
IN.MZ,19.469026548672566,76.6961651917404,45.23107177974435,Relative persistent improvement
IN.NL,38.08982376350199,-17.055144968732233,21.792685237824525,Relative persistent decline
IN.OD,13.24894675639095,4.241569285319405,-0.47658081857521384,Relative persistent decline
IN.PB,5.8847251056711425,12.39675593326662,0.3982893472535463,Improvement then reversal
IN.PY,-14.69440832249675,-27.19982661465106,-28.60858257477243,Relative persistent decline
IN.RJ,9.803921568627452,15.66017421943819,5.41037269039618,Improvement then reversal
IN.SK,34.959349593495936,5.081300813008131,-10.840108401084011,Relative persistent decline
IN.TN,5.240288432956705,-3.431737644909506,-0.3673879717178061,Relative persistent decline
IN.TR,15.345854328905176,-28.63032524049473,-13.360818445564208,Relative persistent decline
IN.TS,-4.584104185843047,0.9341365388646367,-0.6987037526467201,Relative persistent improvement
IN.UK,1.9139359777899294,12.566777436587724,-9.569679888949649,Improvement then reversal
IN.UP,-4.963413175605885,-3.18028116947365,-3.696737085883901,Relative persistent improvement
IN.WB,-15.363513504427516,-15.733313610661003,-23.25258243740853,Relative persistent decline
IQ.AN,11.57556270096463,66.72025723472669,66.45230439442658,Relative persistent improvement
IQ.AR,22.407628128724674,14.302741358760429,22.248708780294,Relative persistent decline
IQ.BA,18.086696562032884,41.85351270553065,15.944195316392625,Improvement then reversal
IQ.BB,18.39748244977003,28.44347615589446,22.189945937222628,Relative persistent improvement
IQ.BG,12.44678128562455,26.929251099271802,19.93036006483183,Relative persistent improvement
IQ.DA,21.94133078941092,21.464345337467208,32.594005882820575,"Temporary decline, rebounded"
IQ.DI,24.33817250213493,16.01195559350982,63.336179903216625,"Temporary decline, rebounded"
IQ.DQ,52.25653206650831,66.80522565320665,126.68250197941408,Relative persistent improvement
IQ.KA,42.280285035629454,117.5771971496437,136.18368962787014,Relative persistent improvement
IQ.KI,40.32997250229148,64.16131989000917,151.23739688359305,Relative persistent improvement
IQ.MA,42.96875,34.1796875,201.82291666666666,"Temporary decline, rebounded"
IQ.MU,75.23939808481532,109.43912448700411,-4.559963520291839,Improvement then reversal
IQ.NA,20.855807263574253,34.1603739661992,43.449598465779694,Relative persistent improvement
IQ.NI,4.779997548719205,34.62434121828656,29.415369530579728,Relative persistent improvement
IQ.QA,31.138153185397282,0.8947745168217607,42.35266046289669,"Temporary decline, rebounded"
IQ.SD,17.86237188872621,46.120058565153734,55.14885309907272,Relative persistent improvement
IQ.SU,31.305585200996084,66.25755958733546,62.255425115617214,Relative persistent improvement
IQ.WA,38.297872340425535,143.61702127659575,106.38297872340426,Relative persistent improvement
IR.00,3.85686736661667,-16.070280694236125,-13.213341904149706,Relative persistent decline
IR.01,-0.12515644555694613,-14.080100125156445,-10.846891948268668,Relative persistent decline
IR.02,-0.6181955558608372,-12.449771611086309,-6.2391958878547475,Relative persistent decline
IR.03,-12.296593843505349,-19.62331434192729,-21.279938790288423,Relative persistent decline
IR.04,1.9994668088509737,-10.330578512396693,-6.887052341597795,Relative persistent decline
IR.05,7.18439958946288,-7.52651385562778,-8.096704299235945,Relative persistent decline
IR.06,-4.427736006683375,-3.2372598162071844,-16.638819270398216,Improvement then reversal
IR.07,-7.283111593208332,-4.81482301374715,-18.152436189759367,Improvement then reversal
IR.08,-3.296848213108268,-2.1978988087388456,-8.938121822204637,Improvement then reversal
IR.09,-3.321928707829408,-10.592377466581794,-13.095427540844474,Relative persistent decline
IR.10,-18.616938131115766,-20.242598555663243,-19.825762549369013,Relative persistent decline
IR.11,-4.389436569043679,-23.92602720011513,-18.469213979036244,Relative persistent decline
IR.12,14.699986636375787,14.36589603100361,-14.922713706623904,Relative persistent decline
IR.13,4.640923424763491,-6.247396917950854,-13.684774201225679,Relative persistent decline
IR.14,13.689866939611054,-8.955987717502559,-3.41180484476288,Relative persistent decline
IR.15,36.86374592372041,7.798100099248548,9.688548608157285,Relative persistent decline
IR.16,-1.975308641975309,3.703703703703704,8.641975308641975,Relative persistent improvement
IR.17,4.453820909517112,14.650726676043131,-8.985779027973118,Improvement then reversal
IR.18,14.596670934699102,17.92573623559539,11.950490823730261,Improvement then reversal
IR.19,9.906490139801871,-7.406721599851867,-14.967749899700648,Relative persistent decline
IR.20,9.369248787016897,-18.68272823601584,-12.455152157343894,Relative persistent decline
IR.21,1.6079238487265246,-5.466941085670183,-15.650458794271502,Relative persistent decline
IR.22,21.841240018788163,28.769375293565055,8.219821512447156,Improvement then reversal
IR.23,-13.88429045935641,-16.31404128974378,-19.838515021734253,Relative persistent decline
IR.24,19.419924337957124,16.078184110970998,-11.979823455233293,Relative persistent decline
IR.25,30.52126200274348,16.718106995884774,17.146776406035666,Relative persistent decline
IR.26,9.396418306433784,-13.541896971036923,-22.66195003316383,Relative persistent decline
IR.27,12.144096336360853,14.797428309011124,-12.586318331802564,Improvement then reversal
IR.28,66.85348278622898,39.03122497998399,11.342407259140645,Relative persistent decline
IR.29,24.30449403852033,6.87863038826047,-6.6238662998063775,Relative persistent decline
IR.30,-12.796027501909853,4.774637127578304,-7.639419404125285,Relative persistent improvement
IS.1,7.806339694054566,8.67371077117174,17.873100983020553,Relative persistent improvement
IS.3,0.0,22.32142857142857,52.08333333333332,Relative persistent improvement
IS.5,-37.735849056603776,188.6792452830189,0.0,Relative persistent improvement
IS.6,18.84057971014493,54.34782608695652,48.309178743961354,Relative persistent improvement
IT.21,-5.848652657010609,0.5083184824600222,-3.269185534252692,Relative persistent improvement
IT.23,11.475409836065571,-8.196721311475414,8.196721311475407,Relative persistent decline
IT.25,-10.433143602070853,-6.435086583052058,-1.619150817671163,Relative persistent improvement
IT.32,4.621926418931411,5.084119060824552,12.71029765206138,Relative persistent improvement
IT.34,-2.9439643155840534,0.3624198494563703,-4.200353127032804,Improvement then reversal
IT.36,-13.236709808535673,-9.158733554390844,-9.270153670624309,Relative persistent improvement
IT.42,-5.762013004176138,-6.277422424274462,-2.026396010642984,"Temporary decline, rebounded"
IT.45,-0.3755387701105279,-1.6856569794733924,4.879159020754208,"Temporary decline, rebounded"
IT.52,-5.328504914640455,-2.2633212622866012,-10.030465022705064,Improvement then reversal
IT.55,-16.526771284083207,-14.467441739221105,-8.428479571798482,Relative persistent improvement
IT.57,-10.193548387096774,1.5053763440860215,-4.802867383512544,Relative persistent improvement
IT.62,-0.7668286553705723,10.070400413902696,0.2232734036721545,Relative persistent improvement
IT.65,-0.6090398921129335,-5.437856179579763,-2.537666217137223,Relative persistent decline
IT.67,11.892963330029733,14.246778989098118,8.259002312520648,Improvement then reversal
IT.72,-8.390228763965244,-7.370544422769995,-3.6206183129396465,Relative persistent improvement
IT.75,4.07368400135127,12.81720088230034,12.982797792924375,Relative persistent improvement
IT.77,4.471771939631078,8.850381963853177,10.558350413017823,Relative persistent improvement
IT.78,-11.36124552913949,2.8929097412160742,-8.065081702784205,Relative persistent improvement
IT.82,-8.164747871954011,-6.3170196301385,0.07896274537673136,Relative persistent improvement
IT.88,-3.9435765205521007,0.4739875625663583,-1.9591485919409477,Relative persistent improvement
JM.01,-19.995790359924225,-29.467480530414647,-9.120886830842629,"Temporary decline, rebounded"
JM.02,9.433962264150955,0.0,-31.446540880503147,Relative persistent decline
JO.AJ,68.75,0.0,20.833333333333332,Relative persistent decline
JO.AM,5.362593845392294,0.30938041415724776,-0.1375024062921102,Relative persistent decline
JO.AT,23.10654685494223,-16.046213093709884,34.23192126658108,"Temporary decline, rebounded"
JO.AZ,6.051039200210471,33.5438042620363,39.46329913180742,Relative persistent improvement
JO.BA,13.570822731128075,23.32485156912638,27.330129111299595,Relative persistent improvement
JO.IR,3.6144578313253013,-24.956970740103273,-23.80952380952381,Relative persistent decline
JO.JA,17.031630170316298,121.654501216545,77.0478507704785,Relative persistent improvement
JO.KA,9.671179883945843,20.95422308188266,18.267784225231036,Relative persistent improvement
JO.MA,2.5597269624573378,21.331058020477816,12.798634812286688,Relative persistent improvement
JO.MD,58.82352941176471,42.016806722689076,56.022408963585434,Relative persistent decline
JO.MN,32.850241545893724,21.73913043478261,20.933977455716587,Relative persistent decline
JP.01,-9.515735128500387,-0.72759942804358,-8.056318304714422,Relative persistent improvement
JP.02,-0.19659884006684364,-4.669222451587536,-0.9829942003342182,Relative persistent decline
JP.03,-11.366617119874093,-10.055084375273236,-11.512342980385299,Improvement then reversal
JP.04,-15.415026328466302,-13.704091294164549,-11.710768924104249,Relative persistent improvement
JP.05,-7.0289550986151905,-12.85144775493076,-13.638271086865295,Relative persistent decline
JP.06,-4.636233951497861,-12.259272467902996,8.32144555397052,"Temporary decline, rebounded"
JP.07,17.697045295080688,22.413658688703514,17.281255684623577,Improvement then reversal
JP.08,-9.487583071003847,-5.301241692899616,-15.338987991139097,Improvement then reversal
JP.09,14.405113077679449,22.73844641101278,8.112094395280236,Improvement then reversal
JP.10,-2.2063519712013004,-7.2577367473727,-2.806324875650777,Relative persistent decline
JP.11,10.494054186588206,1.9615054554370484,10.134444853091415,Relative persistent decline
JP.12,11.495786784611278,2.0970755328478283,8.70604084848947,Relative persistent decline
JP.13,-0.9872484542202804,-0.7937676013831401,-3.684955843921036,Improvement then reversal
JP.14,3.927441229656419,9.182866184448462,3.69669228450874,Improvement then reversal
JP.15,-6.584723441615452,-11.174076143347433,-7.249847021576609,Relative persistent decline
JP.16,-1.9838555205910517,0.0,10.48935102841246,Relative persistent improvement
JP.17,-8.344079496321019,-9.766365774103011,-3.3502743432198034,"Temporary decline, rebounded"
JP.18,0.5421817393190199,10.301453047061374,3.0723631894744456,Relative persistent improvement
JP.19,4.629093854877907,-15.044555028353198,9.258187709755815,"Temporary decline, rebounded"
JP.20,8.413945989520354,6.171906489318824,-7.557436517533252,Relative persistent decline
JP.21,-1.4174344436569808,-7.340285511795079,-6.496574533427829,Relative persistent decline
JP.22,3.083595947273898,5.675849683168988,14.457885760112049,Relative persistent improvement
JP.23,0.967224893605262,0.02302916413345868,0.24564441742355855,Relative persistent decline
JP.24,6.218112244897959,-3.7866709183673475,-0.1328656462585034,Relative persistent decline
JP.25,9.081196581196581,5.876068376068376,8.903133903133902,Relative persistent decline
JP.26,-9.22272270409113,-8.445631537802925,-6.561069128541116,Relative persistent improvement
JP.27,0.8365655182903643,2.179165423518606,1.228522789097738,Relative persistent improvement
JP.28,4.555173375476434,-0.1936723373927055,1.8592544389699732,Relative persistent decline
JP.29,0.3250975292587782,2.6007802340702213,2.3840485478977027,Relative persistent improvement
JP.30,6.494273231786515,9.151021372062818,5.116700122013618,Improvement then reversal
JP.31,-7.087697027398709,-4.760393525864805,-7.7576783384463495,Improvement then reversal
JP.32,10.887248154173445,-5.944187210611938,-2.0856797230217325,Relative persistent decline
JP.33,-2.9507731593133775,-3.262874166548446,1.3240648791790797,"Temporary decline, rebounded"
JP.34,-1.2551072182017253,-1.7357865783640882,-1.379727793058634,Relative persistent decline
JP.35,-12.959772267585587,-4.3074387594576375,6.617224760905934,Relative persistent improvement
JP.36,-7.959641255605381,-11.210762331838566,-7.473841554559043,"Temporary decline, rebounded"
JP.37,6.181068961338019,23.63349896982184,0.20199571769078473,Improvement then reversal
JP.38,-6.796269954164691,3.16105579263474,-1.0536852642115797,Relative persistent improvement
JP.39,-5.213385063045587,15.155189136760427,-12.932428063368896,Improvement then reversal
JP.40,-7.9706048615036735,-11.362351611079706,-8.121349161484831,Relative persistent decline
JP.41,-12.221242282978455,-7.874511780269622,-14.279114694888916,Improvement then reversal
JP.42,-11.647058823529411,-1.9117647058823533,-10.000000000000002,Relative persistent improvement
JP.43,-4.303489568715501,-0.3508279539713724,-6.9385973118782545,Improvement then reversal
JP.44,-6.636868481647028,21.332791548151157,16.705043117070748,Relative persistent improvement
JP.45,0.8227550540667611,3.232251998119417,-16.846889202319385,Improvement then reversal
JP.46,-1.9695090816252097,-8.935735648114377,8.510224426775599,"Temporary decline, rebounded"
JP.47,16.99286906387498,11.568805947504172,5.563141657816214,Relative persistent decline
KE.02,31.645569620253163,174.05063291139237,0.0,Improvement then reversal
KE.03,56.81818181818183,75.75757575757575,44.1919191919192,Improvement then reversal
KE.06,72.42990654205609,5.841121495327105,3.894080996884734,Relative persistent decline
KE.11,23.237800154918666,38.729666924864446,11.618900077459335,Improvement then reversal
KE.12,27.713625866050812,-17.32101616628176,26.943802925327176,Relative persistent decline
KE.13,-38.834951456310684,42.4757281553398,101.13268608414239,Relative persistent improvement
KE.14,35.128805620608894,-29.274004683840747,58.548009367681495,"Temporary decline, rebounded"
KE.15,106.38297872340426,212.7659574468085,4.736951571734001e-15,Improvement then reversal
KE.16,32.45749613601237,50.23183925811437,-18.03194229778465,Improvement then reversal
KE.17,-9.418282548476455,-11.0803324099723,7.3868882733148675,"Temporary decline, rebounded"
KE.18,37.333333333333336,60.0,4.4444444444444455,Improvement then reversal
KE.20,-17.191977077363894,-28.65329512893983,-14.326647564469916,"Temporary decline, rebounded"
KE.22,174.35897435897436,-12.820512820512828,102.56410256410255,Relative persistent decline
KE.26,68.18181818181819,94.6969696969697,107.32323232323233,Relative persistent improvement
KE.27,54.85232067510549,84.38818565400844,-28.129395218002813,Improvement then reversal
KE.28,2.038735983690114,22.93577981651376,28.88209310227659,Relative persistent improvement
KE.30,-2.9578506285432584,-7.002487283483093,-8.664410932096414,Relative persistent decline
KE.31,-11.670556852284097,-9.16972324108036,-17.783705679671,Improvement then reversal
KE.33,56.66666666666667,33.333333333333336,-5.5555555555555545,Relative persistent decline
KE.36,26.490066225165567,39.73509933774835,-8.830022075055188,Improvement then reversal
KE.38,55.846422338568935,82.89703315881326,20.36067481093659,Improvement then reversal
KE.41,15.765765765765769,73.1981981981982,108.85885885885885,Relative persistent improvement
KE.44,-1.0442773600668338,-5.221386800334169,-3.132832080200501,Relative persistent decline
KG.GB,9.379663184822,-4.2634832658281825,15.632771974703331,"Temporary decline, rebounded"
KG.O,19.490254872563717,29.985007496251875,57.47126436781608,Relative persistent improvement
KH.12,12.497888870123289,-5.066711704104036,42.222597534200304,"Temporary decline, rebounded"
KH.17,-2.6041666666666665,52.083333333333336,1.1842378929335002e-15,Relative persistent improvement
KI.G,-19.801980198019802,74.25742574257426,0.0,Relative persistent improvement
KN.03,27.4869109947644,-29.450261780104707,135.25305410122164,"Temporary decline, rebounded"
KN.08,-9.708737864077671,-97.08737864077669,-97.0873786407767,Relative persistent decline
KP.01,31.986531986531986,54.71380471380472,502.24466891133557,Relative persistent improvement
KR.11,-7.29251560513714,-9.593962886173104,-4.918094109754445,"Temporary decline, rebounded"
KR.26,-12.082574377656346,-7.24802671523983,-6.046346893341429,Relative persistent improvement
KR.27,2.708549199251059,-1.7723727981676394,-5.938206298134312,Relative persistent decline
KR.28,14.448829997180718,11.012827741753593,8.45785170566676,Relative persistent decline
KR.29,-11.947191406053914,-14.243762863310076,-17.987718153372487,Relative persistent decline
KR.30,4.747678269529169,3.2423168669955302,-6.626163438502769,Relative persistent decline
KR.31,11.55356141334829,-9.394279304542906,-20.330902972518228,Relative persistent decline
KR.41,20.147469867327708,25.10529044987163,19.835498164004367,Improvement then reversal
KR.42,0.6872327428222365,0.8590409285277951,2.6725717776420286,Relative persistent improvement
KR.43,4.6283691805063985,34.826209274888825,26.545058535257283,Relative persistent improvement
KR.44,19.316568647333195,23.06834313526668,10.815926451700129,Improvement then reversal
KR.45,-5.49917512373144,1.937209418587212,-2.957889649885851,Relative persistent improvement
KR.46,14.606940509915017,15.492209631728045,19.180830972615677,Relative persistent improvement
KR.47,-11.593903739636016,-6.450614098462173,-7.282026582263964,Relative persistent improvement
KR.48,8.029128932872748,4.04568512121495,-5.3942468282866,Relative persistent decline
KR.49,12.284069097888676,0.9596928982725537,-3.198976327575176,Relative persistent decline
KR.50,66.05922551252847,30.372057706909647,111.36421159200204,"Temporary decline, rebounded"
KW.FA,23.80952380952381,19.841269841269842,52.91005291005291,"Temporary decline, rebounded"
KW.HA,-39.56343792633015,-3.4106412005457027,-47.74897680763984,Improvement then reversal
KW.JA,16.877637130801688,84.38818565400844,56.258790436005626,Relative persistent improvement
KW.KU,8.55403849317322,-5.757525908866588,-12.611723419422054,Relative persistent decline
KZ.10,-12.010848508330106,21.309569934134053,10.331912695337722,Relative persistent improvement
KZ.11,13.850415512465371,13.850415512465375,-27.70083102493075,Improvement then reversal
KZ.15,5.012531328320803,-2.0885547201336667,11.138958507379558,"Temporary decline, rebounded"
KZ.23,31.141868512110726,60.55363321799308,57.67012687427913,Relative persistent improvement
KZ.27,-2.0618556701030926,67.01030927835052,-75.60137457044674,Improvement then reversal
KZ.31,10.989010989010989,32.967032967032964,-58.608058608058606,Improvement then reversal
KZ.33,11.49425287356322,-71.83908045977012,14.367816091954024,"Temporary decline, rebounded"
KZ.35,0.8865248226950353,8.865248226950355,-5.910165484633569,Improvement then reversal
KZ.39,23.622047244094492,9.84251968503937,26.246719160104988,"Temporary decline, rebounded"
KZ.43,19.10828025477707,79.61783439490445,37.15498938428875,Relative persistent improvement
KZ.55,0.0,-7.780082987551866,-17.289073305670815,Relative persistent decline
KZ.59,18.18181818181818,58.44155844155844,77.92207792207792,Relative persistent improvement
KZ.61,1.194743130227002,14.934289127837514,-17.921146953405017,Improvement then reversal
KZ.63,0.9756097560975612,-21.95121951219512,-9.75609756097561,Relative persistent decline
KZ.71,12.505719078847033,10.675613847796248,14.996695643332822,"Temporary decline, rebounded"
KZ.75,6.068472007857443,1.6661989616949626,13.037276086244795,"Temporary decline, rebounded"
KZ.79,10.015814443858725,6.589351607801793,9.664382358109297,Relative persistent decline
LA.VT,20.066889632107024,63.7541806020067,44.59308807134894,Relative persistent improvement
LB.AS,9.005145797598626,-7.504288164665522,38.59348198970841,"Temporary decline, rebounded"
LB.BA,10.865628395508875,-27.088615236025596,-40.645498812829494,Relative persistent decline
LB.JA,39.603960396039604,-148.5148514851485,-16.501650165016503,Relative persistent decline
LB.JL,9.910802775024777,-2.4777006937561943,-36.33961017509085,Relative persistent decline
LI.01,-28.846153846153847,168.26923076923077,-80.12820512820512,Improvement then reversal
LI.07,14.814814814814813,148.14814814814815,37.03703703703704,Relative persistent improvement
LI.11,9.584664536741213,55.91054313099041,-31.948881789137378,Improvement then reversal
LK.1,4.273674961057635,0.5991133122977992,-19.57103486839478,Relative persistent decline
LK.2,-9.535160905840286,-14.898688915375448,-38.53794199443782,Relative persistent decline
LK.3,9.159697331740343,6.969334926324175,-18.584893136864462,Relative persistent decline
LK.4,29.562251279135875,17.055144968732236,-26.530225506916807,Relative persistent decline
LK.5,30.155642023346303,24.31906614785992,-21.076523994811932,Relative persistent decline
LK.6,24.277456647398843,34.68208092485549,9.633911368015413,Improvement then reversal
LK.7,23.630504833512354,16.11170784103115,0.0,Relative persistent decline
LK.8,104.34782608695653,65.21739130434783,48.309178743961354,Relative persistent decline
LK.9,10.973936899862824,68.58710562414267,-22.862368541380885,Improvement then reversal
LR.MG,-35.71428571428571,-156.25,148.80952380952382,"Temporary decline, rebounded"
LR.MO,58.751529987760094,-15.29987760097919,28.559771521827827,Relative persistent decline
LS.A,5.747126436781609,34.48275862068965,24.904214559386972,Relative persistent improvement
LT.KL,-1.6708437761069341,16.708437761069337,7.658033973823447,Relative persistent improvement
LT.KU,0.3794886390588682,0.11859019970589624,2.4508641272551905,"Temporary decline, rebounded"
LT.PN,117.64705882352942,-18.38235294117647,-12.254901960784315,Relative persistent decline
LT.SA,-9.049773755656108,-79.18552036199094,-30.16591251885369,Relative persistent decline
LT.VL,-2.2546419098143238,1.4091511936339522,7.294429708222811,Relative persistent improvement
LU.ES,35.416666666666664,86.45833333333333,63.888888888888886,Relative persistent improvement
LU.GR,9.803921568627455,-98.03921568627452,49.01960784313726,"Temporary decline, rebounded"
LU.LU,27.2008434370058,41.11755403268318,46.03760323317518,Relative persistent improvement
LU.ME,74.38016528925621,0.0,0.0,Relative persistent decline
LV.087,27.131782945736433,4.844961240310077,25.839793281653744,Relative persistent decline
LV.091,43.7956204379562,-36.496350364963504,24.330900243309003,Relative persistent decline
LV.113,40.229885057471265,71.83908045977012,-19.157088122605366,Improvement then reversal
LV.DGV,-3.452243958573072,11.507479861910241,0.0,Relative persistent improvement
LV.JEL,11.964107676969093,1.2462612163509472,0.8308408109006314,Relative persistent decline
LV.LPX,5.649717514124293,14.124293785310737,4.708097928436911,Improvement then reversal
LV.REZ,2.4125452352231607,3.0156815440289506,-22.11499798954564,Improvement then reversal
LV.RIX,-7.893164945814489,-0.2133287823193104,5.546548340302073,Relative persistent improvement
LV.VEN,18.93939393939394,0.0,-37.87878787878788,Relative persistent decline
LY.BA,20.318021201413426,62.9416961130742,31.654888103651356,Relative persistent improvement
LY.JA,14.893617021276594,15.957446808510639,35.46099290780142,Relative persistent improvement
LY.JG,57.85123966942149,20.66115702479339,96.41873278236915,"Temporary decline, rebounded"
LY.MB,68.76790830945559,35.81661891117479,119.38872970391594,"Temporary decline, rebounded"
LY.MI,56.430446194225716,72.1784776902887,52.493438320209975,Improvement then reversal
LY.SB,51.44032921810699,77.1604938271605,-6.858710562414266,Improvement then reversal
LY.SR,67.48466257668711,107.36196319018404,20.449897750511248,Improvement then reversal
LY.TB,23.87740555951532,44.54739843193157,68.8999762413875,Relative persistent improvement
LY.ZA,32.67973856209151,-21.78649237472767,108.93246187363833,"Temporary decline, rebounded"
MA.01,16.708762385855838,42.257625801437726,11.333462858623143,Improvement then reversal
MA.02,15.685431886549207,20.41254834550924,-5.3717232488182205,Improvement then reversal
MA.03,-8.018214215006928,-12.992476737279747,-22.355309179700388,Relative persistent decline
MA.04,-3.4956018452193347,-1.4326237070571048,-7.354135029559803,Improvement then reversal
MA.05,43.66666666666667,46.66666666666667,41.11111111111111,Improvement then reversal
MA.06,7.130573381989011,10.695860072983518,0.2796303287054514,Improvement then reversal
MA.07,10.249940865725774,8.673026886383347,20.23706273489448,"Temporary decline, rebounded"
MA.09,34.09822003002359,47.17992708556723,25.734505683036673,Improvement then reversal
MD.BA,-8.547008547008547,-42.735042735042754,-42.735042735042725,Relative persistent decline
MD.CU,-0.10168802115110828,-2.033760423022168,2.3727204935258626,"Temporary decline, rebounded"
MD.SN,-12.396694214876032,-82.64462809917357,-103.30578512396694,Relative persistent decline
ME.16,3.9984006397441023,3.998400639744103,24.65680394508863,Relative persistent improvement
MK.211,-3.72300819061802,33.50707371556217,27.302060064532142,Relative persistent improvement
MK.310,-5.319148936170213,-39.8936170212766,-26.59574468085106,Relative persistent decline
MK.501,-3.505696757230499,10.955302366345311,-10.224948875255626,Improvement then reversal
MK.609,5.305039787798409,-8.289124668435012,-4.420866489832007,Relative persistent decline
ML.2,-5.208333333333336,117.18750000000001,-34.72222222222222,Improvement then reversal
ML.BKO,16.84081130915796,19.668100799016596,-14.341323499282934,Improvement then reversal
MM.04,2.747252747252746,-9.157509157509157,51.892551892551886,"Temporary decline, rebounded"
MM.06,-18.43422849340009,25.034137460172964,27.309968138370508,Relative persistent improvement
MM.18,40.25617566331199,-16.010978956999082,9.149130832570904,Relative persistent decline
MN.1,-11.908058709498754,-0.9231053263177328,27.23160712637312,Relative persistent improvement
MP.S,19.047619047619044,-119.04761904761904,126.98412698412697,"Temporary decline, rebounded"
MR.08,9.00900900900901,-22.522522522522525,165.16516516516518,"Temporary decline, rebounded"
MT.09,55.776892430278885,29.8804780876494,59.760956175298794,"Temporary decline, rebounded"
MT.21,19.607843137254907,73.52941176470588,-114.37908496732025,Improvement then reversal
MT.34,9.395088181968022,26.372177352892695,6.318334157463874,Improvement then reversal
MT.39,45.977011494252885,258.62068965517244,57.4712643678161,Relative persistent improvement
MT.40,-118.14345991561181,-116.03375527426161,49.22644163150492,Relative persistent improvement
MT.60,34.88372093023256,-72.67441860465115,67.82945736434108,"Temporary decline, rebounded"
MU.MO,-4.05040504050405,2.25022502250225,0.0,Relative persistent improvement
MU.PL,18.01801801801802,0.0,30.030030030030034,"Temporary decline, rebounded"
MU.PW,17.857142857142858,22.321428571428573,-44.642857142857146,Improvement then reversal
MV.26,-7.485029940119756,82.33532934131736,119.76047904191618,Relative persistent improvement
MW.C,-8.320493066255779,38.52080123266563,115.04879301489471,Relative persistent improvement
MW.N,16.05839416058394,-25.547445255474454,9.732360097323594,Relative persistent decline
MW.S,6.01829561868079,-34.90611458834858,-75.02808537955384,Relative persistent decline
MX.AGU,1.4836795252225532,7.41839762611276,35.85558852621167,Relative persistent improvement
MX.BCN,-8.002724331687384,3.618253022305465,9.081105624609798,Relative persistent improvement
MX.BCS,15.932521087160262,51.54639175257732,-9.372071227741332,Improvement then reversal
MX.CAM,10.8359133126935,1.4512383900928794,1.2899896800825594,Relative persistent decline
MX.CHH,6.192568917299241,-8.73951258489812,4.994007191370355,Relative persistent decline
MX.CHP,16.39344262295082,6.926806742091895,10.775032709920724,Relative persistent decline
MX.CMX,-6.356863779695725,-7.768104289417371,-7.049223119776769,Relative persistent decline
MX.COA,22.53349573690621,-0.38063337393422714,24.868047097036136,"Temporary decline, rebounded"
MX.COL,-5.014749262536872,-5.899705014749262,-11.799410029498524,Relative persistent decline
MX.DUR,11.782592170277459,15.203344735841885,41.175725326238435,Relative persistent improvement
MX.GRO,26.812313803376366,20.688513737173118,40.273640075030336,"Temporary decline, rebounded"
MX.GUA,9.976488530215416,-7.943064116413547,6.142636250026477,Relative persistent decline
MX.HID,12.041218015514646,7.525761259696653,18.524950793099453,"Temporary decline, rebounded"
MX.JAL,10.491830471925024,5.909430206519035,20.18191368776091,"Temporary decline, rebounded"
MX.MEX,-1.1408803179743858,-0.9200647725599882,-10.611413710191865,Improvement then reversal
MX.MIC,-3.328525463219793,-3.0511483412848106,12.019675283849255,Relative persistent improvement
MX.MOR,-14.464890597821114,-15.105740181268882,-9.460160517562331,"Temporary decline, rebounded"
MX.NAY,11.885110597556949,1.650709805216243,21.45922746781116,"Temporary decline, rebounded"
MX.NLE,6.395939086294416,11.082910321489003,6.598984771573604,Relative persistent improvement
MX.OAX,5.427841634738187,15.16602809706258,34.58918688803747,Relative persistent improvement
MX.PUE,6.300529690549206,-0.8363534987454697,-2.1373478301273114,Relative persistent decline
MX.QUE,15.17706576728499,13.701517706576727,23.65561176691025,"Temporary decline, rebounded"
MX.ROO,11.355034065102197,28.38758516275549,41.63512490537472,Relative persistent improvement
MX.SIN,0.0,2.9299736302373267,15.870690497118858,Relative persistent improvement
MX.SLP,-4.170914820650663,-12.04930948187969,-2.62613155374301,"Temporary decline, rebounded"
MX.SON,8.570315543435918,-1.3634592910011687,0.1298532658096351,Relative persistent decline
MX.TAB,19.192587690271345,27.57555702625193,20.957423339951465,Relative persistent improvement
MX.TAM,-33.3894137440145,0.6470816617057074,63.19830895992408,Relative persistent improvement
MX.TLA,15.350877192982455,2.1929824561403506,42.39766081871345,"Temporary decline, rebounded"
MX.VER,5.537439241986094,5.537439241986094,39.274800549642116,Relative persistent improvement
MX.YUC,-3.22696306920043,-18.226365483446873,5.577467033185929,"Temporary decline, rebounded"
MX.ZAC,14.721919302071976,23.173391494002182,15.44892766266812,Relative persistent improvement
MY.01,-30.40997146718727,-26.718225959853832,-29.742537251172177,Relative persistent improvement
MY.02,-18.103367413938656,-35.87843541881625,-7.9729856486258335,"Temporary decline, rebounded"
MY.03,-22.247254294564907,-44.70571669952126,16.192621796676992,"Temporary decline, rebounded"
MY.04,-9.047860646034163,-10.992727887705058,-2.113986132250972,"Temporary decline, rebounded"
MY.05,24.738502407438155,17.84824838120538,28.501854004095417,"Temporary decline, rebounded"
MY.06,18.263183357522983,-21.165940977261734,-7.256894049346879,Relative persistent decline
MY.07,-16.17836742214852,-13.174866408697254,-31.816227504453042,Improvement then reversal
MY.08,0.2994236095516136,-13.661202185792348,-8.982708286548394,Relative persistent decline
MY.09,-0.23108030040439012,10.398613518197575,-25.996533795493935,Improvement then reversal
MY.10,-12.102039690276065,-2.5289216678008497,-10.836046176576973,Relative persistent improvement
MY.11,20.22850721108822,4.682524817381532,-6.555534744334146,Relative persistent decline
MY.12,19.08076323052922,19.50078003120125,6.000240009600383,Improvement then reversal
MY.13,18.017100977198698,8.906758957654723,2.8840933767643855,Relative persistent decline
MY.14,-5.544509458615009,-14.571379878429813,-14.751273457175861,Relative persistent decline
MY.16,6.8359375,72.83528645833334,52.08333333333334,Relative persistent improvement
MZ.MPM,-20.590424212354254,-46.204415777722645,-43.00008269246671,Relative persistent decline
MZ.N,107.49185667752445,24.429967426710103,146.5798045602606,"Temporary decline, rebounded"
MZ.S,-74.235807860262,109.17030567685592,160.11644832605532,Relative persistent improvement
NA.KH,25.416301489921118,14.607069821793747,3.895218619145,Relative persistent decline
NC.S,30.22269353128314,23.86002120890774,1.7674089784376086,Relative persistent decline
NE.4,55.71030640668524,97.49303621169918,13.927576601671314,Improvement then reversal
NE.7,61.797752808988754,0.0,159.1760299625468,"Temporary decline, rebounded"
NE.8,5.2312775330396475,9.636563876651984,-3.212187958883993,Improvement then reversal
NG.AB,5.5528335783112865,-11.024007839294462,-26.40317926942131,Relative persistent decline
NG.AD,12.149848126898412,-1.6874789065136682,9.562380470244122,Relative persistent decline
NG.AK,4.158380039775809,11.751943590670763,13.559934912312421,Relative persistent improvement
NG.AN,-0.7565011820330966,3.546099290780142,-11.032308904649328,Improvement then reversal
NG.BA,-4.110996916752313,36.8276807125728,-23.980815347721826,Improvement then reversal
NG.BE,2.1101992966002343,-19.929660023446658,-26.572880031262212,Relative persistent decline
NG.BO,-8.813281410125025,-19.471203115392502,-23.91200382592061,Relative persistent decline
NG.BY,15.410016510731978,11.00715465052284,25.68336085121996,"Temporary decline, rebounded"
NG.CR,-0.4568296025582459,-7.708999543170398,-13.133851073549565,Relative persistent decline
NG.DE,10.356454720616572,34.922928709055874,48.16955684007707,Relative persistent improvement
NG.EB,25.992438563327035,17.722117202268432,-35.444234404536864,Relative persistent decline
NG.ED,1.6349887594522787,-4.342938892295115,-18.05300088561891,Relative persistent decline
NG.EK,17.337031900138697,18.080047553001783,26.25321973449574,Relative persistent improvement
NG.EN,-1.284224585195459,-14.38331535418914,-19.520213694970977,Relative persistent decline
NG.FC,14.094495168868008,13.296693555535857,10.046390686404871,Relative persistent decline
NG.GO,40.9670920080591,68.83814640698455,15.670472352809492,Improvement then reversal
NG.IM,2.795248078266946,7.686932215234102,28.884230142091777,Relative persistent improvement
NG.JI,57.06134094151213,114.12268188302426,-83.21445553970518,Improvement then reversal
NG.KD,-5.862176488930464,-11.849080137199875,-36.58663340609084,Relative persistent decline
NG.KE,42.418772563176894,18.050541516245488,1.5042117930204644,Relative persistent decline
NG.KN,15.417602613845213,6.6367163569532375,1.5315499285276697,Relative persistent decline
NG.KO,12.896292315959164,20.150456743686192,84.18413039584453,Relative persistent improvement
NG.KT,24.26837972876517,37.47323340471092,4.758505829169636,Improvement then reversal
NG.KW,3.1394827328449693,-19.0611451637016,-16.071161608611153,Relative persistent decline
NG.LA,-2.8802115302894373,3.4232022286226926,-9.60070510096479,Improvement then reversal
NG.NA,21.216973578863087,-2.0016012810248194,90.07205764611689,"Temporary decline, rebounded"
NG.NI,8.179530201342281,1.5729865771812082,-25.866890380313198,Relative persistent decline
NG.OG,-0.30384054448225595,-10.482498784637823,-27.852049910873443,Relative persistent decline
NG.ON,11.266094420600856,-12.294349070100143,-6.706008583690987,Relative persistent decline
NG.OS,-5.953511938691493,-17.10051301539046,-18.57833512783161,Relative persistent decline
NG.OY,-11.07886167350984,-14.158289678606826,-21.473406012553685,Relative persistent decline
NG.PL,-4.485023226013135,15.217043088258851,-12.28042073789311,Improvement then reversal
NG.RI,7.627836896129578,-0.23542706469535712,2.6681733998807164,Relative persistent decline
NG.SO,1.575078753937697,-16.188309415470776,-27.4180375685451,Relative persistent decline
NG.TA,33.203125,40.69010416666667,143.22916666666666,Relative persistent improvement
NG.YO,38.88888888888889,152.77777777777777,4.62962962962963,Improvement then reversal
NG.ZA,79.71014492753623,289.85507246376807,-60.386473429951685,Improvement then reversal
NI.AN,6.833712984054668,-34.16856492027335,18.98253606681853,"Temporary decline, rebounded"
NI.LE,1.4210854715202005e-15,0.0,-50.76142131979696,Relative persistent decline
NI.MN,-5.842827928717499,-37.24802804557406,25.805823351835624,"Temporary decline, rebounded"
NL.DR,-4.554326610279766,0.0,35.78399479505531,Relative persistent improvement
NL.FL,-14.551333872271622,26.27324171382377,53.89382915656157,Relative persistent improvement
NL.FR,23.36650800519256,31.371700562527046,38.944180008654264,Relative persistent improvement
NL.GE,-5.849407362675098,3.28585130190757,2.7036734436116348,Relative persistent improvement
NL.GR,2.7993517290732677,8.997916272021214,-10.90975423235321,Improvement then reversal
NL.LI,-0.39198118490312445,4.899764811289058,-2.7998656064508904,Improvement then reversal
NL.NB,9.202800361336946,11.785794941282745,15.338000602228247,Relative persistent improvement
NL.NH,0.1147666411629686,-2.1614384085692424,-4.412139760265238,Relative persistent decline
NL.OV,-2.3220547815372954,9.95166334944555,14.69055065870534,Relative persistent improvement
NL.UT,1.009765021739647,5.464610705885149,10.1768474740035,Relative persistent improvement
NL.ZE,74.01315789473685,-12.335526315789473,219.29824561403507,"Temporary decline, rebounded"
NL.ZH,6.088039238616743,6.431996257747631,6.340274385979395,Relative persistent improvement
NO.01,40.770101925254814,24.06568516421291,4.718761796904495,Relative persistent decline
NO.02,-15.119575488842042,0.18172566693319725,5.0883186741295345,Relative persistent improvement
NO.03,14.020437880955143,15.334853932294687,7.581517420308157,Improvement then reversal
NO.06,101.79000801496126,43.41437349719476,37.403152551429336,Relative persistent decline
NO.07,-101.62916989914662,-3.8789759503491084,6.464959917248513,Relative persistent improvement
NO.08,-146.4245175936436,5.6753688989784346,3.783579265985623,Relative persistent improvement
NO.11,-2.2295360441660477,13.536468839579573,14.509679017588562,Relative persistent improvement
NO.15,10.072747621712368,15.38891997761612,35.44114903935833,Relative persistent improvement
NO.18,38.52540684158087,29.890401859847227,38.193291265360344,Relative persistent decline
NO.19,15.068015347052668,11.68468782699686,3.8367631670735958,Relative persistent decline
NO.20,14.354066985645934,95.69377990430623,15.94896331738437,Relative persistent improvement
NO.34,54.36643835616438,37.45719178082192,79.90867579908677,"Temporary decline, rebounded"
NO.42,31.928161636318286,34.92142678972313,9.561819240043237,Improvement then reversal
NO.46,11.439287388654478,13.674011564306923,10.887117778819608,Improvement then reversal
NO.50,8.786440677966102,7.932203389830509,6.146892655367232,Relative persistent decline
NP.P1,-15.214083894805478,-42.92545098891545,-26.805766862276315,Relative persistent decline
NP.P2,39.246467817896395,-133.43799058084772,-109.89010989010988,Relative persistent decline
NP.P3,5.544409207602529,13.807089077298125,-7.227148188898237,Improvement then reversal
NP.P4,1.3042060645582019,16.3025758069775,-3.803934354961417,Improvement then reversal
NP.P5,9.07715582450832,-7.564296520423602,-55.47150781643975,Relative persistent decline
NP.P6,63.58381502890173,158.95953757225433,-43.35260115606936,Improvement then reversal
NZ.AUK,2.8166160081053695,-1.2158054711246202,-9.557581898007431,Relative persistent decline
NZ.BOP,30.971574034789988,29.698769622401358,25.456088247772595,Relative persistent decline
NZ.CAN,-12.435384765434508,-1.0972398322442212,-7.071101141129426,Relative persistent improvement
NZ.HKB,30.48780487804878,20.325203252032523,64.36314363143632,"Temporary decline, rebounded"
NZ.MWT,3.241633082179779,-8.980199754687225,-33.87652590386075,Relative persistent decline
NZ.NSN,62.5,33.482142857142854,13.020833333333334,Relative persistent decline
NZ.NTL,29.220779220779217,162.33766233766232,0.0,Improvement then reversal
NZ.OTA,-9.824005959586554,-11.75621566253841,-25.607598472855944,Relative persistent decline
NZ.STL,29.126213592233007,291.26213592233006,64.72491909385113,Relative persistent improvement
NZ.TKI,54.1871921182266,12.31527093596059,-41.050903119868636,Relative persistent decline
NZ.WGN,11.033468186833394,12.215625492565543,16.46263507241808,Relative persistent improvement
NZ.WKO,5.2356020942408374,15.155690272802428,-3.903738403600625,Improvement then reversal
OM.BJ,53.846153846153854,-19.230769230769234,25.64102564102564,Relative persistent decline
OM.BS,39.70037453183521,91.76029962546818,41.19850187265917,Relative persistent improvement
OM.BU,30.769230769230774,57.69230769230769,44.87179487179488,Relative persistent improvement
OM.DA,27.646129541864138,96.76145339652449,71.09004739336494,Relative persistent improvement
OM.MA,10.597106174852254,5.774064261938728,6.793016778751444,Relative persistent decline
OM.SJ,112.90322580645162,-120.96774193548386,-94.08602150537634,Relative persistent decline
OM.ZA,-31.496062992125985,0.0,118.11023622047246,Relative persistent improvement
OM.ZU,42.91845493562231,7.153075822603719,97.75870290891748,"Temporary decline, rebounded"
PA.10,58.25242718446602,72.81553398058252,-40.45307443365695,Improvement then reversal
PA.4,6.711409395973152,-25.167785234899327,16.778523489932876,"Temporary decline, rebounded"
PA.8,17.211505140348848,63.24361788148319,92.79581071194794,Relative persistent improvement
PE.AMA,38.91050583657587,-12.970168612191962,86.46779074794641,"Temporary decline, rebounded"
PE.ANC,-55.3956834532374,-46.76258992805756,-1.1990407673860897,Relative persistent improvement
PE.APU,0.0,79.36507936507935,164.021164021164,Relative persistent improvement
PE.ARE,40.2930402930403,26.455026455026456,30.525030525030527,Relative persistent decline
PE.AYA,13.850415512465371,0.0,53.0932594644506,"Temporary decline, rebounded"
PE.CAJ,28.08988764044944,147.47191011235955,98.31460674157306,Relative persistent improvement
PE.CAL,11.261261261261263,26.276276276276278,-5.005005005005003,Improvement then reversal
PE.CUS,20.435967302452315,18.732970027247955,51.08991825613078,"Temporary decline, rebounded"
PE.HUC,9.216589861751151,46.08294930875576,1.2800819252432163,Improvement then reversal
PE.HUV,31.55818540433925,138.06706114398423,-32.87310979618671,Improvement then reversal
PE.ICA,-4.0983606557377055,66.59836065573771,-34.15300546448088,Improvement then reversal
PE.JUN,31.746031746031747,86.71369782480895,43.11189496374681,Relative persistent improvement
PE.LAL,10.989010989010989,22.275022275022273,68.3100683100683,Relative persistent improvement
PE.LAM,14.501510574018127,19.637462235649547,25.176233635448142,Relative persistent improvement
PE.LIM,19.73001038421599,38.94080996884735,-24.229837313949464,Improvement then reversal
PE.LMA,4.4681797952826,24.343569203382287,8.722741433021806,Relative persistent improvement
PE.LOR,-18.273471959672342,3.1505986137366104,15.752993068683052,Relative persistent improvement
PE.MDD,-10.81081081081081,175.67567567567568,72.07207207207207,Relative persistent improvement
PE.MOQ,80.45977011494253,57.4712643678161,57.4712643678161,Relative persistent decline
PE.PAS,27.303754266211605,17.064846416382252,45.50625711035267,"Temporary decline, rebounded"
PE.PIU,16.096579476861166,50.30181086519114,114.01743796109993,Relative persistent improvement
PE.PUN,8.349389852280027,41.74694926140013,24.619995718261617,Relative persistent improvement
PE.SAM,46.318289786223275,71.25890736342042,81.15597783056215,Relative persistent improvement
PE.TAC,26.61596958174905,42.77566539923954,72.87705956907477,Relative persistent improvement
PE.TUM,16.85393258426966,28.08988764044944,-9.363295880149813,Improvement then reversal
PE.UCA,18.050541516245488,189.53068592057764,198.55595667870034,Relative persistent improvement
PF.V,14.350453172205437,-28.323262839879153,20.14098690835851,"Temporary decline, rebounded"
PG.EHG,-17.045454545454543,17.755681818181817,7.102272727272727,Relative persistent improvement
PG.MPL,32.69230769230769,19.23076923076923,118.58974358974359,"Temporary decline, rebounded"
PG.MPM,-13.333333333333332,-44.44444444444444,-29.629629629629633,Relative persistent decline
PG.NCD,-6.8493150684931505,19.97716894977169,-20.928462709284634,Improvement then reversal
PH.00,-0.40566579899259664,6.338528109259323,19.325467924230647,Relative persistent improvement
PH.01,-22.395326192794546,-2.43427458617332,167.15352158390132,Relative persistent improvement
PH.02,33.70786516853932,101.82584269662921,163.8576779026217,Relative persistent improvement
PH.03,-2.9695619896065333,64.95916852264291,72.38307349665924,Relative persistent improvement
PH.05,-3.7664783427495294,65.91337099811676,69.05210295040804,Relative persistent improvement
PH.06,14.74460242232754,18.430753027909425,57.92522380200106,Relative persistent improvement
PH.07,9.939083039435719,-13.62616223148445,25.649246553382497,"Temporary decline, rebounded"
PH.08,-1.203369434416366,7.521058965102286,34.095467308463704,Relative persistent improvement
PH.09,-3.597122302158273,44.96402877697841,149.8800959232614,Relative persistent improvement
PH.10,-2.6315789473684204,32.89473684210526,47.149122807017555,Relative persistent improvement
PH.11,7.2,72.0,77.33333333333333,Relative persistent improvement
PH.12,1.282873636946762,-27.261064785118666,43.83151592901433,"Temporary decline, rebounded"
PH.13,23.09058614564832,79.92895204262878,103.61160449970397,Relative persistent improvement
PH.14,-16.6270783847981,83.1353919239905,98.97070467141727,Relative persistent improvement
PH.15,20.5761316872428,33.43621399176954,25.720164609053498,Relative persistent improvement
PH.40,3.6945812807881766,2.3091133004926103,13.084975369458126,"Temporary decline, rebounded"
PH.41,29.661016949152543,105.9322033898305,84.7457627118644,Relative persistent improvement
PK.BA,52.56693687054777,9.211495946941783,20.469990993203965,Relative persistent decline
PK.GB,48.87218045112782,42.29323308270676,-65.78947368421053,Relative persistent decline
PK.IS,-7.471264367816093,-18.59605911330049,-36.261631089217296,Relative persistent decline
PK.JK,51.06526885356781,54.10889414947582,-16.909029421711196,Improvement then reversal
PK.KP,15.93167701863354,33.92857142857143,32.19461697722567,Relative persistent improvement
PK.PB,13.406683663866122,30.30834516863161,18.86518026727811,Relative persistent improvement
PK.SD,-2.7204456969716717,1.9955365142456878,3.5566705219889116,Relative persistent improvement
PL.02,-4.0371087776531756,-5.760016311550616,-8.22374010262684,Relative persistent decline
PL.04,-3.9217433931993404,-4.456526583181068,-1.4112334180073383,"Temporary decline, rebounded"
PL.06,-3.1063196637865778,-2.0230233104492417,-4.176564253830693,Improvement then reversal
PL.08,25.151148730350663,29.02055622732769,10.479645304312777,Improvement then reversal
PL.10,-1.835407163486194,-3.5088666360765473,-5.758140120741001,Relative persistent decline
PL.12,1.7102650336887777,-0.22956577633406416,5.088708042071754,"Temporary decline, rebounded"
PL.14,0.8299903167796374,3.1876439702406367,3.6988698899962107,Relative persistent improvement
PL.16,16.65080875356803,-1.9822391373295272,5.285971032878741,Relative persistent decline
PL.18,10.680576254346747,4.139758238118894,12.419274714356682,"Temporary decline, rebounded"
PL.20,3.7804536544385328,-1.9252310277233269,-3.9671427237935215,Relative persistent decline
PL.22,5.202700727793529,3.653581971765118,15.10147214996249,"Temporary decline, rebounded"
PL.24,0.39718790960003164,6.801842951900545,7.778263229667289,Relative persistent improvement
PL.26,6.709451575262544,32.81796966161027,-5.8343057176196025,Improvement then reversal
PL.28,6.224234095869372,-3.2333683614905833,-2.8291973163042603,Relative persistent decline
PL.30,-3.7026011238045617,-1.3954526848509654,0.5581810739403862,Relative persistent improvement
PL.32,-4.397141857792435,0.37475640833458246,2.5816552574160134,Relative persistent improvement
PT.01,-6.044159368447021,2.004440606882941,-27.0342502364212,Improvement then reversal
PT.02,28.19548872180451,-37.59398496240601,37.59398496240601,"Temporary decline, rebounded"
PT.03,4.909824510232852,11.423849107967527,-21.065253674266362,Improvement then reversal
PT.04,19.502681618722573,15.845928815212092,48.75670404680644,"Temporary decline, rebounded"
PT.05,-0.16820857863751043,-14.718250630782169,-26.352677319876648,Relative persistent decline
PT.06,-10.256725218032184,-7.4468738484215695,-35.87806575768742,Improvement then reversal
PT.07,8.27559661277906,0.48113933795227126,-24.69848601488324,Relative persistent decline
PT.08,-7.339948348511622,0.0,7.249331702233699,Relative persistent improvement
PT.09,49.74489795918367,19.132653061224488,-4.2517006802721085,Relative persistent decline
PT.10,15.215852795470628,53.07855626326963,-26.539278131634816,Improvement then reversal
PT.11,-1.439017452269799,5.459063300035139,-7.25086313159201,Improvement then reversal
PT.12,31.446540880503143,102.20125786163521,73.37526205450733,Relative persistent improvement
PT.13,4.122479004474959,5.440446269846136,-22.579129119924804,Improvement then reversal
PT.14,35.1123595505618,-22.823033707865168,-14.044943820224722,Relative persistent decline
PT.15,15.875946095624883,-1.3845301827579837,-25.53689003753615,Relative persistent decline
PT.16,55.056179775280896,50.561797752808985,-16.85393258426966,Relative persistent decline
PT.17,-11.014389767276604,4.885414816130752,-11.251258364422336,Improvement then reversal
PT.18,2.1111893033075306,9.67628430682618,-69.78653530377669,Improvement then reversal
PT.20,-2.4356297842727903,23.486430062630482,-6.958942240779403,Improvement then reversal
PT.30,9.85869208018403,1.643115346697338,-7.120166502355133,Relative persistent decline
PW.150,17.699115044247787,-11.061946902654867,-58.99705014749262,Relative persistent decline
PY.10,99.601593625498,59.760956175298816,205.8432934926959,"Temporary decline, rebounded"
PY.11,27.118644067796613,35.781544256120526,-20.401757689893284,Improvement then reversal
PY.12,46.51162790697675,255.8139534883721,69.76744186046513,Relative persistent improvement
PY.7,23.157894736842103,-63.157894736842096,-59.649122807017534,Relative persistent decline
PY.ASU,22.428460943542145,62.35498839907193,77.98401649909769,Relative persistent improvement
QA.DA,30.169596477347,15.222401871409405,14.04703750845689,Relative persistent decline
RO.AB,5.281690140845072,48.41549295774648,11.737089201877936,Relative persistent improvement
RO.AG,-2.5141420490257698,-23.570081709616595,-85.89985334171381,Relative persistent decline
RO.AR,14.673913043478262,13.586956521739133,0.0,Relative persistent decline
RO.B,1.9355238301693973,0.1548419064135519,-1.9613308145716557,Relative persistent decline
RO.BC,8.294930875576037,-6.912442396313366,-7.680491551459294,Relative persistent decline
RO.BH,15.654019633855134,-1.9899177500663305,18.130361722826567,"Temporary decline, rebounded"
RO.BV,3.981420039814201,6.635700066357001,19.538450195384502,Relative persistent improvement
RO.CJ,2.6451294350003525,3.703181209000493,1.6458583151113306,Improvement then reversal
RO.CS,-53.29153605015674,-164.576802507837,-52.24660397074191,"Temporary decline, rebounded"
RO.CT,0.8066684592632427,12.772250605001346,15.685220041229721,Relative persistent improvement
RO.DB,4.901960784313726,-8.753501400560223,4.668534080298786,Relative persistent decline
RO.DJ,9.311606252078485,9.145327569005653,0.2771311384547162,Relative persistent decline
RO.GJ,6.666666666666666,0.0,-11.111111111111109,Relative persistent decline
RO.GL,9.125475285171103,23.447401774397974,25.34854245880862,Relative persistent improvement
RO.HD,25.050100200400802,25.050100200400802,30.06012024048096,Relative persistent improvement
RO.IF,46.16805170821792,33.08710372422284,9.233610341643583,Relative persistent decline
RO.IS,-2.0168588715933184,-5.300718829187568,-2.7580976021788968,Relative persistent decline
RO.MS,6.821282401091405,13.642564802182811,-0.974468914441629,Improvement then reversal
RO.PH,1.2484394506866423,12.484394506866417,29.130253849354975,Relative persistent improvement
RO.SB,11.516946363935507,12.3395853899309,14.80750246791708,Relative persistent improvement
RO.SV,16.642891107941036,24.964336661911556,10.302742114439688,Improvement then reversal
RO.TL,26.4026402640264,8.25082508250825,16.5016501650165,Relative persistent decline
RO.TM,4.206730769230769,3.171741452991453,2.7822293447293447,Relative persistent decline
RS.VO,3.22160283790632,3.619778469557663,-4.886700933902846,Improvement then reversal
RU.AD,-1.058201058201059,7.936507936507937,37.03703703703704,Relative persistent improvement
RU.AL,-34.34065934065934,10.302197802197805,-16.025641025641026,Relative persistent improvement
RU.ALT,9.384064152874934,-22.60706364101689,-19.05249388614002,Relative persistent decline
RU.AMU,15.209125475285171,24.952471482889734,-18.219264892268694,Improvement then reversal
RU.ARK,4.857906242409522,-21.253339810541654,-6.882033843413488,Relative persistent decline
RU.AST,5.880780539962577,-18.711574445335472,-21.830170186224716,Relative persistent decline
RU.BA,1.0732230840528807,-5.731986926191521,-26.993186659511846,Relative persistent decline
RU.BEL,7.562389715149988,5.986891857827073,-16.595244097134692,Relative persistent decline
RU.BRY,10.373443983402488,18.153526970954356,-12.966804979253112,Improvement then reversal
RU.BU,-7.105427357601002e-16,-9.31098696461825,-2.0691082143596113,Relative persistent decline
RU.CE,17.692307692307693,9.615384615384615,3.8461538461538445,Relative persistent decline
RU.CHE,-3.0546238620028747,-2.8449928126497364,-15.672416546877498,Improvement then reversal
RU.CU,23.68932038834951,32.03883495145631,-14.23948220064725,Improvement then reversal
RU.DA,-4.643206256109482,-6.720430107526882,-12.21896383186706,Relative persistent decline
RU.IN,5.347593582887701,26.737967914438503,8.9126559714795,Relative persistent improvement
RU.IRK,2.747387528823039,-6.991120051022912,-7.849678653780111,Relative persistent decline
RU.IVA,-10.799136069114471,-3.599712023038157,-12.898968082553395,Improvement then reversal
RU.KAM,-8.9086859688196,-22.271714922049,-17.322444939371447,Relative persistent decline
RU.KB,-7.105427357601002e-16,-1.2632642748863052,-1.6843523665150748,Relative persistent decline
RU.KC,26.272577996715928,30.78817733990148,-9.578544061302685,Improvement then reversal
RU.KDA,20.602327173169062,14.54483230663929,-23.043577458361852,Relative persistent decline
RU.KEM,3.263449367088608,-11.37262658227848,-9.724419831223628,Relative persistent decline
RU.KGD,9.609012591119946,-1.6567263088137838,11.597084161696488,"Temporary decline, rebounded"
RU.KGN,5.115089514066497,-7.992327365728901,-43.69138959931798,Relative persistent decline
RU.KHA,-13.712861001454394,-6.752545190110119,-19.738209017244962,Improvement then reversal
RU.KHM,18.295218295218298,-16.632016632016633,-0.6930006930006934,Relative persistent decline
RU.KIR,14.567821301392039,28.326319197151186,-18.88421279810079,Improvement then reversal
RU.KK,15.904572564612327,9.940357852882704,23.194168323392976,"Temporary decline, rebounded"
RU.KL,14.749262536873156,18.436578171091444,-27.04031465093412,Improvement then reversal
RU.KLU,-2.890173410404624,-7.707129094412331,-41.42581888246628,Relative persistent decline
RU.KO,7.164179104477613,7.46268656716418,10.945273631840797,Relative persistent improvement
RU.KOS,-1.4210854715202005e-15,59.45945945945947,-9.00900900900901,Improvement then reversal
RU.KR,5.65262076053443,23.766700924974305,-3.854059609455293,Improvement then reversal
RU.KRS,-4.178957718780728,-3.072763028515241,-45.476892822025555,Improvement then reversal
RU.KYA,-5.839032088374539,-7.101525512887953,-11.923549009293353,Relative persistent decline
RU.LEN,-10.355987055016183,3.236245954692558,-71.19741100323624,Improvement then reversal
RU.LIP,7.593457943925235,16.063084112149536,-2.920560747663552,Improvement then reversal
RU.MAG,-5.725190839694656,28.625954198473284,-15.903307888040713,Improvement then reversal
RU.ME,-11.349306431273643,-42.55989911727616,6.305170239596468,"Temporary decline, rebounded"
RU.MO,8.447984552256818,-3.017137340091721,-13.275404296403572,Relative persistent decline
RU.MOS,-9.759282486555213,-15.03410594319685,-42.21004221004221,Relative persistent decline
RU.MOW,-2.12299214634304,1.8583756181118902,-6.618779828275319,Improvement then reversal
RU.MUR,15.220700152207002,10.78132927447996,7.610350076103501,Relative persistent decline
RU.NGR,-84.98402555910543,-27.156549520766774,-55.378061767838126,Relative persistent improvement
RU.NIZ,12.710706150341686,3.4168564920273354,8.200455580865603,Relative persistent decline
RU.NVS,7.115941577652518,1.0510416991062255,-9.39449617472725,Relative persistent decline
RU.OMS,13.464297538902992,-14.623110032005297,-15.266894750395467,Relative persistent decline
RU.ORE,35.981227185816095,2.607335303320007,-2.607335303320007,Relative persistent decline
RU.ORL,26.97495183044316,9.633911368015415,-41.746949261400125,Relative persistent decline
RU.PER,13.429997623009271,9.805086760161636,3.5654860946042306,Relative persistent decline
RU.PNZ,9.166302924487123,9.275425578350067,-5.456132693147097,Improvement then reversal
RU.PRI,15.865084322298566,-2.02998126171143,-8.11992504684572,Relative persistent decline
RU.PSK,-1.1111111111111114,25.0,-35.18518518518518,Improvement then reversal
RU.ROS,4.363694065376071,1.0909235163440179,-5.950491907331006,Relative persistent decline
RU.RYA,9.439050701186623,12.135922330097086,-13.484358144552319,Improvement then reversal
RU.SA,35.69553805774278,25.8092738407699,11.373578302712161,Relative persistent decline
RU.SAK,-27.63157894736842,82.23684210526315,74.56140350877193,Relative persistent improvement
RU.SAM,12.381104203198893,13.815824432754132,-4.428148856651965,Improvement then reversal
RU.SAR,-4.382303839732889,-9.390651085141904,-10.897792617325173,Relative persistent decline
RU.SE,20.097772949483975,24.443237370994023,-3.6212203512583745,Improvement then reversal
RU.SMO,4.478566858605245,23.992322456813817,12.795905310300704,Relative persistent improvement
RU.SPE,10.417348668368943,-0.545601361820999,-6.425971594780656,Relative persistent decline
RU.STA,5.759007678676904,-9.598346131128174,-15.012797794841504,Relative persistent decline
RU.SVE,11.918951132300357,0.7945967421533572,-3.3991082858782504,Relative persistent decline
RU.TA,6.754908931794563,-5.401192364491605,-4.284490145672665,Relative persistent decline
RU.TAM,17.102137767220903,-6.532066508313539,-12.66825019794141,Relative persistent decline
RU.TOM,3.0973700512473945,-8.799346736498283,-8.259653469993053,Relative persistent decline
RU.TUL,3.021148036253776,7.552870090634441,-7.9125305711408425,Improvement then reversal
RU.TVE,1.5708451146716926,9.425070688030159,-1.5708451146716935,Improvement then reversal
RU.TY,44.77611940298507,62.189054726368155,-33.16749585406301,Improvement then reversal
RU.TYU,25.849549811211155,22.50943944234679,8.955368380288506,Relative persistent decline
RU.UD,-2.502887947631882,8.182518290335002,-16.365036580670004,Improvement then reversal
RU.ULY,-1.1788977306218686,9.578544061302683,-9.824147755182237,Improvement then reversal
RU.VGG,6.608695652173914,18.47826086956522,-15.652173913043478,Improvement then reversal
RU.VLA,2.604166666666667,0.0,-23.328993055555557,Relative persistent decline
RU.VLG,-1.857585139318885,6.191950464396286,-14.447884416924666,Improvement then reversal
RU.VOR,1.0422094841063052,4.280503238293754,-5.211047420531528,Improvement then reversal
RU.YAN,31.446540880503143,-31.44654088050314,94.33962264150944,"Temporary decline, rebounded"
RU.YAR,11.287839917906618,11.971951428082775,17.102787754403966,Relative persistent improvement
RU.YEV,37.41496598639456,34.013605442176875,-11.337868480725625,Relative persistent decline
RU.ZAB,15.659955257270695,0.0,-11.185682326621924,Relative persistent decline
RW.01,-0.9765625,-14.6484375,128.58072916666666,"Temporary decline, rebounded"
RW.03,89.36170212765958,127.65957446808511,170.2127659574468,Relative persistent improvement
RW.05,23.270440251572325,24.371069182389935,6.289308176100629,Improvement then reversal
SA.01,12.28050040169861,21.40479742912889,10.34852136654042,Improvement then reversal
SA.02,22.74106152848386,30.753781459863177,21.54856796167284,Improvement then reversal
SA.03,52.31219920485457,51.78907721280602,54.40468717304876,"Temporary decline, rebounded"
SA.04,25.239077442340147,26.720420026251638,29.626851678229887,Relative persistent improvement
SA.05,43.10344827586207,53.62870890136327,78.5217856188185,Relative persistent improvement
SA.06,65.21739130434783,88.18703855619358,73.83100902378999,Relative persistent improvement
SA.07,46.211714132187,95.37882858678131,119.11158875156725,Relative persistent improvement
SA.08,42.772861356932154,49.7787610619469,167.1583087512291,Relative persistent improvement
SA.09,35.01649327581832,71.68231413346867,89.23285122219403,Relative persistent improvement
SA.10,18.979833926453143,80.0711743772242,95.88770264926849,Relative persistent improvement
SA.11,65.13761467889908,151.37614678899084,154.434250764526,Relative persistent improvement
SA.12,91.26984126984128,200.06613756613757,95.8994708994709,Relative persistent improvement
SA.14,62.21937139191789,34.07633098139833,79.37780628608081,"Temporary decline, rebounded"
SC.05,70.06369426751593,47.77070063694268,0.0,Relative persistent decline
SC.16,12.944983818770229,40.453074433656965,97.0873786407767,Relative persistent improvement
SD.DS,5.649717514124296,-84.7457627118644,-28.248587570621467,Relative persistent decline
SD.GD,45.45454545454545,68.18181818181819,75.75757575757575,Relative persistent improvement
SD.GZ,-4.032258064516129,33.60215053763441,-33.6021505376344,Improvement then reversal
SD.KA,-11.834319526627219,14.792899408284022,-49.30966469428009,Improvement then reversal
SD.KH,-2.3973150071919447,-6.992168770976506,-10.121996697032657,Relative persistent decline
SD.KN,20.134228187919465,41.946308724832214,5.592841163310962,Improvement then reversal
SD.NR,-8.47457627118644,105.9322033898305,70.62146892655367,Relative persistent improvement
SD.NW,78.2608695652174,-108.69565217391306,72.46376811594203,Relative persistent decline
SE.AB,3.5072951739618405,4.0849673202614385,6.024295239981515,Relative persistent improvement
SE.AC,4.040857559771018,4.489841733078909,4.02214988588319,Improvement then reversal
SE.BD,0.7839448102853563,-8.231420507996237,7.578133166091774,"Temporary decline, rebounded"
SE.C,-7.105427357601002e-16,7.986738999397227,-0.9376465072667605,Improvement then reversal
SE.D,48.32713754646841,-37.17472118959108,92.9368029739777,"Temporary decline, rebounded"
SE.E,5.6205847470736865,6.187799721549013,-0.08594166279929216,Improvement then reversal
SE.F,28.05001689760054,13.518080432578573,5.632533513574406,Relative persistent decline
SE.G,-2.4630541871921166,0.0,45.1559934318555,Relative persistent improvement
SE.H,33.55704697986577,11.185682326621922,-7.457121551081284,Relative persistent decline
SE.K,-9.33125972006221,-42.76827371695179,-5.184033177812336,"Temporary decline, rebounded"
SE.M,4.604445135219149,7.285514454460678,-0.3885607709045695,Improvement then reversal
SE.N,15.58891454965358,33.1986143187067,38.49114703618168,Relative persistent improvement
SE.O,16.36664119560002,14.61624580171663,-2.073226354853423,Relative persistent decline
SE.S,24.496644295302012,0.0,17.337807606263983,Relative persistent decline
SE.T,27.121001390820584,23.470097357440892,-8.113120074177097,Relative persistent decline
SE.U,13.309352517985612,12.589928057553957,44.96402877697842,"Temporary decline, rebounded"
SE.W,22.39245727754862,32.41013553329405,42.23138872520134,Relative persistent improvement
SE.X,38.14884302689181,26.5791119449656,17.7194079633104,Relative persistent decline
SE.Y,-7.285974499089254,13.661202185792352,33.39404978749241,Relative persistent improvement
SE.Z,22.831050228310506,-79.90867579908677,53.27245053272451,"Temporary decline, rebounded"
SI.011,-52.11267605633803,17.605633802816904,11.737089201877934,Relative persistent improvement
SI.040,76.43312101910828,111.46496815286625,-74.3099787685775,Improvement then reversal
SI.050,-13.056379821958458,-23.738872403560833,36.59742828882295,"Temporary decline, rebounded"
SI.052,-28.44638949671772,-65.64551422319475,51.05762217359591,"Temporary decline, rebounded"
SI.061,-1.6677043493729435,-2.8906875389131006,3.7801298585786713,"Temporary decline, rebounded"
SI.070,-0.2359325232983366,10.02713224017931,3.3423774133931032,Relative persistent improvement
SI.080,47.61904761904761,14.88095238095238,49.6031746031746,"Temporary decline, rebounded"
SI.084,-5.411255411255409,8.116883116883116,7.215007215007212,Relative persistent improvement
SI.085,21.791767554479417,18.15980629539952,44.3906376109766,"Temporary decline, rebounded"
SI.094,-45.45454545454545,-47.34848484848486,176.7676767676768,"Temporary decline, rebounded"
SI.112,12.269938650306749,46.012269938650306,0.0,Improvement then reversal
SI.133,24.5398773006135,-46.012269938650306,40.899795501022496,"Temporary decline, rebounded"
SJ.21,-44.642857142857146,0.0,178.57142857142858,Relative persistent improvement
SK.BC,5.8031569173630455,8.704735376044567,14.701330857319713,Relative persistent improvement
SK.BL,-4.528819762122598,-3.43092406221409,8.69167429094236,Relative persistent improvement
SK.KI,3.630974434975917,0.9262689885142641,8.398172162529333,"Temporary decline, rebounded"
SK.NI,1.664447403462051,-4.993342210386151,-2.774079005770085,Relative persistent decline
SK.PV,-6.1108686163247485,8.729812309035356,6.547359231776517,Relative persistent improvement
SK.TA,6.185567010309278,-1.718213058419244,-12.027491408934708,Relative persistent decline
SK.TC,39.60396039603961,86.63366336633663,20.627062706270625,Improvement then reversal
SK.ZI,7.632398753894082,0.3894080996884735,-0.2596053997923156,Relative persistent decline
SL.S,16.94915254237288,84.7457627118644,131.82674199623352,Relative persistent improvement
SL.W,49.16067146282974,47.961630695443645,-32.9736211031175,Relative persistent decline
SM.07,83.89261744966443,25.167785234899327,-67.11409395973153,Relative persistent decline
SN.DB,98.0392156862745,264.70588235294116,0.0,Improvement then reversal
SN.DK,-2.162712295655493,-4.611665924559507,-8.693255306066197,Relative persistent decline
SN.SL,24.131274131274132,62.741312741312754,17.696267696267697,Improvement then reversal
SN.TH,32.57328990228014,65.14657980456026,72.38508867173363,Relative persistent improvement
SN.ZG,62.59314456035768,44.70938897168406,44.70938897168406,Relative persistent decline
SO.BN,28.680688336520074,253.34608030592736,344.16826003824093,Relative persistent improvement
SO.BR,166.66666666666669,344.2028985507246,84.54106280193241,Improvement then reversal
SO.WO,42.85714285714286,89.28571428571429,95.23809523809523,Relative persistent improvement
SR.PM,35.65891472868217,23.25581395348837,-15.503875968992247,Relative persistent decline
SS.EC,-46.54186167446698,-50.702028081123245,-21.667533368001386,"Temporary decline, rebounded"
SV.LI,24.038461538461537,48.07692307692308,48.07692307692307,Relative persistent improvement
SV.SM,0.0,-26.041666666666668,8.680555555555552,"Temporary decline, rebounded"
SV.SS,7.5392038600723765,18.0940892641737,44.22999597909128,Relative persistent improvement
SY.DI,-12.643224022125642,11.85302252074279,7.902015013828527,Relative persistent improvement
SY.HI,-17.964071856287426,-29.94011976047905,59.88023952095808,"Temporary decline, rebounded"
SY.HL,-53.94470667565745,20.22926500337154,-14.610024724657224,Relative persistent improvement
SY.LA,40.49844236760125,51.92107995846314,13.845621322256838,Improvement then reversal
SY.RD,-11.933174224343675,-59.66587112171838,23.86634844868735,"Temporary decline, rebounded"
SY.TA,40.98360655737705,-20.491803278688526,109.2896174863388,"Temporary decline, rebounded"
SZ.HH,26.16279069767442,-14.534883720930232,-58.139534883720934,Relative persistent decline
SZ.MA,42.42424242424242,63.63636363636364,24.24242424242424,Improvement then reversal
TD.ND,32.5,56.25,93.75,Relative persistent improvement
TD.OD,87.4125874125874,0.0,-17.48251748251748,Relative persistent decline
TG.K,64.77732793522267,156.8825910931174,47.23346828609987,Improvement then reversal
TG.M,1.2004801920768304,-3.001200480192077,2.667733760170735,"Temporary decline, rebounded"
TH.10,3.6049645511819137,6.115564863612175,4.348846125235323,Relative persistent improvement
TH.11,56.680161943319845,70.8502024291498,60.72874493927126,Relative persistent improvement
TH.12,9.56175298804781,36.52058432934927,25.232403718459494,Relative persistent improvement
TH.13,14.996894134350873,27.06540065666874,18.930990623243705,Relative persistent improvement
TH.14,71.42857142857142,153.0612244897959,119.04761904761904,Relative persistent improvement
TH.16,102.73972602739725,34.246575342465746,68.4931506849315,Relative persistent decline
TH.20,32.76955602536998,43.16420014094433,49.917782475922,Relative persistent improvement
TH.21,142.19474497681605,119.78361669242658,48.943843379701185,Relative persistent decline
TH.22,23.4375,195.3125,117.1875,Relative persistent improvement
TH.30,18.50616872290764,30.426808936312106,19.728798488385017,Relative persistent improvement
TH.31,37.974683544303794,110.75949367088606,63.29113924050632,Relative persistent improvement
TH.32,64.22018348623854,206.42201834862385,122.32415902140671,Relative persistent improvement
TH.34,14.392324093816631,17.32409381663113,8.884150675195452,Improvement then reversal
TH.40,-16.174010039040713,-25.44617958728388,-18.474623535973226,Relative persistent decline
TH.41,60.75949367088608,75.9493670886076,80.16877637130801,Relative persistent improvement
TH.42,69.3069306930693,173.26732673267327,33.00330033003301,Improvement then reversal
TH.44,21.81400688863376,7.175660160734788,17.699961729812475,Relative persistent decline
TH.46,146.85314685314682,157.34265734265733,58.275058275058264,Improvement then reversal
TH.47,67.44868035190615,102.63929618768327,259.0420332355816,Relative persistent improvement
TH.48,95.41984732824429,76.33587786259542,120.8651399491094,"Temporary decline, rebounded"
TH.50,3.070680484728848,4.523770356966606,5.026411507740674,Relative persistent improvement
TH.52,38.27751196172248,83.73205741626795,43.85964912280702,Relative persistent improvement
TH.53,76.92307692307693,96.15384615384616,96.15384615384617,Relative persistent improvement
TH.56,73.20872274143302,75.93457943925233,40.23883696780893,Improvement then reversal
TH.57,26.881720430107528,114.24731182795699,59.13978494623657,Relative persistent improvement
TH.60,44.025157232704395,110.06289308176099,94.33962264150944,Relative persistent improvement
TH.65,14.415481832543444,-7.4052132701421804,3.620326487625066,Relative persistent decline
TH.67,58.82352941176471,220.58823529411768,32.67973856209151,Improvement then reversal
TH.70,82.70676691729322,112.78195488721803,125.31328320802004,Relative persistent improvement
TH.73,86.25730994152046,43.859649122807014,68.2261208576998,Relative persistent decline
TH.76,89.96539792387543,69.20415224913495,115.34025374855827,"Temporary decline, rebounded"
TH.80,60.21505376344086,118.27956989247312,32.25806451612903,Improvement then reversal
TH.83,49.80842911877394,86.20689655172413,25.542784163473815,Improvement then reversal
TH.84,40.49844236760124,140.18691588785046,10.384215991692628,Improvement then reversal
TH.90,4.505519261094841,-9.574228429826537,-3.379139445821131,Relative persistent decline
TH.95,74.82993197278913,127.55102040816328,5.668934240362812,Improvement then reversal
TJ.DU,-33.66619115549215,-1.4265335235378025,24.251069900142653,Relative persistent improvement
TL.DI,24.63054187192118,172.41379310344826,443.3497536945813,Relative persistent improvement
TM.S,23.364485981308412,-186.9158878504673,171.33956386292837,"Temporary decline, rebounded"
TN.11,0.7419655727974224,-9.857542610022895,-11.34147375561774,Relative persistent decline
TN.12,-4.68975468975469,-5.411255411255412,-32.467532467532465,Relative persistent decline
TN.13,2.2153300841825434,7.753655294638902,13.29198050509526,Relative persistent improvement
TN.14,-7.631055076310554,20.73656270736563,-7.1886750718867525,Relative persistent improvement
TN.21,-20.990764063811923,-35.68429890848027,-2.7987685418415893,"Temporary decline, rebounded"
TN.32,40.94488188976378,86.61417322834646,115.48556430446195,Relative persistent improvement
TN.41,50.40322580645161,105.84677419354838,-26.881720430107524,Improvement then reversal
TN.51,1.8358729575913344,0.4589682393978336,-13.616057768802397,Relative persistent decline
TN.52,-6.839131727624145,-1.486767766874814,-16.602240063435428,Improvement then reversal
TN.61,-1.8513501309491556,-5.870134561546103,-15.728950299527382,Relative persistent decline
TN.71,30.848329048843187,73.90745501285348,23.564695801199658,Improvement then reversal
TN.81,15.308075009567546,36.35667814772292,24.87562189054726,Relative persistent improvement
TN.82,8.771929824561402,14.619883040935672,24.366471734892794,Relative persistent improvement
TO.04,17.857142857142854,22.321428571428573,29.76190476190476,Relative persistent improvement
TR.01,3.6141575274177464,-16.045613160518446,-33.0259222333001,Relative persistent decline
TR.02,17.999307718933885,6.057459328487367,-10.38421599169263,Relative persistent decline
TR.03,-11.93407842394393,6.156469028225043,15.154385300246261,Relative persistent improvement
TR.04,24.87046632124352,88.08290155440415,51.813471502590666,Relative persistent improvement
TR.05,38.638985005767005,76.41291810841983,41.33025759323337,Relative persistent improvement
TR.06,-26.691140445910417,-29.689408419992134,-22.80615800768716,"Temporary decline, rebounded"
TR.07,11.559561128526646,12.571839080459771,-4.245036572622779,Improvement then reversal
TR.08,11.226944667201284,6.014434643143544,13.365410318096764,"Temporary decline, rebounded"
TR.09,12.633935710858788,7.19654565808412,-6.663468201929741,Relative persistent decline
TR.10,22.703161468279227,60.47103755569701,43.49671122427329,Relative persistent improvement
TR.11,43.758043758043755,53.08880308880309,57.91505791505792,Relative persistent improvement
TR.12,45.45454545454545,0.0,-13.425393172228615,Relative persistent decline
TR.13,42.25352112676056,18.779342723004692,65.72769953051643,"Temporary decline, rebounded"
TR.14,4.554865424430642,23.29192546583851,-16.563146997929607,Improvement then reversal
TR.15,31.013094417643003,54.272915230875256,53.98575694923042,Relative persistent improvement
TR.16,1.547303271441203,2.5788387857353374,3.929659102072895,Relative persistent improvement
TR.17,4.895960832313341,17.97735618115055,3.059975520195838,Improvement then reversal
TR.18,38.06015960712093,49.10988336402701,41.94802537343974,Relative persistent improvement
TR.19,48.30339321357285,26.946107784431142,0.0,Relative persistent decline
TR.20,8.810055209679314,-18.20744743333725,-23.49348055914484,Relative persistent decline
TR.21,-23.090799759470837,-24.052916416115455,-20.444978953698136,"Temporary decline, rebounded"
TR.22,-0.7369196757553425,-10.132645541635961,-17.501842299189388,Relative persistent decline
TR.23,-6.934649741419841,-24.97649271274095,-27.62106252938411,Relative persistent decline
TR.24,37.11558854718982,16.790385295157304,10.604453870625663,Relative persistent decline
TR.25,-22.37278565883266,-16.05617898228527,-17.76178041263792,Relative persistent improvement
TR.26,-3.7713612256923987,4.124926340601061,-25.731683362797096,Improvement then reversal
TR.27,-11.479752743787056,-1.26151129052605,6.938312097893276,Relative persistent improvement
TR.28,69.77626090254077,57.8308684110732,16.432815067627356,Relative persistent decline
TR.29,11.634349030470913,-1.3850415512465375,-7.386888273314867,Relative persistent decline
TR.30,111.38014527845039,84.74576271186443,-4.035512510088783,Relative persistent decline
TR.31,8.798283261802576,19.84978540772532,8.583690987124463,Improvement then reversal
TR.32,-19.208715596330276,-1.4334862385321099,-44.6769877675841,Improvement then reversal
TR.33,18.556701030927833,10.91570648878108,15.362846169395594,Relative persistent decline
TR.34,10.40355782316799,8.456093797156248,-2.609905492949459,Relative persistent decline
TR.35,-9.237210016899677,-4.5609924719618995,-3.8408357658626517,Relative persistent improvement
TR.36,3.9398280802292263,-8.954154727793698,3.5816618911174785,Relative persistent decline
TR.37,45.107311749727174,20.91669698072026,32.13289681096157,Relative persistent decline
TR.38,-12.372286079182633,-1.3968710089399745,-14.367816091954024,Improvement then reversal
TR.39,39.90790483499616,36.454336147352265,52.44308007162957,"Temporary decline, rebounded"
TR.40,69.43268416596105,4.233700254022015,8.46740050804403,Relative persistent decline
TR.41,0.5096097845078624,6.188118811881187,6.309454474859251,Relative persistent improvement
TR.42,3.6607687614399027,4.4488509253609925,-5.423361128059114,Improvement then reversal
TR.43,-2.9620853080568725,31.101895734597154,33.570300157977876,Relative persistent improvement
TR.44,-10.75268817204301,2.240143369175627,-31.575354155999317,Improvement then reversal
TR.45,2.1922428330522763,13.069139966273188,-11.242270938729623,Improvement then reversal
TR.46,7.848392036753447,-12.442572741194487,8.933129147524248,"Temporary decline, rebounded"
TR.47,36.28601921024547,114.72785485592314,140.51938811810746,Relative persistent improvement
TR.48,32.04014668982821,39.085118702953096,15.119346329537413,Improvement then reversal
TR.49,68.66197183098592,33.01056338028169,26.408450704225356,Relative persistent decline
TR.50,32.34649122807018,56.19517543859649,31.980994152046787,Improvement then reversal
TR.51,19.060585432266848,37.44043567052417,10.778307238484226,Improvement then reversal
TR.52,41.682455475558925,23.683213338385755,44.20866489832008,"Temporary decline, rebounded"
TR.53,44.917257683215134,16.417126346204363,17.949391471850102,Relative persistent decline
TR.54,-5.591439313602622,-9.640412609659695,0.6426941739773131,"Temporary decline, rebounded"
TR.55,-8.861560719775749,8.590288452843838,15.07068149621726,Relative persistent improvement
TR.56,69.76744186046511,50.12028869286287,57.4712643678161,Relative persistent decline
TR.57,51.05513955071477,13.614703880190605,43.11322895393692,Relative persistent decline
TR.58,1.4233187047799785,-7.413118254062389,-1.383782074091646,Relative persistent decline
TR.59,30.53874963987323,9.363295880149812,21.127436857773933,Relative persistent decline
TR.60,-17.429193899782135,3.0259017187121753,22.59339949971758,Relative persistent improvement
TR.61,-11.649677553567715,-9.361348034116913,-5.547465501698912,Relative persistent improvement
TR.62,56.08465608465608,-2.6455026455026456,47.61904761904761,Relative persistent decline
TR.63,28.056569343065696,3.421532846715329,12.165450121654501,Relative persistent decline
TR.64,71.71314741035856,48.69411243913236,13.280212483399735,Relative persistent decline
TR.65,-7.769504694075754,4.046617028164455,-6.204812776518831,Relative persistent improvement
TR.66,61.459159397303736,14.869151467089615,39.65107057890563,Relative persistent decline
TR.67,1.9826517967781914,-9.293680297397769,-3.717472118959108,Relative persistent decline
TR.68,36.462093862815884,7.220216606498194,13.237063778580024,Relative persistent decline
TR.69,55.71847507331379,0.0,43.98826979472141,Relative persistent decline
TR.70,61.80871828236825,99.21925829538063,74.82108002602473,Relative persistent improvement
TR.71,9.180628873077806,-11.475786091347258,-41.31282992885013,Relative persistent decline
TR.72,33.36045565500407,48.82017900732302,85.43531326281528,Relative persistent improvement
TR.73,39.02439024390244,128.0487804878049,69.10569105691057,Relative persistent improvement
TR.74,38.257173219978746,9.298618490967055,30.99539496989019,Relative persistent decline
TR.75,24.077046548956663,16.051364365971107,74.90636704119851,"Temporary decline, rebounded"
TR.76,78.78787878787878,124.24242424242425,20.202020202020208,Improvement then reversal
TR.77,41.46341463414634,56.91056910569106,60.97560975609756,Relative persistent improvement
TR.78,28.75586854460094,4.401408450704225,4.401408450704225,Relative persistent decline
TR.79,32.05128205128206,61.431623931623946,1.7806267806267801,Improvement then reversal
TR.80,41.04104104104104,100.1001001001001,93.42676009342676,Relative persistent improvement
TR.81,12.78898180029513,2.4594195769798324,13.93671093621905,"Temporary decline, rebounded"
TT.ARI,26.28120893561104,-42.70696452036793,-39.42181340341656,Relative persistent decline
TT.POS,34.412955465587046,101.21457489878543,23.616734143049936,Improvement then reversal
TT.SFO,40.34582132564841,0.0,-33.62151777137367,Relative persistent decline
TT.TUP,17.804154302670625,-24.109792284866472,-14.83679525222552,Relative persistent decline
TZ.01,-8.038585209003216,16.077170418006432,16.747052518756696,Relative persistent improvement
TZ.02,8.678737094119409,14.028131078856802,17.956007780936705,Relative persistent improvement
TZ.03,58.530510585305116,56.039850560398506,36.322125363221254,Relative persistent decline
TZ.04,-12.903225806451616,96.7741935483871,150.53763440860214,Relative persistent improvement
TZ.09,10.273972602739725,11.007827788649706,-22.831050228310502,Improvement then reversal
TZ.14,-21.739130434782613,312.50000000000006,434.78260869565224,Relative persistent improvement
TZ.15,38.46153846153847,45.546558704453446,70.8502024291498,Relative persistent improvement
TZ.16,0.6458557588805164,2.1528525296017227,14.352350197344814,Relative persistent improvement
TZ.18,4.198152812762386,50.37783375314862,12.594458438287155,Relative persistent improvement
TZ.25,4.484304932735427,-11.210762331838565,37.36920777279521,"Temporary decline, rebounded"
TZ.26,-26.143790849673206,16.339869281045754,87.14596949891067,Relative persistent improvement
UA.05,8.035831906204717,1.3173494928204446,-26.127431607605498,Relative persistent decline
UA.07,-7.105427357601002e-16,13.008876645240282,-8.672584430160187,Improvement then reversal
UA.09,-42.41435562805873,-46.22077215878194,-22.657241254304875,"Temporary decline, rebounded"
UA.12,-1.573122085510422,-6.741951795044665,-14.794838661348015,Relative persistent decline
UA.14,-8.141664970486465,3.053124363932424,-12.551733496166632,Improvement then reversal
UA.18,17.970797454137024,-18.719580681392735,-18.71958068139274,Relative persistent decline
UA.21,5.672149744753261,24.815655133295515,-3.308754017772735,Improvement then reversal
UA.23,7.41962077493817,-0.883288187492639,-8.832881874926393,Relative persistent decline
UA.26,4.913294797687861,5.057803468208093,-6.021194605009633,Improvement then reversal
UA.30,-3.5935413378657275,0.7688883493181174,-19.815736581549377,Improvement then reversal
UA.32,24.80705622932745,-42.723263506063944,-44.101433296582144,Relative persistent decline
UA.35,18.221574344023328,-72.8862973760933,-111.75898931000972,Relative persistent decline
UA.40,-162.32227488151656,103.67298578199052,140.20537124802527,Relative persistent improvement
UA.43,-31.64315669081204,30.499428135722454,111.831236497649,Relative persistent improvement
UA.46,1.617161716171617,8.58085808580858,-6.600660066006601,Improvement then reversal
UA.48,16.186340307935254,5.921831819976313,2.6319252533228052,Relative persistent decline
UA.51,7.184305056645482,3.626692456479691,-20.26342451874367,Relative persistent decline
UA.53,23.19854847071021,-24.300155520995332,-4.7520304129946425,Relative persistent decline
UA.56,4.127579737335835,42.21388367729831,18.76172607879925,Relative persistent improvement
UA.59,13.87671633070406,14.241893076248903,-16.311227967669684,Improvement then reversal
UA.61,10.53709937070101,5.122201082979657,-9.024830479535588,Relative persistent decline
UA.63,6.57076527651107,-0.051819915429897945,-18.171517010750904,Relative persistent decline
UA.65,7.896221094190636,21.150592216582062,-26.320736980635456,Improvement then reversal
UA.68,8.408595453129866,19.464341326689503,23.876258694072458,Relative persistent improvement
UA.71,8.358208955223882,23.134328358208954,1.492537313432835,Improvement then reversal
UA.74,52.41935483870967,254.53629032258064,-58.803763440860216,Improvement then reversal
UA.77,-2.1218551076083663,6.820248560169748,-11.619682732141053,Improvement then reversal
UG.C,-2.763094666025949,-1.4015697581291047,9.744246889849967,Relative persistent improvement
UG.E,45.51045510455104,116.8511685116851,147.60147601476015,Relative persistent improvement
UG.N,19.455252918287936,55.93385214007782,58.36575875486381,Relative persistent improvement
UG.W,12.023217247097843,45.605306799336645,31.78551686014373,Relative persistent improvement
US.AK,2.284781721746226,-12.851897184822521,-9.383924928600571,Relative persistent decline
US.AL,-4.759787923800024,-4.174301482148085,3.415337576302978,Relative persistent improvement
US.AR,-12.017107526381851,-7.9029333829203665,11.31204190104288,Relative persistent improvement
US.AZ,-1.5116148264806792,-7.628381798751335,-0.6444869415227705,"Temporary decline, rebounded"
US.CA,5.288944556813002,4.529903559747369,4.583751949237935,Relative persistent decline
US.CO,8.124248890196943,4.7672479336816025,7.05123488583131,Relative persistent decline
US.CT,-5.370186363670841,-0.3602879269411935,1.8077604755294967,Relative persistent improvement
US.DC,-7.202449695465283,-0.8505887032236115,2.5956932257997534,Relative persistent improvement
US.DE,15.607256209416766,7.789069097050343,-9.36629492667113,Relative persistent decline
US.FL,0.9788955162808264,-1.1252577076218504,5.812520000209838,"Temporary decline, rebounded"
US.GA,-4.262784989612266,-6.169820379701964,-3.7467636487644658,"Temporary decline, rebounded"
US.HI,-0.301568154402895,-20.020774695081087,-8.097663405262923,Relative persistent decline
US.IA,-18.442052519253966,-21.37074324951285,-17.958770220531378,"Temporary decline, rebounded"
US.ID,10.593125642515531,11.062441335538372,4.46967326688419,Improvement then reversal
US.IL,-6.406618523744319,-5.531923755772725,-7.046152297548946,Improvement then reversal
US.IN,-9.103498376807647,-12.088810188653545,-7.2362596199686715,"Temporary decline, rebounded"
US.KS,-6.1464145914882975,-13.53377196635296,-10.35507065323006,Relative persistent decline
US.KY,-5.53029027005783,-11.229015776767167,-8.819456141335879,Relative persistent decline
US.LA,-14.070728863755145,-9.782506733848813,-12.507314545560126,Relative persistent improvement
US.MA,0.44425558216796723,-1.2642846607151639,2.145186704407905,"Temporary decline, rebounded"
US.MD,-1.0108930815233308,-5.5091311043298345,-4.786783438988981,Relative persistent decline
US.ME,-0.3611122256550175,-1.203707418850058,8.22533402880873,"Temporary decline, rebounded"
US.MI,-6.030172632739991,-11.311109014781543,-9.542330941098783,Relative persistent decline
US.MN,-3.1166793948275506,-2.0984265241112645,4.093651743758041,Relative persistent improvement
US.MO,-7.461138463240582,-7.347043204071472,0.8758827976618541,Relative persistent improvement
US.MS,-5.777348079326527,-11.79050628433985,-1.6113691921931128,"Temporary decline, rebounded"
US.MT,-8.2904990880451,-5.526999392030067,-2.4871497264135303,Relative persistent improvement
US.NC,-1.966185962667907,2.153355236378438,-0.8298443526971758,Relative persistent improvement
US.ND,-14.59076961613125,3.6007264074143657,-5.114075187342142,Relative persistent improvement
US.NE,-3.334533260074648,5.96805668706542,-7.3890225649381405,Improvement then reversal
US.NH,-2.4450664350287936,-1.7694559727182053,4.772169138543041,Relative persistent improvement
US.NJ,8.85966412766771,5.773120151333729,2.52390583231874,Relative persistent decline
US.NM,2.5375144888944585,9.280724288086212,-0.8353957165084637,Improvement then reversal
US.NV,8.578572802462011,13.464127716868628,28.97993203821247,Relative persistent improvement
US.NY,-3.1931393121065597,-3.6493020709789254,-0.9207729762423676,"Temporary decline, rebounded"
US.OH,-6.233362078662217,-12.497969080024497,-5.254354500726966,"Temporary decline, rebounded"
US.OK,-10.374212671359762,-15.702464757670391,-7.027882166822516,"Temporary decline, rebounded"
US.OR,7.738014549726628,-0.9884325154760292,-2.6169927552603442,Relative persistent decline
US.PA,-5.415615372820163,-3.223580579059621,-3.217772325764018,Relative persistent improvement
US.RI,1.8037669365325726,-0.31461051218591385,-7.550652292461931,Relative persistent decline
US.SC,0.8290746982711754,-9.378058062411656,10.963720053640678,"Temporary decline, rebounded"
US.SD,3.1461596334040083,-8.378359893304152,10.145224904817272,"Temporary decline, rebounded"
US.TN,2.8439572372248145,1.5189317062450716,5.946456041470068,"Temporary decline, rebounded"
US.TX,2.285699334287733,-2.9388897818213082,5.974340860130652,"Temporary decline, rebounded"
US.UT,2.797400063470422,-0.23507563558574962,10.637172510255175,"Temporary decline, rebounded"
US.VA,0.3496205720330438,0.549083590692921,7.649817644483689,Relative persistent improvement
US.VT,-4.382841176792856,-0.9587465074234376,5.4785514709910705,Relative persistent improvement
US.WA,11.197621441252593,11.283181108425488,13.270660877129187,Relative persistent improvement
US.WI,-5.592801568816237,-3.0441831323936483,0.401171420548,Relative persistent improvement
US.WV,6.051114116893286,3.4704919199829143,4.093400726133694,Relative persistent decline
US.WY,-8.526453869698296,-15.85045911674683,9.473837632998107,"Temporary decline, rebounded"
UY.MA,101.1378002528445,164.3489254108723,512.0101137800253,Relative persistent improvement
UY.MO,10.618617729761727,13.966997188101226,7.029746929110551,Improvement then reversal
UY.TA,37.06823925863522,12.636899747262007,-15.445099691098006,Relative persistent decline
UZ.AN,24.0,65.0,56.666666666666664,Relative persistent improvement
UZ.BU,16.06425702811245,10.040160642570282,87.01472556894244,"Temporary decline, rebounded"
UZ.FA,31.847133757961785,138.00424628450105,191.08280254777068,Relative persistent improvement
UZ.JI,34.146341463414636,97.5609756097561,-56.91056910569106,Improvement then reversal
UZ.NG,29.821073558648113,79.52286282306163,72.89595758780649,Relative persistent improvement
UZ.NW,30.92783505154639,90.20618556701032,-25.773195876288657,Improvement then reversal
UZ.QA,36.91275167785235,151.00671140939596,162.19239373601792,Relative persistent improvement
UZ.QR,12.578616352201257,39.30817610062893,125.78616352201259,Relative persistent improvement
UZ.SA,6.419400855920114,39.229671897289585,55.87256300523063,Relative persistent improvement
UZ.SU,12.903225806451612,161.29032258064515,129.03225806451613,Relative persistent improvement
UZ.TK,-3.1714336054501673,8.956363422799082,15.269865507723026,Relative persistent improvement
UZ.XO,3.1055900621117956,31.05590062111801,0.0,Improvement then reversal
VE.A,-46.930158510417385,-32.53270575205925,-31.609792113702962,Relative persistent improvement
VE.D,-70.52631578947368,-52.63157894736842,-57.89473684210526,Relative persistent improvement
VE.E,-51.85185185185185,0.0,98.76543209876542,Relative persistent improvement
VE.F,-16.949152542372882,0.0,42.3728813559322,Relative persistent improvement
VE.G,-25.41757443718228,-33.587509077705164,-51.440329218107,Relative persistent decline
VE.I,-17.341040462427745,-62.62042389210019,-25.690430314707772,Relative persistent decline
VE.K,-30.72289156626506,-42.168674698795186,-24.096385542168676,"Temporary decline, rebounded"
VE.L,-34.2902711323764,-51.834130781499205,-48.289916710969344,Relative persistent decline
VE.M,-60.45548654244307,-47.61904761904762,-44.16839199447895,Relative persistent improvement
VE.R,-67.0391061452514,-54.46927374301676,-72.62569832402234,Improvement then reversal
VE.S,-46.24277456647398,-7.22543352601156,-48.169556840077064,Improvement then reversal
VE.V,-38.56111186810192,-37.47104510151247,-51.3239769269201,Improvement then reversal
VI.C,28.368794326241137,155.1418439716312,-62.05673758865248,Improvement then reversal
VN.05,0.0,216.21621621621622,162.16216216216216,Relative persistent improvement
VN.21,59.23344947735192,174.21602787456447,98.72241579558653,Relative persistent improvement
VN.22,32.57328990228014,-21.71552660152009,2.3684757858670005e-15,Relative persistent decline
VN.26,-12.738853503184712,-41.401273885350314,-21.231422505307858,Relative persistent decline
VN.31,26.347889729202244,17.07733593559405,-8.132064731235262,Relative persistent decline
VN.32,-16.666666666666668,104.16666666666666,-69.44444444444444,Improvement then reversal
VN.33,69.86899563318778,152.83842794759823,-43.668122270742366,Improvement then reversal
VN.34,-3.4572169403630086,-21.6076058772688,-15.845577643330452,Relative persistent decline
VN.35,22.911051212938002,23.584905660377355,78.61635220125787,Relative persistent improvement
VN.37,75.47169811320755,110.06289308176099,136.26834381551362,Relative persistent improvement
VN.39,23.62204724409449,-70.86614173228347,110.23622047244095,"Temporary decline, rebounded"
VN.40,21.834061135371183,305.6768558951965,-80.05822416302766,Improvement then reversal
VN.41,-24.793388429752063,82.64462809917356,4.591368227731867,Relative persistent improvement
VN.43,20.512820512820518,-38.46153846153845,-8.547008547008547,Relative persistent decline
VN.44,20.842379504993488,32.204371110146184,16.644955854682298,Improvement then reversal
VN.45,-25.806451612903224,56.45161290322581,64.51612903225806,Relative persistent improvement
VN.46,57.971014492753625,24.154589371980677,88.5668276972625,"Temporary decline, rebounded"
VN.51,80.85106382978722,10.638297872340424,-3.5460992907801434,Relative persistent decline
VN.57,77.82101167315174,340.46692607003894,-110.24643320363167,Improvement then reversal
VN.61,12.582781456953644,40.28697571743929,75.79102281089035,Relative persistent improvement
VN.66,17.80415430267062,44.510385756676556,29.673590504451038,Relative persistent improvement
VN.69,44.0340909090909,60.36931818181817,146.78030303030303,Relative persistent improvement
VN.70,17.54385964912281,71.2719298245614,175.43859649122805,Relative persistent improvement
VN.CT,44.21891989851396,171.25770206596593,132.89839313761027,Relative persistent improvement
VN.DN,85.95098377632033,122.54055919917155,73.63939707743644,Improvement then reversal
VN.HN,30.72768560381334,35.85237617888341,28.845563715963255,Improvement then reversal
VN.HP,44.52054794520548,17.12328767123288,74.20091324200914,"Temporary decline, rebounded"
VN.SG,38.77662479519388,37.74284153858157,55.13510701932329,"Temporary decline, rebounded"
VU.SEE,22.371364653243845,0.0,14.914243102162565,Relative persistent decline
WS.TU,16.16628175519631,-28.86836027713626,15.396458814472673,Relative persistent decline
YE.AD,5.136106831022086,100.15408320493069,169.49152542372883,Relative persistent improvement
YE.AM,-27.027027027027025,225.22522522522524,-30.030030030030034,Improvement then reversal
YE.DH,12.738853503184712,69.00212314225053,127.38853503184714,Relative persistent improvement
YE.HD,64.32748538011695,73.09941520467837,48.732943469785575,Improvement then reversal
YE.HU,20.512820512820518,243.5897435897436,34.18803418803418,Relative persistent improvement
YE.IB,12.135922330097086,36.40776699029126,72.81553398058252,Relative persistent improvement
YE.SA,6.8965517241379315,16.227180527383368,33.13049357674104,Relative persistent improvement
YE.TA,44.052863436123346,154.18502202643174,95.44787077826726,Relative persistent improvement
ZA.EC,-11.183929334663057,-22.61718193474854,-11.278909626252554,Relative persistent decline
ZA.FS,-3.4147903105324935,15.473268594600363,-5.15775619820012,Improvement then reversal
ZA.GP,1.612073400788887,-6.173898130680843,-4.6875893214428626,Relative persistent decline
ZA.KZN,-6.47324910310404,-22.227421619092183,-33.536109811261895,Relative persistent decline
ZA.LP,-22.171253822629968,-16.24617737003058,-12.42354740061162,Relative persistent improvement
ZA.MP,115.46840958605665,141.61220043572985,25.41757443718228,Improvement then reversal
ZA.NC,77.70270270270271,168.9189189189189,157.65765765765764,Relative persistent improvement
ZA.NW,9.491338002211574,0.691116844821231,-16.586804275709543,Relative persistent decline
ZA.WC,0.8647878726218334,-9.410926849119951,-9.721798306598389,Relative persistent decline
ZM.02,-3.4013605442176895,136.0544217687075,17.006802721088434,Relative persistent improvement
ZM.08,30.728709394205442,21.94907813871817,10.242903131401816,Relative persistent decline
ZM.09,4.168245547555893,15.473032714412023,35.156414466759294,Relative persistent improvement
ZW.BU,16.383112791430378,18.90359168241966,32.5561856752783,Relative persistent improvement
ZW.HA,-3.419972640218878,-17.783857729138166,-12.995896032831737,Relative persistent decline
ZW.MA,39.5778364116095,6.596306068601585,-26.385224274406337,Relative persistent decline
ZW.MC,10.736196319018402,-3.8343558282208585,28.118609406952967,"Temporary decline, rebounded"
ZW.MI,22.00956937799043,40.66985645933014,14.35406698564593,Improvement then reversal
ZW.MV,-2.635046113306982,36.23188405797101,-6.587615283267456,Improvement then reversal
ZW.MW,12.178619756427604,-27.063599458728007,-63.14839873703202,Relative persistent decline
